Date,EEM,EFA,GLD,HYG,IEF,IWM,QQQ,SPY,TLT,USO,VIXY,VNQ
2011-02-01,,,,,,,,,,,,
2011-02-02,,,,,,,,,,,,
2011-02-03,,,,,,,,,,,,
2011-02-04,,,,,,,,,,,,
2011-02-07,,,,,,,,,,,,
2011-02-08,,,,,,,,,,,,
2011-02-09,,,,,,,,,,,,
2011-02-10,,,,,,,,,,,,
2011-02-11,,,,,,,,,,,,
2011-02-14,,,,,,,,,,,,
2011-02-15,,,,,,,,,,,,
2011-02-16,,,,,,,,,,,,
2011-02-17,,,,,,,,,,,,
2011-02-18,,,,,,,,,,,,
2011-02-22,,,,,,,,,,,,
2011-02-23,,,,,,,,,,,,
2011-02-24,,,,,,,,,,,,
2011-02-25,,,,,,,,,,,,
2011-02-28,,,,,,,,,,,,
2011-03-01,2549331084.421768,607967231.7354965,1722732007.0166016,52958079.627780914,57409364.41040039,3299647060.628128,3006401623.487129,15465260722.583582,607252804.9273682,721555074.861969,3130816.0,50010146.296634674
2011-03-02,2470191850.5026054,592986884.6270752,1732229126.0330963,53619600.7639122,55469714.79652405,3313273243.223648,2968203820.1441,15633409566.843836,598763091.3773346,744553735.2503265,3281116.0,50025648.08887482
2011-03-03,2458156508.304863,591629004.4831848,1780289962.0529938,55728175.34286499,53791464.39216614,3449688000.150757,3010473308.704777,15942156805.185053,589909910.1609802,760377402.3545898,3335612.0,49903338.705034256
2011-03-04,2475457377.793808,604395075.8978653,1787058128.5308838,55397164.52583313,51588420.68321228,3520259889.163475,3055362630.639534,16613391051.717682,580275638.5655594,802987468.5757248,3421332.0,50524850.70367813
2011-03-07,2426765994.260483,611585355.4034615,1785187725.1037598,54283302.045059204,48221557.14096069,3690776059.7312164,3182135797.5087357,17025652916.974792,553022309.816246,825824907.9113449,3489244.0,50259500.306596756
2011-03-08,2433981265.0618744,611942218.5998344,1812709092.8592682,51778785.81390381,47214512.56504059,3783663945.1561737,3223812892.6071167,17341900023.023224,553052476.1724854,847971525.0456406,3469740.0,51653733.34412575
2011-03-09,2389079785.5275345,609075526.755333,1765623639.8539734,49066595.629673004,46052780.119514465,3830415977.7238846,3338584384.9357033,17616920052.08618,549315614.9700165,852214651.8214203,3479988.0,51667273.943891525
2011-03-10,2365423690.8584595,622199696.6465378,1805080515.4003143,49383734.75696564,48760479.131126404,4037554916.970825,3432806701.4832497,18369528320.56671,551560489.4749832,897199884.3671539,3454168.0,51641234.96273041
2011-03-11,2304493676.683197,629997893.2287598,1823232918.4626007,49815365.73396683,49056105.02975464,4150077226.315117,3456493455.305252,18673558189.95819,546632666.1999893,927270359.3876495,3498488.0,51605892.39343643
2011-03-14,2196847724.7808266,663906198.5223389,1828901397.4537659,51854494.823913574,46871387.97538757,4216189041.126213,3515317745.659046,19138795827.072834,533950775.8870697,926896167.4513855,3464040.0,52055220.312280655
2011-03-15,2236408303.959713,722876471.8939972,1930986168.1430817,53646473.1281662,48159593.160858154,4365619902.143974,3636878935.6716156,20381421352.243195,555538025.7218933,954996229.5113236,4097520.0,54142734.12601471
2011-03-16,2313409733.87764,765533909.0447617,1954486008.004303,57007176.63795471,51560275.96736908,4622842891.192036,3953390743.5575676,22026301287.727776,608262664.5259857,985490589.1640518,5084480.0,57088225.69565773
2011-03-17,2318064559.87875,792136770.74646,1930949644.547577,57486745.37345886,51690079.48085785,4698004102.750416,4042497053.9401436,22600351534.2651,615607084.8074722,982197198.5398712,5347692.0,58190174.37031746
2011-03-18,2358533909.949169,842403987.3628998,1983200086.4068604,58729652.510528564,54243389.95979309,4805844265.844021,4170077287.7698517,23164456008.67962,618074195.9887123,1012785745.8429276,5382300.0,59513335.71810722
2011-03-21,2356523504.783745,867560698.0323219,1971222733.5279083,58872658.18740845,56322292.106933594,4839243231.412411,4195791806.957817,23262488620.22663,632232570.0873947,1009790283.8098526,5567544.0,59561232.14306831
2011-03-22,2248620947.1780014,853203070.5276871,1924005556.3837433,60811663.91216278,53658274.905319214,4785822777.601032,4052515327.848358,22733210408.645134,618167020.0536919,971770154.5475022,5311284.0,60501151.20769501
2011-03-23,2190665632.150116,850111661.2232018,1897141725.2287292,60211958.19726944,53838846.44439697,4681381705.760937,3957732573.034973,22334986284.755516,600628231.7401695,913036005.8230057,5249472.0,60035795.00570297
2011-03-24,2166585951.18145,843934534.4779396,1887427962.079544,60351205.14089584,55814736.89323425,4579142323.259029,3884811481.1094475,21833605443.27633,593121888.4614372,843850451.9064407,5504768.0,59836402.01720238
2011-03-25,2140200136.4957428,837757680.6025696,1908173818.629303,57566910.73410034,56514752.99736023,4645143593.979893,3932983722.8474236,21901149209.435806,591985506.6510963,835114803.6272964,5841004.0,61844017.042131424
2011-03-28,2113165039.1227913,821774438.6917877,1900313025.4393005,51292615.536346436,57389198.32458496,4621444674.33466,3896741649.0971184,21733245728.43731,575049573.9160347,833614605.5475006,5978168.0,61909211.46109581
2011-03-29,2097154443.7248802,809720614.5818901,1822068676.0836792,49960998.36133957,59097330.72040558,4527598705.863209,3787992346.504574,21099205716.447487,570213941.1133957,805892715.3895493,5901024.0,60573572.61072159
2011-03-30,2119300431.991005,801497184.7032356,1786623920.638733,51137155.65282822,60264029.994277954,4470739796.154919,3747020963.3569336,20788537091.66088,560192077.6449013,766445583.4643052,5976352.0,59729565.77732086
2011-03-31,2143965411.6083717,811169272.175312,1779287750.5219269,49773847.696056366,61865513.25790405,4348032683.104,3709304808.021984,20563851874.944878,558058594.7449112,756434079.4935745,6149732.0,62335654.472436905
2011-04-01,2177442877.1850204,805065156.7740822,1767211385.2937317,50289861.44842148,63291050.0989151,4313290192.297916,3722493913.1326866,19949501680.34599,554226759.5530701,730193154.5650955,6492028.0,66344958.27245712
2011-04-04,2180226007.32296,810707006.3898087,1736644266.4616394,54569788.39832306,64628902.693099976,4160163544.83778,3598197529.9694443,19378559896.969757,545658151.5836716,697213305.6240997,6648084.0,65471336.23600006
2011-04-05,2196826029.981079,812691308.7858582,1791816513.1758118,55299319.73825455,65433510.35568237,4091069108.8635063,3579955261.3695335,19112748238.4441,550725049.8783112,676165837.3914582,7059696.0,63946902.520484924
2011-04-06,2242072243.542595,814975569.4755936,1807166063.6909485,54519675.08310318,66191071.305770874,4125430472.707424,3492716391.794567,18953014420.64823,551380086.1528206,663708246.8885742,7464988.0,63863949.99052048
2011-04-07,2180667413.010845,799129347.3052979,1767585390.8115387,54667680.86307526,63374991.414260864,4015790299.687023,3392149665.9435463,18333254291.391296,538692659.2193222,620849089.1839081,7885456.0,64024184.34202194
2011-04-08,2154748023.5529137,790103097.5235939,1789894057.2795868,54985874.09763336,63032243.47949982,3962462811.8367195,3297022410.8916283,17961188648.771515,535996575.38520813,594374927.0808563,8471244.0,65462727.82659531
2011-04-11,2149220166.3825607,752587927.4350357,1790875735.9587097,53866868.49805832,61537018.78147125,3909281159.5495033,3221414389.042263,17412928641.95122,532722553.1599426,599850044.2361221,8856936.0,64962847.508010864
2011-04-12,2107771616.5368652,702376753.939743,1736836294.6022034,52636650.04167557,59462394.92984772,3830944445.70776,3100065672.5479126,16463832362.593761,510650337.7450371,585091960.8993027,8906720.0,64327875.25158882
2011-04-13,2031515698.9678001,659652164.350853,1744114975.6867218,49346583.11748505,56343563.41644287,3699848844.143944,2806371932.0147133,15027914114.604223,460426600.00551224,564977165.8800583,8414432.0,61388184.59182739
2011-04-14,2021011036.7909813,633687471.5269852,1783593325.550003,49212375.73200226,57624743.65383148,3692884420.868492,2713705968.8941574,14601383512.11056,451270471.6720772,555544317.2166901,8565468.0,60832815.35993576
2011-04-15,1985208192.1411705,580974734.3830299,1793574800.0092316,47981255.373744965,55467928.21178436,3649460037.2130203,2657430972.7451706,14334170282.011414,460104354.4516945,525904318.38352966,9098484.0,60176359.25764084
2011-04-18,2064316621.6942215,574764913.7122726,1824490261.228485,49544751.80940628,55040440.531806946,3678074929.2611313,2688010661.7199326,14622209112.548828,464740314.3926811,522849277.0795914,10132660.0,60808312.021217346
2011-04-19,2088396307.8439713,565767198.8422585,1837965561.1606598,47083116.029109955,54900901.04263306,3613099000.3232956,2695978564.1791534,14605715382.13234,459957944.4795799,504735419.02043307,10735736.0,58219789.880542755
2011-04-20,2087431682.8751373,565666667.7424622,1857457926.27388,47035177.20659256,54932214.64134216,3582464890.7505035,2719552130.5703926,14663551690.859299,455114865.0843239,498532109.920256,10962508.0,57936175.80623627
2011-04-21,2050412853.969078,563357309.8773956,1813178043.2118988,46482122.30255127,53512698.51104736,3511346847.6665497,2658506491.436634,14562491708.63655,436887186.1561012,486723320.00412446,11354752.0,58533852.78494835
2011-04-25,2034132448.1914902,562299240.1344681,1835860577.1272278,47484027.29812622,53684151.95526123,3330476570.377083,2538921773.9678,14117382813.844183,428605198.89701843,475272620.5290176,11149932.0,57073038.89168739
2011-04-26,2043825860.7523537,562549616.1083794,1901395271.6523743,46973795.368270874,53323715.23101807,3371953950.5921173,2572550369.297085,14323103371.902044,439569893.86548996,462818639.51705474,11278312.0,58703395.56426048
2011-04-27,2056022103.4192276,567485157.5812149,2021263175.5736542,46461425.9564209,54487519.282073975,3389684084.937439,2599029550.0997734,14410601417.841528,447122263.80155563,474159215.6660522,11527572.0,58239683.49705696
2011-04-28,2016510534.1275024,581152764.5008087,2102200433.258133,44181365.47546387,55205324.03461456,3398062941.8271255,2610731601.556816,14370497005.714417,456717648.2149124,485375407.454895,11612044.0,59327744.092969894
2011-04-29,1957454647.8654861,575524402.0546722,2205986517.1551514,43961083.56027603,53049040.78929901,3399730186.513481,2600955624.519367,14299007719.84169,445926441.64575577,472383919.2348846,11613728.0,57208010.08406639
2011-05-02,1903090687.45718,584190537.9720306,2277647635.018387,43061043.33372116,51649691.235313416,3400722196.4949417,2554085318.026333,14173537410.970459,438522380.3286743,467414745.4323791,11609996.0,54682749.31633949
2011-05-03,1967883042.7230072,575493232.0454025,2391401129.9037933,38595846.63722992,54324803.22566986,3447385820.495796,2529960104.3992615,14378097667.797089,445060176.039238,480686340.0074417,11644468.0,56414838.13241005
2011-05-04,1986777250.7634926,584421347.8853226,2520776606.862488,37872073.06844711,55721346.40022278,3509007032.4658585,2527766603.113022,14704293894.876291,438190990.09311676,490694669.0991806,12012200.0,57170947.43689537
2011-05-05,1998741812.1918678,606494734.5499992,2812415755.6777954,38801910.76122284,55956394.102630615,3613399486.8068314,2587863361.589203,15247754369.272345,441363434.12057877,586842706.8266815,12668376.0,58279825.68148613
2011-05-06,2071668600.5514908,623235319.2879295,2920501251.5733337,38448808.299217224,57034910.31150818,3632617007.235298,2621443073.759613,15520446083.789825,443484229.8622513,647872972.8613968,13263340.0,59236695.83764076
2011-05-09,2057440511.588173,632816783.7272644,2928297413.152008,37378876.61785126,56989119.05570984,3572189865.7104874,2617606877.6712418,15356746807.598724,432824468.2047272,664877494.6650604,12992288.0,57312693.9599514
2011-05-10,2059952930.20895,644150792.3965454,2939678324.816437,36762711.77511215,58041134.88418579,3585099301.8151093,2610720723.8253403,15338408601.30749,432858115.58841705,664899704.9337494,13302608.0,58079835.692043304
2011-05-11,2075436971.2457466,680333397.1226501,2990477099.2337036,36102529.026699066,56627569.18716431,3668577164.209137,2645549575.3455734,15523032590.452612,428954248.1848526,682174765.5081543,13317904.0,57840966.12150192
2011-05-12,2103755827.7575493,695160492.4626541,3029253167.8411865,36131701.07810974,56590511.57886505,3675467590.9440994,2692248187.2169876,15594444583.321802,429939268.9660263,711791643.96427,13535600.0,58330647.947502136
2011-05-13,2143230507.4752617,705893686.8798447,3053076346.7874146,35200420.79345703,54841278.10482025,3732337561.0798264,2721638857.6291466,15590384551.853027,433336050.24974823,731074832.2397476,13609416.0,58518137.399253845
2011-05-16,2168948915.6691933,714550925.7855606,2987567473.211975,34981003.94422531,53921066.41139984,3780119390.7162476,2735422773.051567,15453661137.997473,421428509.122715,735831573.9266754,13854616.0,59823993.377075195
2011-05-17,2109445029.0198708,710653887.6461601,2985464672.3340607,34915743.11056137,54291264.77535248,3839505090.473442,2724434132.7929688,15382710943.588755,416070618.3906746,750873298.9754013,13536716.0,60710791.569252014
2011-05-18,2105582838.409481,713207137.4859619,2982028386.899338,34530423.854465485,55211869.07260895,3917234680.044365,2736387783.7821007,15453460524.03034,424001308.7143135,765239246.0828598,13672540.0,61160203.45726013
2011-05-19,2081057065.9044838,701943974.4196701,2940527237.677994,34544720.03030777,55303893.43463898,3936405641.8274307,2654774072.525749,15274296788.00224,428700136.59742355,764426075.7120712,13951748.0,61050437.70969391
2011-05-20,2128205671.2727356,712173963.2203674,3037353742.020111,34368268.12200546,55359652.058906555,4021086956.276779,2656307104.2987823,15511639825.207022,436006777.59542465,792318831.6645187,14361356.0,60483245.17326355
2011-05-23,2167304735.4276276,727597448.3699989,3040624354.286957,34825451.27285004,55776868.09955597,4108404398.3605957,2700258360.1384735,16027160712.06604,444752171.7438507,810233696.2514083,15146552.0,61109951.26951218
2011-05-24,2173628427.6280975,737472575.2552223,3033112713.594818,35287416.85235977,56225303.97705078,4122440769.4919586,2670391129.1360474,16014274347.958069,439265281.6565132,823710041.420488,15506040.0,58750206.49808884
2011-05-25,2136728406.5102196,735357070.8751297,2950920664.148178,36614768.441734314,56219480.1682663,4166833690.0940323,2626815520.194206,16036916089.484177,430173850.81323624,835016224.2326081,15372084.0,57964642.67829895
2011-05-26,2134889091.7054558,730796549.9568748,2867972783.645096,36791037.579250336,55717281.9172287,4189754409.3153763,2603754906.622181,16225677901.50791,431673656.9883156,833815489.4391632,15471964.0,55806829.06459808
2011-05-27,2132779466.1455727,728295132.3588943,2733945895.8290863,37637768.54320526,57510229.45163727,4204186626.4931107,2563514455.1828194,16242567814.243855,430642771.978817,833671444.0931976,15760380.0,54436815.29380798
2011-05-31,2143673656.9522285,755865747.4177933,2631301974.6469116,39634386.75163269,65491041.37023926,4301375006.337547,2560797422.6514435,16434417847.860529,436597941.16880417,827116241.6707519,15727520.0,53212313.25017929
2011-06-01,2091513533.419342,775580526.711731,2587488121.397705,41835413.30951691,70339338.3814621,4379369403.075371,2592382976.324234,16891311703.058203,457446791.38433456,816320037.9899933,16212220.0,54527874.19780731
2011-06-02,2015739438.835125,776240060.8330536,2429476705.8973694,42258044.27204132,72426336.56158447,4376101590.839958,2581882275.9207535,16959214385.752375,483983782.50183105,816279705.8877716,16367224.0,55283035.94400406
2011-06-03,1953124716.120472,767780026.9762039,2156277599.936676,41933126.92428589,74699781.40838623,4318306137.237167,2540158785.201149,16970379852.580145,487654937.48182297,720253708.5578353,16250816.0,55262732.94473648
2011-06-06,1879687247.1503258,751263465.3794098,2066913753.1959534,43271549.803123474,75022376.70211792,4265797010.4626465,2477277065.896988,16715226903.062323,485812099.2412758,659897347.8820527,15719728.0,53411949.06621933
2011-06-07,1894655615.4372978,763116267.6200676,2041084428.1850433,43992333.69976044,79081918.40389252,4297724732.897491,2487565008.74197,16924464754.553106,497534374.8369789,632632742.4895966,16040992.0,53847050.90631485
2011-06-08,1906124103.3520699,767013244.8579979,2029632807.7056122,45762323.01460266,81980357.17754364,4360568485.440712,2501549170.2498436,17303452264.547955,504210263.6167717,637180795.1773742,16248028.0,53464741.110630035
2011-06-09,1833324527.0956993,731681033.6977196,1930532019.4491577,47475735.15415192,83437074.45156097,4271492854.0237427,2452339502.9644012,17104975235.59486,516867902.7109909,599342774.0642456,15946576.0,52816044.17215347
2011-06-10,1814398871.561985,733326344.6348763,1885365203.2694244,52752488.64074707,84782802.27233887,4223436291.8654633,2409804788.4716415,17383014017.00111,516751460.41130066,562636364.495395,16544728.0,53621009.54946518
2011-06-13,1737048588.0215836,742189146.5022469,1855594605.828247,54564754.18395996,86615954.76657867,4160569670.706444,2337620713.68042,17589615714.974556,508279035.5799103,546388958.7046235,16774456.0,54008948.91582489
2011-06-14,1693725275.3407288,736482669.4859505,1863735411.2345123,55932550.39455414,91821426.03366852,4145820021.317253,2252097075.676098,17662037454.51145,516437319.58862305,533464524.69103545,16397976.0,52315635.66669464
2011-06-15,1702981198.153057,750436135.8113861,1847806194.460144,55152344.459495544,93158821.05464935,4173942708.852997,2233266240.800915,18142284720.800743,526672909.66884613,533368005.14729154,18630448.0,51503041.04318619
2011-06-16,1726694135.6365013,764692120.6598091,1853539277.4284363,67175326.44733429,97326412.38513947,4249593852.885742,2282703501.531067,18946464935.745964,537663706.0689926,522209493.1844864,20827624.0,52624840.07480621
2011-06-17,1762937477.2558403,785079465.22192,1938545503.6941528,72473927.23770142,98366510.47626495,4317656895.08316,2359538971.5590286,19469712237.681465,543174743.528328,519793084.5799866,21652668.0,53501876.59763336
2011-06-20,1727042515.492878,779858809.0039635,1846037523.2367706,74420629.57874298,98777382.61569977,4300176115.751724,2335195453.424282,19319532858.344345,546768026.8196106,489783239.2809143,21698368.0,54433111.55128479
2011-06-21,1709234501.2931633,774528411.8007088,1822001437.5611115,76352934.51999664,99309733.34495544,4381576746.450577,2361768169.072933,19428426431.82415,552057804.0766335,475062643.7907257,21567532.0,53733355.63920975
2011-06-22,1698521599.9183464,781254925.9807014,1817466458.3235168,77987566.31227493,101021587.3084259,4365013421.038551,2353007906.327896,19559348099.06933,552070396.8414879,465268022.99244386,21795028.0,57314007.178668976
2011-06-23,1730859890.9513664,793196838.217411,1920399915.7650757,81050897.52132416,100832302.50190735,4467172233.16658,2446289964.746399,20442222163.621178,561781312.1533775,471649947.1234024,23133892.0,59209043.586330414
2011-06-24,1723884209.7582436,792261941.1050415,1989030707.5665283,82240971.68794632,101559918.62068176,4532188150.988388,2479174459.9982643,20705608159.638977,560901749.5256042,468551552.4837387,24015696.0,60739134.16399002
2011-06-27,1746484421.8571663,790680066.1297798,1997328615.8922577,82012922.97775269,102460430.15396118,4541317212.012863,2524600219.2240143,20918550863.562542,573176217.3081207,466552021.8429642,24426456.0,63191621.76740646
2011-06-28,1721266021.2371254,764636914.6924019,1983219361.6334534,81208853.40797424,96922624.12631989,4453848365.71785,2518705335.7670403,20893402452.77954,590355207.4479103,463416765.1340958,24524544.0,62383213.56613159
2011-06-29,1720927014.4927216,771025535.185566,1938465929.3473816,80513867.52794266,91207893.31157684,4411698340.312424,2550852809.170971,20945160855.202484,583804676.3972092,468350478.6825226,24842024.0,61008394.77071762
2011-06-30,1733299529.6438217,792983052.4661064,1929556326.8473816,83168215.66682816,91867162.01862335,4397600235.163116,2551155804.8610115,21067844244.892616,570032938.3153725,455502604.1158859,25478628.0,60749536.984062195
2011-07-01,1737420536.6881561,785376304.894104,1953469491.9343567,84404679.64185715,93138842.93399811,4364562007.856522,2543812393.91613,20939050298.299793,556860710.294838,450541378.1448883,25291500.0,60629320.8257103
2011-07-05,1740051320.8939362,788557833.7259483,1950399688.0386353,85634200.63545227,99312065.1027298,4323704173.058434,2531167953.220482,20904393866.822742,543600579.4727707,445761849.53461,25170940.0,61589678.25771332
2011-07-06,1738441924.3416595,768124703.4616852,1982111354.8725128,87609159.69686508,97621459.16069031,4331339812.662125,2544328719.005718,20845148234.364624,537842426.0166168,442076791.08382416,24767548.0,62355002.61745453
2011-07-07,1717498558.1439972,763757924.7341537,1981111033.6403656,89730706.58708572,96924532.341156,4353622760.53154,2574092806.0331535,20756182459.466625,535464605.92868805,432296406.5591202,24195148.0,62521478.07273865
2011-07-08,1735247954.6344757,768213851.1974716,2026211053.7233734,90370700.66202164,97842942.87769318,4380332620.245132,2644144978.696556,20962060430.57434,542030811.9664383,431899326.4785156,24504544.0,63656718.99543762
2011-07-11,1730221723.719654,770397654.1368484,2089072955.1887512,86731129.9338913,98351619.79370117,4355650621.005478,2648043886.5953827,20791418896.29173,548556268.9827347,425116501.68823546,24297000.0,63655796.33571625
2011-07-12,1746012089.26651,754016581.4905357,2176682931.9480896,85600947.55973816,99075128.14323425,4385697849.529762,2769876039.681034,20861644017.42813,560027140.0382996,421951792.27565765,24524720.0,64362640.601005554
2011-07-13,1768570395.4852104,764780599.9719238,2298458749.3953705,85258497.67902374,96247258.8053894,4440757178.249855,2880462177.582226,21101316675.0885,574975522.0020294,425827378.02888644,25168136.0,65611842.594184875
2011-07-14,1747488718.5668564,761346879.9002838,2326069015.035019,84331746.47520065,94879977.4923706,4465267877.597847,2987691792.6926994,20777420403.771973,569966157.381382,408178454.95301974,23728064.0,65677548.76371384
2011-07-15,1698537784.2201233,759992408.3276939,2387034398.0464935,72052112.46782303,91086888.54858398,4459950418.252602,3004015502.4983597,20391643434.501343,557397396.8860435,407030782.93485415,22172984.0,64924396.57651901
2011-07-18,1675576042.5097656,761935482.2210693,2377182589.1765594,69497297.57930756,90698826.40731812,4401240081.726837,2988246514.940834,20240899438.464355,552538602.3256493,398795354.38196564,21900400.0,63960860.2460289
2011-07-19,1673356688.8648224,770618035.100708,2475556708.4030914,68256604.39886093,92271262.33161926,4420487982.161789,3090428227.31905,20307771846.88221,580271969.7019768,401324979.46497345,21838460.0,63058118.24865341
2011-07-20,1642642462.5891304,767263954.8020172,2495367124.629822,65681768.86209488,91195848.50364685,4307998137.679977,3101768771.2532997,20046179721.93344,585842584.3741226,397416418.1566696,21821856.0,63378920.82845688
2011-07-21,1654490304.46249,779742272.9537201,2531466048.4911346,64320382.71402359,91520133.57143402,4343315014.718933,3194798930.4756165,20439681704.011192,603210552.6189423,398359980.6151077,22024920.0,60039004.361019135
2011-07-22,1604684075.4914474,760898690.0489426,2435830359.2668915,59807353.63492966,89933433.00762177,4159495164.713745,3112744846.97361,19443935781.26812,591511884.1614532,362548151.56112975,21045524.0,57869926.14740372
2011-07-25,1587774000.8406067,756589251.3889313,2397235009.38118,59152684.46763992,91812135.07461548,4087999184.6087265,3106071304.7241974,19045046818.911896,600169178.567791,348845951.2877289,20794448.0,59034853.894844055
2011-07-26,1548958278.0637932,753260423.1229782,2405268889.8667145,58083322.85158157,89948826.56936646,4095800859.0750885,3091984520.2240944,18887352814.72576,595081984.8864937,353387603.1034012,20877088.0,58086990.14137268
2011-07-27,1564386883.6434364,769791857.3310089,2484624511.7794037,57500258.71379852,89111516.8264389,4234152809.637184,3190388562.5297546,19312247740.26222,591102912.2788429,355485845.4506729,21925372.0,59014008.567409515
2011-07-28,1546083265.7911491,748263465.6629753,2481149429.766159,55418500.444488525,86708071.74945831,4225698961.5227127,3184636617.422943,19125751449.040222,579220028.2627106,335644472.57462007,22060244.0,59600315.30239105
2011-07-29,1549093573.918419,742666933.5638618,2524270994.618149,52818218.51799011,85689408.56632233,4328077633.620262,3269546882.941475,19518891398.398705,606649658.4628296,334623240.65604246,23262596.0,59687286.897296906
2011-08-01,1553864776.1938286,757894486.2589836,2522586629.466629,51138465.79750061,87612435.04444122,4411567198.639183,3350800191.979332,20089237890.421333,632891435.7099915,341079601.4030365,24956312.0,61085170.306453705
2011-08-02,1586091124.8364067,769963222.9430771,2635458220.600891,49174788.221473694,85827737.09384918,4545543000.595703,3465071578.926544,20907120352.61654,688521911.9224548,343505618.0942108,26204948.0,63505343.91134262
2011-08-03,1610696176.7175102,810623668.2333946,2752142327.4874115,49891375.20980835,88481020.25196075,4711085132.622261,3597188347.679901,21966472971.418877,742104410.6794357,354636578.4311737,27495220.0,68280711.66564941
2011-08-04,1740099774.7637749,847558137.1954918,3005474787.0106506,51048528.5908699,94313481.32549286,4859154926.528053,3770723949.790344,23485209296.75312,839495640.2513123,374312577.71620023,30367060.0,72642433.83922577
2011-08-05,1891002992.6191902,920670053.7171745,3101422894.5106506,56432347.25725174,100841134.92256165,5192478630.683556,4096642348.604431,25506697974.786034,942193947.7507782,394854841.92026365,36743036.0,79625879.25899506
2011-08-08,2040741508.8223362,959656368.0674362,3305771389.756012,64410940.19958496,115774257.849617,5441208501.2397,4419072007.604961,27541285485.262676,1044398843.6429214,422973052.34260786,43439872.0,88653539.18327332
2011-08-09,2248857613.9325333,1021853650.2767754,3592323545.773697,71290916.67879105,125441816.24988556,5809220753.146248,4657983900.361023,29696509262.491493,1154732129.3775177,451115658.5816406,46891712.0,96941377.47051239
2011-08-10,2321746875.5461884,1049208140.4381943,3780271152.4791718,75479063.31682205,131396468.83579254,6030065768.758965,4908939416.56786,31520644557.981457,1279035785.849533,469218744.70177156,47542048.0,104635036.50144577
2011-08-11,2413499754.3217945,1063586089.7785378,4070092232.4419403,79344993.73991013,136674347.4740219,6067092101.34985,4996682199.1378975,32582464387.695545,1371924134.9947739,484737373.293042,49240928.0,108512859.90541458
2011-08-12,2450870782.575197,1070453506.2463951,4175258823.04039,82245138.60502243,137959854.88555908,6058257458.808537,5036076801.255131,32892928484.059834,1403830880.8332062,485300001.7070206,50033464.0,112007259.08844948
2011-08-15,2474124888.925829,1063338988.8755226,4194014817.581711,84331295.72418213,138495215.30456543,6037939680.580578,5061286448.878803,33104305672.769356,1412788946.4266586,487084888.1124557,50280748.0,113991226.2635231
2011-08-16,2504119329.666853,1064309459.8317337,4188095470.0940704,87691749.9800682,141737428.0367279,6075769827.994041,5081470217.34457,33605994896.797558,1420094190.82016,493769137.99008024,51752220.0,115864480.62314987
2011-08-17,2522741919.2239094,1070450989.5459366,4218257888.1748962,89138468.26337814,142179593.23307037,6131041402.560005,5133192384.403553,34002045813.736458,1446271502.9971313,503230991.78961027,53038120.0,116763827.14971542
2011-08-18,2599294014.4490147,1072242076.6317368,4302344522.645416,91698117.48670578,146261201.31549835,6213936891.54171,5242378224.346104,34991116447.80769,1510767607.8881073,516353898.9736992,55459904.0,119605282.61856079
2011-08-19,2648240021.820936,1096538132.844162,4523019292.724686,93881490.84451675,145975406.60160065,6359584999.306374,5340605301.898441,36192416444.34776,1552703373.4004211,533230392.6134163,58269072.0,122345735.55055618
2011-08-22,2666793853.3479786,1104522214.3113327,4674114161.379471,94943322.4567604,144010894.43649292,6382575873.565292,5382851728.184109,36680994080.42061,1566905318.176155,548980798.372886,59430688.0,121066193.50791931
2011-08-23,2725356583.432293,1118079571.576004,5072488842.962799,98704871.45410538,146999300.37696838,6466443240.820751,5449467672.528973,37489527194.34059,1600563442.2375107,560535993.257415,59585656.0,121972839.12073135
2011-08-24,2703678278.899193,1092650537.0342255,5535472016.203308,101214441.68241501,147290630.1047516,6339442630.587711,5420828845.384274,37360047353.1451,1616532938.4592056,562023485.2165092,58909084.0,123677481.25736237
2011-08-25,2710107039.06435,1090074124.0289688,5818975419.360428,102982344.10255432,150112153.42292786,6342097168.3870125,5477962769.537048,37715035731.3271,1631628988.9235306,571590260.8677162,60479880.0,123252616.39169693
2011-08-26,2736666733.295307,1080437284.397087,6026621892.368851,103672584.61948395,148446400.19844055,6276064363.350124,5480570413.830795,37614874482.34444,1609746595.4219437,578002215.2039589,58708640.0,124203837.47825623
2011-08-29,2724876899.817486,1062893656.2385178,6129377310.24292,105835988.24583054,144015487.42347717,6130737214.670124,5374297526.031857,36893740897.71901,1586948416.6432571,564743511.7572731,57295956.0,122874311.67401314
2011-08-30,2681783589.318695,1045106472.4152756,6143169845.208817,106692909.27722931,138360949.94552612,6032616203.254719,5298539586.932449,36350796389.07097,1551187400.596161,561762695.7214088,56672872.0,121830815.45282364
2011-08-31,2675770571.2898254,1029339137.0671272,6061166771.296692,108264870.73236465,135406605.35259247,5878926153.302078,5187306096.024246,35970680277.49657,1523114198.3187103,552579749.9468071,56748120.0,119067155.05264282
2011-09-01,2577039911.901703,997722574.7822762,5860411828.786545,104911500.12641907,131002186.3778305,5743003605.382004,5008279698.442764,34748240433.31123,1443165232.6737213,521243347.2386421,53933392.0,118743973.54171753
2011-09-02,2443124091.962471,930230591.2676811,5844252112.405319,99480515.22613525,124322140.28209686,5414846884.60392,4638290066.812744,32881344263.495106,1364083494.4605637,503295227.951017,47656608.0,113666750.28305054
2011-09-06,2293608466.961336,888187589.6912193,5761601461.771011,93323653.13184738,109865742.00553894,5162075370.200977,4307312774.824162,31134853038.84026,1283545601.0557556,474296597.0676605,41006092.0,106262641.05977058
2011-09-07,2083494683.243885,824042661.5973091,5563816925.985336,85418202.28704453,99519078.7512207,4772591093.880825,3973681637.4870872,28865529764.997597,1186730234.2264557,443655052.30575484,37344184.0,97431773.55919838
2011-09-08,1998366331.3510418,783062768.2551956,5361330948.202133,82067975.58664322,92707488.41640472,4483077807.789879,3660484970.7493973,27153684050.9058,1063176607.2042847,421230254.2413948,36470240.0,90361139.49118614
2011-09-09,1928449515.6454182,759641186.8390083,5165166019.071884,80325657.81208038,87928557.42206573,4412117974.353352,3473788757.0746994,26647446719.120598,977320292.9214478,403656306.23499376,34013632.0,87312477.26699829
2011-09-12,1932009668.438921,763563969.79105,5109523214.091415,80032719.39937592,91836715.90835571,4443932432.02837,3416970431.45216,26594410759.605103,951643423.1965637,401255423.5141075,32891480.0,87708229.59263802
2011-09-13,1929733217.9051685,770683472.0537376,5110596998.386154,78199956.70478821,91721846.70562744,4512691630.112667,3382845498.0732536,26627749686.48754,951455894.6007919,400286473.253463,32687216.0,86895322.62879372
2011-09-14,1955149402.4022007,772474256.4368439,5100228107.669601,76207942.35452652,88797933.2383728,4505549442.768478,3392304756.8266487,26741216841.10546,940142036.5208435,397370717.1595604,31005344.0,85946506.54465675
2011-09-15,1978312848.379507,796195446.8661308,5138710420.801315,75960416.55111313,89611512.43499756,4529750540.624943,3399770736.152649,27170364841.062927,916166249.8020935,389457650.4321129,29512616.0,86905577.09931374
2011-09-16,1890651011.4405155,773922290.3097343,5094139277.731094,73864551.06729507,83927268.33763123,4450811638.541088,3337673178.9261055,26249327250.916977,854219360.4171753,376632879.3609085,26786928.0,84868483.38656425
2011-09-19,1883340280.8009434,761904203.4692955,4943230558.045807,72738603.47108841,84761972.96783447,4385017675.412312,3307197444.507427,25518362838.599167,845918245.6027603,364458479.54145813,24935900.0,83087712.37298012
2011-09-20,1884437223.5745144,768547638.3654213,4800915442.004852,72481654.625206,85152890.6300354,4372395411.046925,3302247226.840782,25343026234.811554,821933979.3823624,353769944.9737946,23594320.0,82219728.25198174
2011-09-21,1919273224.2605019,842236417.7358341,4452580731.50589,72394211.13815308,83411676.78459167,4334110907.352905,3323245821.3090134,25286101037.527313,837509927.0923996,344784218.8493744,25166648.0,82300917.78946877
2011-09-22,2050951504.5907402,885813968.8091755,4120301359.0373993,71903864.82351303,92632077.76470184,4564857433.439713,3495714410.937023,26405520309.878006,888286520.2309036,357571825.107695,26856904.0,83861746.66958809
2011-09-23,2102075857.7632427,915218258.9020252,4170690005.201111,73011033.4677887,94199544.88018036,4566860361.23703,3487362121.66378,26357246550.048523,911518834.3785477,363187337.1853943,25239544.0,84173403.95108223
2011-09-26,2117306462.7400684,908589706.3535881,4161388311.4201355,74575326.11553192,94789459.8154068,4534100012.590942,3505704112.314186,26102116373.27141,929794250.1150894,356198610.1303024,25222724.0,83154991.31942749
2011-09-27,2199646182.362852,933358470.558567,4143502440.8750153,77201577.72939682,95071180.81916809,4638336772.154121,3593030459.468994,26626544394.816975,958576008.1670761,364426257.49472046,26958012.0,82670663.39840889
2011-09-28,2226641888.8587284,955503017.7466202,4103680616.0504913,78864119.23297882,97285876.82086945,4665022299.293938,3628432835.382557,26773155617.27749,973439711.506958,368373177.94968873,26994476.0,81630528.1666851
2011-09-29,2210828613.5182667,952356831.2027645,4097753422.0246124,75715489.38936234,97450465.27824402,4657451234.018612,3758287594.5158577,26691936020.85491,978538394.6326447,374080962.3178307,26405668.0,79917405.35513878
2011-09-30,2223961409.392824,962127941.5947437,4106709475.0199127,77176693.34724426,97678112.80609131,4595716787.07222,3863515520.8836555,26769155330.750694,994160348.1989288,383195817.6723083,27763276.0,76017379.77021217
2011-10-03,2252963964.424486,969836721.6372395,4038567879.1181183,78320454.95334625,101460049.83978271,4673700981.867981,3950453465.494156,27162182624.97692,997752428.2423401,387907926.3169853,30056740.0,78540127.81374931
2011-10-04,2295586452.826948,983255387.9009151,3951058485.118637,81399085.53863525,104768054.33925629,4912508801.721706,4141038417.708912,27872375700.51594,1015196681.8052673,401748977.33406603,32621812.0,81454676.22245789
2011-10-05,2323897668.774786,1004989315.7775021,3799359275.2822876,84332190.75048447,105670563.0184555,4983149333.62257,4279869399.4442368,28158035572.11659,1030151655.493393,413541509.53724444,33676192.0,90821233.05567741
2011-10-06,2423076486.6301537,1025460489.7729015,3710230036.3170624,85692496.29228592,107175813.05656433,5017215632.381783,4305432402.465248,28171820018.80299,1025665375.2529907,419896709.9466057,33686800.0,90658111.81621552
2011-10-07,2412735396.1067486,1039754911.6732788,3583760726.0448456,86923160.8687973,111874622.67108917,4994610543.187504,4329280926.369591,27875837222.236706,1027785320.3742218,426689640.4998131,35039000.0,91116370.24334908
2011-10-10,2408423395.883436,1027717343.1624985,3464422326.9111633,86768958.35050583,106592226.35185242,4930436317.542572,4291941383.946533,27570493973.340416,1012939990.0121307,428964971.59336627,34807016.0,87970410.58517456
2011-10-11,2409251340.1977634,1021676061.6526413,3377385896.920471,86617201.04188919,106713492.90885925,4871100309.183407,4315129372.822266,27304420569.007492,1007455683.8761902,432134538.89254683,33985488.0,87816273.19834709
2011-10-12,2434866174.697199,1046788854.1013527,3305523486.1518097,91576158.34068298,110763965.78987122,4903102610.807552,4307716259.682884,27152612137.75215,1016019101.5362167,425544703.3273613,34320000.0,88393462.22219467
2011-10-13,2423025171.4763546,1015557373.4462738,3190882562.2998047,95052111.17673874,112368111.82758331,4841683300.68264,4261061542.732563,26617475136.702805,1026471737.9084015,426584255.7947075,34512480.0,86610986.7833519
2011-10-14,2459854643.6929417,1011626537.864933,3088305603.0410767,98026841.82683945,112347781.71382904,4823876851.586914,4200278968.502884,26283001878.4906,1020925366.1707306,422786359.56705856,34208996.0,85914711.28480911
2011-10-17,2451400870.67935,1002005535.9571457,3000991327.785034,99269879.79291916,113711623.36994171,4788082847.704182,4182570349.3083572,26100303006.776962,1008753366.3834,419262115.7060692,33549420.0,85543552.627182
2011-10-18,2497222522.9375553,1003479654.3417549,3014198142.9400635,101929827.56065369,113299350.75374603,4895955907.606525,4250779488.7132835,26593490166.044693,1032343281.9402695,423973702.8159355,33733408.0,87886387.92470932
2011-10-19,2426574635.2221584,917990471.8980885,2939756838.966522,103972898.9362526,112493444.84867096,4876887303.821125,4225248959.975071,26229244015.29091,984272922.9826355,421504103.87446976,32592040.0,87231418.0529213
2011-10-20,2338576047.0738125,881903998.6123753,2802254435.7211304,103060515.75227737,101854305.8833313,4714438331.477375,4067334381.010208,25221141565.086136,911927812.6249695,407306968.42985153,31138700.0,83870341.93670273
2011-10-21,2303092397.976198,857447001.7676067,2485289016.485367,103526490.99090576,99863436.04293823,4666122521.290417,4014999989.9840927,25209686407.78351,888426193.1519699,397901584.4435066,30788028.0,82522208.55039597
2011-10-24,2307295175.8249664,847253831.2823677,2233544434.384842,110213436.19434357,100386641.76139832,4705482476.72554,3941132486.1029243,25024433098.111916,852816257.8233719,410552527.694239,30627428.0,83754103.06529045
2011-10-25,2264190738.2528305,834190738.1047249,2214991370.4987335,112520904.4738388,99834648.70479584,4639644635.245609,3908254590.421047,24885750814.86103,845621868.5988235,432486390.52247846,29043508.0,84533594.74424362
2011-10-26,2250378999.9006653,816019494.1190338,2188162458.9461517,113102181.04124069,98721171.59572601,4639425436.043644,3971518445.2885246,24998431889.60209,844941842.7171707,443848755.7657372,28768728.0,84314278.13931465
2011-10-27,2392552805.6650352,818267182.5434971,2186026675.7647705,120364540.9841156,100608551.7559433,4846925013.128128,3964858680.502224,25615446338.02845,868075570.7783127,443865655.6735428,28552608.0,84725602.9401493
2011-10-28,2353654813.414879,845796652.4000072,2132897749.526062,121424949.21020508,97971019.27207947,4913517268.490486,3834056041.453991,25477254324.552612,851367884.4861984,434744961.90914077,26998856.0,85162136.52237892
2011-10-31,2323380178.4117317,848714929.6176624,2089206976.4141846,122699837.00656891,94323627.33219147,4818113499.67598,3765276816.7710876,25033068984.56211,844726821.100769,427204267.7057068,24772220.0,80639751.91277504
2011-11-01,2314478861.938982,848049487.5247097,2028380943.4906006,120024935.40483475,95027656.23912811,4701906242.89135,3698821954.1711235,25003617383.573685,871519565.616684,425739177.1452133,23318060.0,78572600.77879906
2011-11-02,2305788951.5404606,836058874.0806103,2030557425.2370453,118913328.22834015,94685188.7820816,4623166890.69437,3605314981.8322754,24920041925.21187,865759544.239769,413541982.45515746,22065404.0,69879388.86898041
2011-11-03,2206419910.777979,827522701.649046,2082340774.559021,117420333.71601105,92425519.14455414,4616393550.568104,3634963368.068695,25179811675.533676,859950106.2417221,410911417.1775467,21810944.0,69777412.59161949
2011-11-04,2180152821.1217785,815193582.1295738,2073537123.086853,119909483.95942688,86647850.61477661,4564566141.803436,3618899645.2113724,24991333332.085953,843960662.2422028,403494802.6084549,20135792.0,68026927.0688343
2011-11-07,2150976079.020071,814503775.8208275,2176326144.216919,119569328.74036789,86857321.4371872,4555442916.280804,3668093977.532158,24884864404.77997,866353743.6188507,414788720.1272675,19761968.0,67368422.25025177
2011-11-08,2158511799.8061466,815075532.2997856,2248698232.5172424,118917582.19350815,84782592.19364166,4600917107.150402,3666402167.8004837,25026599675.77511,866387582.0667267,415021992.61570895,20072248.0,66246911.97669983
2011-11-09,2173681491.493616,794315231.0559845,2265926210.961685,114993261.39320374,79026957.87574768,4579825751.107006,3626982703.849144,25321099486.418114,864176549.2440414,440217486.8971726,21056584.0,65447347.775564194
2011-11-10,2163301505.430498,806845066.0925293,2299734626.729355,113409857.93575287,76036069.89429474,4639257618.541851,3632550338.4594345,25445109050.443916,866038331.3393402,446794897.2146103,21614824.0,67071656.257658005
2011-11-11,2130877801.283226,811422458.8155937,2296084305.4307556,110600358.75686646,74642653.80565643,4626237184.200611,3603162059.024925,25373496907.211647,843787234.0974045,450921265.1899826,21923572.0,67446864.20733452
2011-11-14,2111439304.9739456,813417006.890831,2275786623.9726257,110096852.13478088,72098988.44329834,4647187079.900093,3551804053.855171,25205837978.583908,842786045.6144333,456623325.4220505,21614152.0,67956553.35467339
2011-11-15,2057217484.5777035,805598090.1621056,2230711630.6705475,107368490.00366211,70507465.6212616,4560342971.610088,3452038636.4138412,24596040093.93013,824638167.1501923,464928388.6643387,21342792.0,65949514.65334892
2011-11-16,2076654322.6141071,817620038.2456303,2291970059.307251,103972497.71306992,69036825.94711304,4528594914.255943,3454700514.702072,24665817962.064705,828735582.1590805,491565614.89653015,20839292.0,64764649.15688515
2011-11-17,2105349192.0948887,824696433.4612846,2392824200.0351715,104672845.31204224,69492159.68650818,4501875669.632969,3504400541.8790436,24996286513.329506,838368576.0838318,508130774.0442734,21514800.0,65523308.87143135
2011-11-18,2078797750.769949,816052279.5056343,2405251296.6264343,104245766.13321304,71887621.97658539,4483515127.9203415,3499252489.947548,24676242575.938454,828147122.8503036,515987530.71658784,21616292.0,65979517.41242409
2011-11-21,2031083036.2280083,828123538.256073,2503233677.147522,99044363.69291306,69374497.9272461,4406372166.27758,3466120885.38805,24752432917.083015,833628756.8570328,510757139.99627227,21790744.0,64565683.604307175
2011-11-22,1983843371.9273949,831436025.7534409,2419967984.3234253,97926088.33047867,75549800.29567719,4369352044.861374,3425976714.196186,24472698290.62748,819928976.5309143,485880915.59450835,21903964.0,64197941.4908123
2011-11-23,1978138009.2658424,839775488.1216526,2371344176.548233,100604884.24179077,80251594.80243683,4334146911.997528,3292130711.080456,24095118413.912125,812943811.7385483,475764386.59571534,22001480.0,63711700.69291115
2011-11-25,1775281219.8848724,807017046.453867,2286568412.5146484,93006584.77609634,75994431.23046875,4002755616.0074997,3080890730.941429,22589774630.07904,758995431.9984818,462294291.6574844,21653576.0,61158062.33323097
2011-11-28,1792182417.6242542,767690847.0154095,2307172988.8311768,91997723.04016113,77424076.71970367,3915357123.5378647,3081970211.5605927,22441918380.059395,752312239.023323,468820490.0435257,22174688.0,60496007.27387428
2011-11-29,1761012222.8423214,754419977.0857239,2313334561.8218994,89921025.93540192,75267611.12697601,3878310247.4840927,3052216645.987549,22259973703.95008,729365627.4079895,486374033.3099182,21690924.0,59872810.29773712
2011-11-30,1762746001.8958855,769350660.745182,2285553038.764038,89514726.8317604,70341001.1946106,3839778301.969223,2970093081.6072083,21863566476.17588,678691859.3080902,496350764.3987427,20046844.0,57589188.98815155
2011-12-01,1733453222.7948952,761519777.4723625,2261199486.3223267,90700604.2665863,70094132.48092651,3820655114.215908,2920627864.835129,21545937938.4029,664605239.7179031,496187910.3965759,19884100.0,57551859.91836548
2011-12-02,1712930708.764944,750451946.1561775,2181602895.135803,93116704.28686142,70688272.67692566,3735091767.029724,2810725996.488991,21192620410.495148,662867974.8054504,494651693.5849457,19644784.0,56181719.311914444
2011-12-05,1725401183.7114048,741967488.5423851,2172843320.7128906,90997108.65715027,71617443.94317627,3714612843.562107,2756237356.751213,21082139961.264305,664528474.8631668,493932174.69647217,19426524.0,55892661.29658699
2011-12-06,1721241356.3757038,741357543.2384491,2084010725.211563,92179886.62910461,70470634.43222046,3643564686.427517,2685454351.7373657,20995508189.278336,661607829.5039749,480956501.7719849,19048356.0,56449683.089904785
2011-12-07,1720499501.0210896,751518757.8866768,2032476667.729416,91991042.43400574,71702040.04196167,3590972751.2895584,2634440599.491806,21050981101.849293,658441014.7879791,476979315.4972534,18604180.0,57048360.872011185
2011-12-08,1681573327.5690937,747697226.6925812,2023918637.5631714,91716513.02499771,71320750.59520721,3570649693.6439896,2588267297.786331,20596610967.968372,642307878.4724426,460664424.2704468,16926004.0,56539885.78665733
2011-12-09,1685660592.1323395,740997407.8258896,1992034589.4753265,89553923.02192688,72450311.13117218,3576794296.2490273,2563140223.9134407,20501375771.83769,635588266.5371704,450141030.1744751,17146708.0,54160707.36720085
2011-12-12,1726321134.0472126,747172773.6612606,2040367745.258789,90534060.69812775,75300084.14402008,3529924374.896984,2561950822.5359344,20607603317.675514,648603779.8720169,444396772.3672226,16876588.0,53931399.043273926
2011-12-13,1738061990.9850311,772574194.101944,2187774087.3361206,90807273.82087708,75033652.99053192,3579278799.6784973,2617283219.840412,21000808090.706406,647793067.4485397,466682380.7863205,17087728.0,53138306.69893265
2011-12-14,1760157609.1052532,777969982.2383881,2431932049.364395,90551101.8787384,76133282.32650757,3605289113.768482,2637561853.010273,21223200130.83275,663698438.4570694,483410374.83613586,16912636.0,53809200.5443573
2011-12-15,1778427989.7964954,775902410.9137726,2466421012.6802826,90156620.83831787,78576884.09175873,3582086433.31192,2607112389.7468185,21032945920.653954,656198785.8565521,461917413.11417234,16133520.0,53495016.01448059
2011-12-16,1722738952.9548168,775330387.5030613,2369235095.0704956,88780473.71566772,78392785.35369873,3545372656.7498207,2504907672.2623444,20513109763.8023,654879777.368927,448228394.04313505,15105824.0,52569328.67143631
2011-12-19,1725491813.3639622,781595776.9023418,2347611263.767395,88964193.30404282,75597945.94554901,3541607013.058529,2469666868.6174583,20357373576.49639,660321628.3009338,438350455.8501679,14631372.0,51732147.98553467
2011-12-20,1743046616.1851597,797441276.1078358,2239221108.015671,86741930.32655716,78195619.21516418,3598375920.9375763,2546444374.7163963,20381997907.382774,687162791.8571472,433083123.7737381,14256644.0,50650501.014881134
2011-12-21,1746029229.248972,795095212.4701023,2233520202.2885895,82539633.9752388,70015108.62766266,3620060845.9427834,2612945984.748535,20322805924.504627,701474102.1302414,436300209.240123,13502616.0,51842210.90147972
2011-12-22,1742053825.590105,795454381.5624523,2216029877.7677917,78012391.03578568,64419737.84210205,3554332963.340702,2598338356.8297386,19894818410.005836,681092567.7420044,425274005.3674835,12969208.0,51598061.36370659
2011-12-23,1733014004.7015858,803167136.6466141,2194072258.243561,77807044.17276382,64301501.90036774,3552138125.7977295,2604943215.0136566,19900337455.556908,685102423.0406189,420879247.8520752,12676752.0,54389745.61465263
2011-12-27,1660703799.51334,792534270.7209206,2132157946.5135193,77774643.57175827,61749708.74458313,3465924189.7413826,2545752489.09544,19349714453.079376,671246649.2907333,414908311.3595139,12111696.0,53753069.24477577
2011-12-28,1642767140.9986305,788560501.9149876,2179519530.814514,77767140.09138107,62990488.557891846,3414323461.5737534,2514943648.2792664,19003983444.410286,669090377.0826721,391023499.8978745,11969672.0,53292428.459472656
2011-12-29,1553546564.7418404,758085988.8404083,2227887391.300659,75213796.80229187,61486397.1131897,3213876307.8640556,2418356313.3943176,18043736440.590553,640190185.9806824,370846757.9804031,11464872.0,51463484.86131668
2011-12-30,1533125748.4615517,778788493.3650875,2211889725.6468964,73605379.88521576,62347269.026641846,3138925286.598606,2358871417.381172,17656171108.082695,626676932.3677063,360553562.9193131,11124168.0,51038997.74560928
2012-01-03,1568930040.5462074,804664610.0307369,2244639116.9330597,74730655.71058273,63931751.50905609,3182076290.0460625,2366151455.977192,17549838522.283516,632224923.3155823,366891207.071489,10831256.0,59101213.758420944
2012-01-04,1547455063.909359,798982039.7063351,2249412899.2077637,75487268.17426682,67050407.853279114,3109542207.418461,2338380652.781391,17083225140.910223,634411451.6833496,377248174.9238144,10507320.0,60857187.479543686
2012-01-05,1561721647.9709435,790413549.6920872,2253794307.600403,76042617.63648987,70005476.67747498,3152640984.00198,2346248449.6313667,17076513358.325882,626625578.7363434,383073857.64352876,10547232.0,60580931.177425385
2012-01-06,1525805212.830658,787722816.4159298,2242987428.268509,76472456.08650208,71023421.71638489,3121723270.6098747,2352579234.969654,16647681171.189234,629958734.6852112,385847627.3481308,10374056.0,60127034.33197975
2012-01-09,1469831055.2373886,766171558.0371094,2214242932.7752686,76920151.59702301,69965512.79129028,3070903962.257061,2324691091.252861,15990217050.752909,617119202.5369644,379388369.27843475,9948696.0,60100593.384218216
2012-01-10,1481904608.0943394,754138735.2487373,2211139599.869232,78936734.55623627,72582355.17166138,2985496108.0044556,2276965958.25222,15551025445.82577,614120758.0639648,380567221.30031586,8616456.0,60741710.034570694
2012-01-11,1437967088.3394718,737960339.4431019,2150514644.376602,77862171.6532898,72099207.71865845,2947573193.340187,2234927334.2131424,15076027456.110153,626180328.5972977,385404092.12321776,8185576.0,60430963.98887634
2012-01-12,1420162002.6335526,707446056.9004822,2021115528.7976837,77597779.61322784,72770969.55661774,2828974076.7040825,2134277094.704914,14510150962.895203,619672316.0093307,381448288.6966812,7564192.0,60908254.526138306
2012-01-13,1413019755.9109497,691513863.9231682,1768442925.74234,78916856.83879852,71989225.86883545,2736884056.918812,2072940096.672001,14288873811.6716,613858993.1005096,360397736.55581665,7371172.0,60039584.17406082
2012-01-17,1405461473.6837006,684335113.2973766,1671235604.9219513,84237571.02954865,72744748.69102478,2698280149.3860435,2039851345.7871246,14014081368.06778,614071666.0312271,357339111.07976377,7510172.0,60468363.948783875
2012-01-18,1427070315.7798958,666680618.3011341,1606040753.1944275,87040021.00111008,71610102.69763947,2660103400.4212,2020170129.0776634,13802715502.621765,599337613.3332825,358709228.9321655,7148780.0,60252913.547496796
2012-01-19,1456498607.9290104,662700732.7842426,1574290079.7529602,88573629.76518631,73326920.52768707,2621604644.3151093,2034453006.1122704,13588500118.622284,601075853.8384628,365636522.31471556,7021740.0,60260311.99066162
2012-01-20,1423687467.4922085,647847667.5508595,1596715195.708847,88810746.55155182,70573928.70929718,2533257127.926712,1941017147.2981644,13211827467.59262,570525616.5299606,371723774.41920775,6608536.0,60533612.1657753
2012-01-23,1452941201.4407063,635521554.1805363,1574502113.1295013,88651852.40240097,71537305.18634796,2474057950.5216217,1858083344.177494,12935981782.881584,552738704.3394852,367540702.26131594,6518008.0,58414536.95924759
2012-01-24,1431703030.91424,625297670.0568962,1558123578.6384583,90720903.98553848,74026880.56354523,2508454865.381775,1860445843.5362244,12881049763.288689,554314912.6539993,369567816.0161499,6340440.0,59259697.104320526
2012-01-25,1501920430.0823307,642911544.8556995,1771217559.0724945,96198392.79436111,76768227.36606598,2656429818.5728455,1959011590.3546143,13451176194.922295,582996958.8593674,392632476.3514236,6634448.0,58070972.07048416
2012-01-26,1570371350.949564,654239530.9795094,1893229717.2614288,104991518.61938477,78479009.85717773,2745439231.998329,2006420730.9138489,13975375222.217676,596159047.8268433,390865185.6247848,6672272.0,58963748.81067276
2012-01-27,1597009745.641489,661143209.4253826,1879197309.759903,106171523.1157875,77912627.51102448,2802390902.410488,2034142586.0905075,14090425592.851944,583051821.3896561,393903506.5372025,6571856.0,59364033.22254181
2012-01-30,1618133793.2535076,655858867.0552063,1801160862.4726105,108253882.72161484,80241813.40717316,2870504100.0262833,2078969861.8890762,14237092989.10469,599177205.6172562,386931295.1243332,6706056.0,61883705.994758606
2012-01-31,1678841387.3221874,647489924.4207287,1813435873.2255554,110999552.75018692,79394995.89443207,2942577726.7876816,2162673554.017906,14573009304.402008,607386217.747879,397410180.44295806,6821720.0,62263406.42440796
2012-02-01,1705428238.525238,641046009.7758389,1774650724.3069458,113487761.70759201,81007258.59558105,2979419656.588764,2187736836.448517,14469081121.83075,602792703.4817123,392231122.53379214,6859416.0,57737381.925411224
2012-02-02,1752613117.332735,650188127.2259426,1782588901.8360138,111662650.38496017,77433313.16520691,3028089075.4854965,2238895872.6399612,14421033539.405401,591918447.7979279,381799242.6076828,7007580.0,58633205.43489456
2012-02-03,1791183780.3251362,650304864.9472332,1886670224.0325928,111230305.98550797,76707781.15718842,3099617426.6170883,2233814288.67836,14395449944.587286,615181101.6034698,380204935.04330444,7474744.0,60498067.52019882
2012-02-06,1784808211.1693096,631648185.0947857,1883337948.9011383,112065722.06129074,84342770.01338959,3077032188.2024765,2193692361.9236374,14223442596.52096,610392261.3811111,372498771.5244263,7432376.0,61480684.339351654
2012-02-07,1795429325.366373,657446320.3380203,1913245165.1289368,112825293.38415146,87354945.67436218,3057591558.752861,2198042448.4198,14438103956.092377,622553307.8602982,377250298.7114395,7624968.0,62507459.94272232
2012-02-08,1794771156.099329,660019349.1600609,1936615808.0844116,115054022.46397018,82644218.33854675,3081820386.2067795,2219462117.740593,14591696811.573792,616901958.7289429,380563858.70364225,7488304.0,63032419.24833298
2012-02-09,1796447710.6914425,666981020.3042984,2008131057.700119,119411998.67277145,85960019.75387573,3141577856.410408,2254237503.0796623,14813267125.729446,626734101.1841965,372257756.9738571,7637964.0,63242624.281635284
2012-02-10,1831350229.9587536,678061512.9957771,2025448675.3847504,122253295.69238663,88421568.83529663,3169517214.1744995,2346969727.375736,15091033594.656525,626102395.6243896,348758912.65134734,8462988.0,63323269.479846954
2012-02-13,1824855308.5000706,679132457.5779915,2013869038.9350128,122885453.08980942,87434910.81733704,3166275337.945099,2357018657.246914,14800088196.114197,611620857.0776749,355129554.14800566,8451132.0,64051024.05712128
2012-02-14,1789118366.974821,676276730.1540947,2012853854.5154572,120693419.21682358,85333959.86469269,3224285155.0361633,2392841115.989933,15004066353.611755,622146083.0817032,351745024.43848264,8599524.0,64907509.56512451
2012-02-15,1762170294.144659,693443195.1548386,2035204367.769928,119250525.91466904,84908753.64074707,3266602981.7774963,2557949784.1529655,15194343995.135382,625840006.0044861,344913332.033316,10072404.0,65787474.93370056
2012-02-16,1742562388.5003948,695476637.3400497,2059961401.0746765,118445564.99486923,84750686.33956909,3360649330.249214,2666695391.7903137,15535230211.169622,627032830.4811478,337050135.97960055,11556300.0,67715740.51254272
2012-02-17,1758333806.9138622,680838032.0631027,2026798606.3442993,119269661.63518906,84776901.98616028,3338129110.7660294,2771570721.0606384,15514875083.101538,626184395.9579849,327795673.3856064,12126376.0,68411440.37273407
2012-02-21,1737359423.1821728,680628992.351532,2071135707.0347595,120541648.83579254,84411959.40536499,3352562309.8984146,2770566988.982029,15564447659.368515,630133386.5720749,334645845.87484586,12419296.0,71182513.3562851
2012-02-22,1740766712.9043102,677801447.1755219,2154566645.5809784,122116120.26741028,81187168.13552856,3334414667.646103,2789985864.944706,15695681931.177404,637920176.7570877,340284959.21569216,13343116.0,71950095.98339081
2012-02-23,1698576464.3207455,658882419.1270447,2014430113.2217407,120815579.60889816,79884319.33933258,3292921000.4904556,2778322555.838032,15403808662.64534,608118023.1256485,333164765.70386046,13802196.0,73615864.37828064
2012-02-24,1654824739.7852993,669712995.9616661,1934353633.3968353,111161430.97761154,77207606.40838623,3248943076.4933014,2794495395.2755547,15018046928.978155,600404603.2531357,344905064.12281644,14743392.0,73939952.55149841
2012-02-27,1643087220.8949375,666483270.9842873,1887290458.1314087,109522076.80049896,76515388.1842041,3253568846.3412857,2793762568.7384796,15101888848.49743,612523770.7361221,354371363.3082565,15208704.0,74805077.63834
2012-02-28,1643751722.4369526,660795200.9144974,1924075173.5557556,110185261.76124573,75208582.27668762,3264190831.0735703,2804423252.221546,15041360783.828964,605206890.7020187,364483817.9203812,15503664.0,74839685.81449509
2012-02-29,1653589515.2219486,676343386.7487526,2191987011.8515015,110774730.74970245,74341251.14021301,3309166075.8868027,2836947819.2798805,15229052047.939835,628934430.5554199,386670604.7916916,15898696.0,76421366.68369293
2012-03-01,1606780926.0223103,664297581.5395164,2286367897.1315765,109945468.46511841,72300786.08100891,3318727577.6049423,2906285805.8735466,15149534780.630646,645112021.9300842,418603788.66223145,16144532.0,76619970.23160934
2012-03-02,1546679492.6366425,656688742.787075,2265264337.372818,109236825.65814972,70426721.62719727,3397450408.4506226,2876494365.6754494,15210134829.457281,649015506.158638,433047840.52563477,16171468.0,75057225.02508163
2012-03-05,1512395829.9240112,647931079.8275185,2169481580.3016663,109315711.20235443,71544717.85202026,3295792180.9840393,2906422796.8193626,15118563081.00414,627310916.0123062,426689287.86589205,16054168.0,73432923.01107407
2012-03-06,1609660989.9419212,658113602.153492,2222223106.5568542,116534455.51258087,62418209.3800354,3439986289.3120193,2981668112.5293922,15614139142.468908,627816760.657196,435504111.42799073,17390620.0,74119193.20093155
2012-03-07,1605318663.146534,643048293.1841087,2201836099.1114044,123468473.74515533,59628017.82764435,3486349221.1139297,2998498355.854912,15661910499.711456,615398624.8128891,434098678.0803024,17866316.0,72961098.72938156
2012-03-08,1585097079.4639778,656811935.7312393,2185267675.870743,121219379.42771912,59340845.48042297,3472348391.529846,3009925331.3907814,15552720548.029211,616742373.2624817,431773680.5549728,18508772.0,72379892.85131454
2012-03-09,1572893209.7922897,668835987.3539734,2164091236.3788605,119719263.57088089,53537605.15487671,3513536382.5279617,3003554571.4412117,15427783487.01969,599474868.6946106,438218527.1691391,19144528.0,72648073.86198044
2012-03-12,1525031878.6734104,659482605.4686546,2131634354.7830963,118209283.3231926,50373243.6158371,3485635112.7280045,2937195249.7289658,15107256315.681229,591829637.1873093,437297999.6284744,18894820.0,74328711.04337692
2012-03-13,1549148344.759779,674487847.7819824,2234942682.8390503,119741529.59768295,51577091.104011536,3563411350.0014877,3014834579.1080284,15499730156.313095,621792626.0263824,424016325.77212065,19635476.0,75355623.29870224
2012-03-14,1577412459.6183872,678346667.4148178,2399200770.163574,119671407.3800087,55727764.942741394,3555246782.270546,3046625499.98333,15420443392.161636,680642892.1951675,425332635.94118804,19969116.0,76137221.11188889
2012-03-15,1551832807.753191,659242261.7080116,2403572981.4201355,119181153.31514359,63064645.633125305,3555931705.6311035,2946563992.0576477,15302740937.949291,706569666.9164276,462994561.93888396,18958924.0,75539491.191082
2012-03-16,1526604653.0650425,656809020.3914261,2414616681.3349915,121399098.37198257,59708332.23773956,3490175460.029068,2867553286.0666084,15153666746.122778,721527135.2684021,468171860.4014084,17771228.0,74673659.9928093
2012-03-19,1493336969.5942402,662290282.173729,2433798645.1446533,121194868.19953918,61437091.04434967,3606848101.5096283,2835016526.2202835,15154020699.248465,748607596.7861938,464441634.67461395,18608176.0,75471492.08515167
2012-03-20,1504195537.5492573,656400209.3976212,2410634557.9296875,122238545.69480896,61884792.25086212,3621469825.3427124,2868266338.1445885,15110431140.830347,751458059.4143677,460996075.2003006,18741996.0,73815167.13769913
2012-03-21,1518383180.6808186,657948734.3174744,2319884525.983963,121619021.89983368,61540963.68915558,3616598296.178055,2865257772.5696754,15122303247.175293,759655441.7112732,460154886.76856077,18658752.0,72645271.12100601
2012-03-22,1573859707.4914646,665481046.3927078,2307686827.8121185,122197191.71806335,59670413.396987915,3638525852.6958466,2881304552.836685,15125803619.533728,769635528.0732727,461362802.7395752,18352008.0,74034273.29927444
2012-03-23,1562366501.3388538,646479669.8589134,2313983840.0950623,125633743.85034561,59781643.83300781,3669190203.257599,2899324688.083153,15221094311.715887,779481176.1373138,471897801.9888092,17946644.0,75312997.97628403
2012-03-26,1601309287.4562073,646709186.3247871,2359685684.678726,126613460.21883011,59289690.42297363,3689967535.824127,2901701597.1697617,15108550854.377514,777694590.8257294,457417686.87933505,18297500.0,74762000.95510483
2012-03-27,1591400709.6057796,643382256.4997101,2341045925.165558,129492933.68747711,58328839.560928345,3672899910.2153397,2889271565.2503014,15077543957.376022,778066774.2893982,452323359.2666702,18303620.0,76845487.32488632
2012-03-28,1561276386.4997387,619606198.2256889,2067280695.5625916,128855894.87129211,56491510.64037323,3626713587.118416,2852723900.5366516,14902084807.329636,752027262.2856903,431552375.70484924,18659392.0,74486200.77075958
2012-03-29,1561785230.3769588,628704377.7820396,1996250184.5536041,125351090.36495209,54715215.44216156,3550094505.590248,2820631821.025448,15028728332.029194,733684859.5078659,405403446.09896547,19028772.0,71372868.51482391
2012-03-30,1585181877.184639,642775260.2168274,1979988490.7167816,130138555.05296707,55231627.6493454,3473274239.2440414,2843045181.673355,15129597948.627203,743129469.9001312,385465594.61085206,19214760.0,71885898.02425385
2012-04-02,1602728511.389227,670710691.2540817,1941449354.7212982,137544709.72763062,55270124.32231903,3509232415.951042,2834086923.855362,15221571894.41391,750008879.0377808,385674262.20269775,19060784.0,80927701.49875641
2012-04-03,1533919225.4994202,670659366.2263107,1949572651.9281006,134168645.27196884,56071026.562194824,3426341850.826149,2818147953.686142,15022241985.879135,780165443.7453461,375397968.52536774,17921860.0,81321310.85853577
2012-04-04,1540307263.8890457,674615990.0211525,1996988534.8086548,126887029.62285995,56138096.455078125,3458831626.3272476,2858259721.988983,15066422009.296265,796429959.5156479,374261276.8488709,17880520.0,82625954.6700859
2012-04-05,1546386545.3192902,659714521.5832901,1994768198.8046265,129787561.11738205,56607081.042137146,3421414709.1524124,2862024429.2702293,15193348465.852015,789590816.5583801,367740212.7547455,17389624.0,85351695.20460129
2012-04-09,1553165168.07724,641244826.3737106,1946519524.9472046,130066262.88101196,57710855.127830505,3380859850.92659,2847951129.498043,15224789613.592224,818381895.0880432,363510974.6469879,16920144.0,84538541.82981491
2012-04-10,1626161961.4736176,659950124.7313309,2007769211.1186218,134752408.33190918,59257044.82696533,3593892408.6510468,2956646754.307518,15916900345.98736,854606528.8776779,365721303.89606476,17341116.0,84550345.49840927
2012-04-11,1595930920.5130196,655256146.9174576,1925666295.6237793,132824252.83485413,58573762.5642395,3563668929.798126,2961558666.676159,15739182386.887781,833315956.9254684,367188591.2028214,17216368.0,83630096.60108566
2012-04-12,1600413887.4890614,658188713.8453865,1770794395.31044,132429427.98427582,53781575.8587265,3607345026.7861557,2956275165.2167892,15785887176.314276,776707531.3424301,360948338.5717102,17115400.0,82025554.3860817
2012-04-13,1642854314.3675518,679551121.5423012,1749349517.51297,134571599.97550964,46897668.88824463,3583736582.2187805,2925011915.440464,15788868249.16752,757686631.7921829,313906693.92951965,17087472.0,82911658.68684769
2012-04-16,1680390313.4684086,685960750.8921242,1701657641.3373566,135061470.85733414,48887121.509552,3587209232.044716,2935719200.078125,15742380219.639471,737802461.8932724,307527493.07911074,17231784.0,83246105.56055069
2012-04-17,1712602295.9152794,677405973.2443047,1682294178.3039093,136117369.77228165,48209551.2159729,3513008339.9251175,2894964416.5735626,15856290169.023554,707154896.1556625,306284080.1688873,16352692.0,82225791.9383812
2012-04-18,1690110630.8890533,686375415.3709602,1648515417.0001984,137306887.78093338,47274825.76358795,3525649616.597328,2879908402.332878,15859250387.380596,688117636.4691544,296647203.2885605,16174488.0,81306275.04304886
2012-04-19,1676215391.1716175,704620164.2725754,1674096387.3794556,135905214.8932457,47133208.32134247,3631815767.322693,2998500451.671982,16257226516.711731,670827381.4782715,290269716.89244235,16347724.0,83167088.21971893
2012-04-20,1629706766.0198402,701320775.4861641,1658453573.390503,133292606.41765594,47365119.4960022,3583102395.8179092,3003805059.350605,16293598084.604877,660527426.1616135,279520971.7528244,16589080.0,80516897.57915497
2012-04-23,1675806440.2532578,715614472.0441628,1642725497.593689,132027532.07584381,48761700.81165314,3628490923.2538986,3071954111.7757416,16554066014.458887,648856759.5514679,254546328.57852325,16889820.0,79264542.77378082
2012-04-24,1645018113.5215664,704622766.0282898,1575424807.423706,131953149.59194183,48937572.9901886,3579260696.9350815,3091061940.6931496,16626695669.81396,635229671.8379211,253796196.19971618,16462504.0,81121473.04254532
2012-04-25,1658689529.6502686,715255826.0845947,1606850811.0425568,130208736.3083458,49369184.21134949,3602811015.338974,3147682658.9456177,16782439182.941742,643425928.9773178,255479627.91590118,16647512.0,78975135.89893341
2012-04-26,1627069072.216072,702447889.8240471,1605866007.3496246,129911890.0008583,49394295.58799744,3580445991.2830353,3137766901.2278366,16713541106.679993,633667939.6489334,246325937.91948852,16495748.0,79645868.64902496
2012-04-27,1604963977.1529484,684998061.1563492,1588812443.997116,130479806.86933517,48052980.65021515,3583141584.9881744,3113004742.2904587,16527029411.449163,616455988.3996582,228789818.7440216,16233008.0,80740302.35225677
2012-04-30,1590200596.2960625,674669365.8831215,1592552929.9913788,130509050.10807037,53214778.77471924,3554351199.166336,3106624407.324486,16410762998.115652,597344837.1995926,226917174.05305022,16576372.0,81042381.56009674
2012-05-01,1549901529.1447163,655962210.0858116,1590918478.686142,125875118.956604,51120845.93833923,3575417547.049637,3097116994.0966797,16333366565.853348,591800561.0135269,223716498.62792206,16842436.0,74494745.11398315
2012-05-02,1512348017.1474838,646722895.0746155,1501657153.668213,121648592.82173157,51980938.9332962,3572480654.183464,3073280037.9080963,16137538008.591003,550856259.012146,225128408.3200943,16912940.0,73634558.71232986
2012-05-03,1505292872.4503326,636152807.2338486,1480778587.3092651,120835573.5943222,51631468.38634491,3556677130.737419,3062816274.0055084,16117002449.755438,526661415.9535599,225874071.60104066,16616612.0,73892946.81119919
2012-05-04,1522510460.114727,646831237.6698875,1500609735.349121,118281756.69963837,53067763.54763031,3694065524.353752,3241897340.0356865,16403981336.345098,527857432.5519943,254968725.22595826,17556652.0,71408339.57616806
2012-05-07,1524249020.6889915,661960786.9075394,1474098801.7134094,116761998.80634308,52775358.405570984,3683288633.2802963,3276170253.0802727,16399530355.560455,484756927.70893097,263758043.46593323,17769456.0,72355246.14019394
2012-05-08,1501223287.3484707,654486660.1540756,1498252869.8529053,111162508.22948456,51338460.71647644,3561865907.7689743,3280957815.6990433,16288383329.666973,452239371.85783386,270769690.67260134,17990376.0,70736892.55321503
2012-05-09,1559704236.14007,667075531.5380669,1524752982.1350098,113655173.3946991,53422485.356674194,3593167982.5249863,3339802092.2561455,16633626287.071493,441740924.2311096,275550114.4727173,19045424.0,72449636.49209976
2012-05-10,1531056567.9840755,656310225.4643059,1507397732.48703,114978597.68344879,53043894.55295563,3540361330.5329895,3309533381.148529,16597198502.46723,432055917.8622818,272813787.11538696,19287792.0,74373150.76480865
2012-05-11,1514312710.490446,634464464.7089958,1490259822.7113342,115067885.28656006,52842293.549194336,3509309112.9344177,3281546908.8113213,16501305990.733337,419290030.585289,273014805.39848936,19263492.0,75843744.65526581
2012-05-14,1507966760.6532192,635519722.013073,1538044215.497818,116673875.4129219,50846416.63948059,3526808228.3898544,3245202613.755932,16568511712.935064,424856821.5074539,271090571.3070709,20390172.0,77382042.84572601
2012-05-15,1514708259.8453522,641934215.681591,1577237721.915741,121775700.60642242,50913199.64347839,3545112472.663231,3292852852.029743,16846247356.612011,431454069.2963028,271442394.56109315,21233676.0,79248203.12515259
2012-05-16,1567683480.8974075,645868751.221714,1642969183.0498505,127681763.11115265,51968238.34728241,3550547013.2382965,3314597212.3283005,17250434365.53261,442035592.0397568,280071070.6109146,22458068.0,80665519.32416916
2012-05-17,1605334408.578291,639666652.4588203,1702073097.839508,140309198.35327148,53405674.2698288,3529147900.530243,3247952888.334179,17449103527.12284,483193483.52630615,279446619.7355331,23973684.0,81968013.60298157
2012-05-18,1640568086.815853,646174156.6150188,1729505805.793457,148907286.79122925,55230139.977264404,3614060859.9204254,3287744690.756531,18296244297.23823,505836521.7858887,281296253.20927274,27428288.0,83982856.90856934
2012-05-21,1632041907.1767044,641402969.9424267,1717225779.440918,151763743.66458893,55453969.11911011,3603784869.679184,3254725562.8959656,18294904832.552795,525421016.98532104,280199785.71478117,29459088.0,84576623.10230255
2012-05-22,1628108593.5626507,643706241.4389133,1761748731.4821625,155040995.62316895,55612839.0650177,3643536379.2386436,3286413495.9420586,18577212557.310333,559969733.8512421,281196072.9731201,30594308.0,82934282.18076706
2012-05-23,1656717791.94108,673018242.1802998,1784221875.3639984,156869235.10276794,55575230.12748718,3687036966.7648506,3274920398.739052,18818966065.423737,574157684.2490005,280179449.9773849,33082132.0,83636180.44605255
2012-05-24,1680325711.6114998,692242521.5164089,1769721860.306015,155797875.10917664,55999855.44807434,3714093705.5238724,3379884692.8120995,18939029210.413666,596486625.5990219,281883937.7462433,34519396.0,82592098.08609009
2012-05-25,1683160651.6227818,685090904.7255707,1745283779.0563202,154106327.9563713,56032857.7955246,3662002665.0255013,3331127592.1271133,18921180198.407288,603875212.5019455,279574309.11692506,35140360.0,81215326.79216385
2012-05-29,1721159317.5971508,690489659.8876381,1765369341.4031982,154769597.7378273,52377392.72148132,3697961556.051197,3342485850.289459,19090611004.014053,611689639.9309921,280557407.1961212,35700008.0,79758666.30231857
2012-05-30,1772607821.0669708,693303594.1231632,1832898603.357544,152369538.5763359,51597414.80583191,3645014474.9445343,3386730424.6334076,19162973008.074112,656494164.7935104,280410560.6044159,37513976.0,76687847.22551346
2012-05-31,1809462523.448267,730046232.7588177,1864350557.3695374,169873085.97803116,59553343.15311432,3656298828.526764,3424823247.445469,19506412043.587418,776779924.3585205,286804719.6833771,39540776.0,77083153.29990387
2012-06-01,1846444831.041689,757158011.7447567,1975423189.5655823,177928212.29406357,66960186.04129791,3683631952.3177147,3465147726.1545753,19991648339.808388,866669483.1525803,292148660.7591583,41776556.0,79139723.7951088
2012-06-04,1834946209.8678112,753025491.4675426,1974769096.0679626,179223555.52553177,67189085.68218231,3590911323.679905,3356893854.600582,19967383167.503853,892404654.7610092,273527849.22733307,42763716.0,82545879.12906647
2012-06-05,1847540283.6223125,746568013.6055756,1999178146.2697601,181238770.38593292,68615896.2771225,3584526355.852566,3342442994.5688057,20110574911.50791,933447914.5849991,265386379.92303848,43395720.0,84649549.02175903
2012-06-06,1824618185.878458,742489346.2647247,1983902873.3641815,182471774.8196411,72494349.2086792,3532131980.343075,3297631662.283821,19922225630.389442,997256660.7770538,262526222.57080156,43623780.0,93781912.67427444
2012-06-07,1766006047.6540852,720242436.8061638,2022993628.51799,187105272.12690353,71248283.28330994,3504091750.186367,3159560180.8200264,19705073069.3013,1053984164.7337341,254649184.1730278,43813688.0,92615806.63135529
2012-06-08,1749532780.7524395,717411953.0254173,2050943830.9085083,187796984.32872772,71755366.36131287,3515071097.2156715,3129644348.99971,19653201982.41928,1076405333.0427551,260104536.38883287,43718296.0,91318560.8735466
2012-06-11,1738059326.886053,723403392.2140121,2058533144.1996765,192808873.03956985,74365987.50644684,3533008243.0129433,3135394764.327202,19713868813.641663,1100813504.8628235,267253992.595829,44873500.0,89802078.08332443
2012-06-12,1723397184.9200726,712869122.1746254,2060816457.4188995,190861422.54922867,74068728.26629639,3546478248.606701,3140062805.3478622,19799720420.876617,1110915788.414154,268529321.67315215,45110372.0,88206195.75048447
2012-06-13,1697336493.6379433,709398654.3959999,2040253898.5827637,187233525.11493683,75752903.88084412,3567269054.4428444,3092228353.076763,19606993034.9807,1130403627.5416565,268552348.19220275,45525164.0,86424305.84688187
2012-06-14,1646945775.4688263,694524514.1792488,2005801091.859665,182463545.0342369,75946467.60620117,3568221922.459469,3124927872.8443527,19733763283.666344,1136483738.4973145,257736182.5211838,45581196.0,85470825.31549454
2012-06-15,1634480254.6848679,685166781.811533,1971044214.3022156,170024424.9353218,76001506.6091919,3529863615.981083,3071263371.751957,19359001922.395515,1101603951.0684204,255343717.95203477,44232436.0,81989583.12397003
2012-06-18,1585623400.5848026,682387321.6563416,1923798663.8537598,164323566.4481926,75587503.01483154,3436260931.748905,2948160058.2443237,18433516606.710968,1087881375.452919,251621532.2573021,42562124.0,80179387.71083832
2012-06-19,1571136162.2688293,684164425.2239418,1920057941.6273499,161438058.94140244,78586545.07095337,3459718305.7097816,2882066936.6342545,18248856549.557686,1082687687.9000854,253485060.7823662,41184804.0,80969220.16012192
2012-06-20,1583235073.6261845,702698145.5662727,1966454315.5283356,161732632.06201553,80097953.68896484,3449656756.6856384,2854663362.8736305,18326942826.888695,1089576866.6833878,277745343.8008087,41934348.0,81498511.66902542
2012-06-21,1566387702.084465,677215465.8533287,1933333806.217804,162998921.35097504,84096520.06855011,3435834196.6859055,2815164731.701355,18335419814.88804,1082545575.904808,289085956.68479615,41265804.0,82290485.05577087
2012-06-22,1533971184.023466,661037186.6026688,1911477595.0860596,165283453.4721756,89470050.45845032,3394350815.567951,2669479915.0366592,18150627896.57749,1073087052.4111557,292198475.60182035,40915972.0,83818678.47480774
2012-06-25,1529982545.359621,690954090.4549885,1911587833.862915,169025370.38793564,90380158.8690567,3440404537.7988434,2672680929.114666,18206289910.228577,1079648553.7885666,299791671.0822052,40611460.0,87997687.99938202
2012-06-26,1480254597.1851444,698194318.2949734,1873418847.266159,164914226.1279106,96495559.25525665,3410665194.844284,2634580796.038189,18141881487.47696,1078158773.4109116,299421016.7444641,40825564.0,89247478.13350677
2012-06-27,1409637661.6081429,699845468.024559,1783072015.2896118,163728173.83760452,107645147.5730133,3383736569.0179634,2578560800.0457573,17871684567.108917,1030082820.1695633,301494536.2298462,39345132.0,89695292.24948883
2012-06-28,1365296420.987568,671920258.284502,1772522179.7949219,148391214.93995667,97341906.13750458,3383205064.668064,2564175795.9529114,17746736378.659973,918253082.3149872,304484448.8970825,38123148.0,89072329.67500687
2012-06-29,1371081769.3127632,671934663.4660244,1637281548.961792,143619909.8764038,91109905.31311035,3387738872.0796585,2500621604.534607,17613366382.716675,852062468.8825226,314000505.9961578,36935964.0,87240156.08289719
2012-07-02,1349881398.8625336,692274641.9904041,1575457159.3951416,145436795.11167526,94023152.71995544,3413523036.679573,2396407332.2265244,17294483276.15429,834395910.6096268,322748545.11223906,35510388.0,88464740.26607513
2012-07-03,1323654868.81711,681943336.6240501,1551514201.333313,143652268.5149002,93027322.57408142,3374222673.4316254,2312582109.4353676,16901401792.006952,804999809.6526337,333937953.868705,34781344.0,86444900.62959671
2012-07-05,1295708823.061552,674493867.7640533,1469262993.8760376,143611419.9564743,93512214.68849182,3365421287.8424835,2256574703.764591,16629849848.878174,742423111.3765717,333247152.4627693,33842312.0,76976464.53310013
2012-07-06,1297177575.5845356,669923391.3388443,1377243363.5912323,137943532.25286484,95599663.31512451,3312649847.8191376,2266420737.429199,16481273386.739466,687368706.480751,335407860.0403862,32049628.0,76140399.50481415
2012-07-09,1291431387.9231644,673896999.5358086,1325979561.257019,134300836.71081543,95729784.99176025,3267743716.016617,2257023570.6175804,16284678983.446045,664278939.6693802,332030678.6508995,31507112.0,76468888.76878738
2012-07-10,1289395684.4866943,676388621.8408585,1328930558.4524536,127364608.16415787,94081032.28229523,3268196994.285202,2250635797.7588654,16297519581.24054,637423613.4640884,329625163.45772326,30332472.0,75688371.7537117
2012-07-11,1266746461.8501377,682607553.8387489,1277656536.3357544,126620084.82400894,95139954.15145874,3221898035.714493,2236934670.271225,16099750558.421478,617346401.7041397,338924951.2932175,28844520.0,75277205.84688187
2012-07-12,1268704468.870926,691678835.7284927,1285170574.517517,123573339.75791931,93213702.86872864,3208274432.094307,2256866827.916279,15964111014.533575,598260478.603859,340054013.4467285,27551148.0,76726748.19086075
2012-07-13,1256600064.619217,689124407.8034973,1233599266.4624786,120463426.22350693,91261424.91531372,3179001173.628731,2168014044.195118,15453386946.034317,583838788.7414169,340258006.3749374,26433108.0,76804831.03967667
2012-07-16,1204052240.983162,676951396.5767956,1174253489.6281433,119511455.88010788,89597083.1451416,3099591671.289673,2129408252.5559425,15079972039.579432,579621585.0798416,343883417.5138725,25552072.0,77840049.16809082
2012-07-17,1208026111.2791538,674526446.4470768,1221009140.6886292,120587172.5100708,89292614.11643982,3098304175.898514,2158284925.356617,15130175034.775318,575224721.5617752,350542814.0657997,23584288.0,78517171.44485474
2012-07-18,1203329768.280182,659477736.7198849,1218523417.2555542,123199516.42223358,85616498.89854431,3034386364.2713165,2181405392.180958,15009697544.630665,557816186.232338,350676785.3277275,22379320.0,77206996.55267715
2012-07-19,1183008010.075674,637217722.6689816,1132732143.001709,125528723.23863983,85806050.59482574,3021124027.8644943,2187950535.671425,14614133482.18628,522135993.1066513,337897942.86741334,20446684.0,78035876.32665634
2012-07-20,1163513632.968464,635609790.2347469,1088870318.9295197,121260357.15948105,80227902.74120331,2962079155.0216293,2185403149.933033,14312777037.65064,508285208.6678314,325138400.0744446,19000916.0,75285533.20291519
2012-07-23,1194465696.6186523,634801670.9469509,1077536272.4648285,124269996.27412796,79987341.2078476,2983535426.3092422,2239441162.515621,14401522301.035425,502392468.99887085,325876268.35930175,18977132.0,73829840.50676346
2012-07-24,1198446679.8270035,613911412.2999477,1080189355.1600647,124491444.48581696,81285134.8745346,3007251320.726471,2308031545.671463,14557931656.225586,506322548.28567505,326856291.7085098,19960396.0,70822511.12195969
2012-07-25,1196724315.411415,588064007.284193,1106283338.0484772,125683314.8387909,76814243.75514984,2991533566.6685104,2351465193.7193108,14503197333.556747,507288244.455719,331271175.7875656,19911508.0,69529454.1484642
2012-07-26,1229528787.6876068,586324999.6825314,1126855154.8740387,130930281.44025803,66095402.83668518,3011624696.087532,2369692972.3944664,14774593434.782791,511531968.8028717,326599804.8885559,20587468.0,69043914.46228027
2012-07-27,1256544210.5897236,590200254.798603,1137707251.4574432,136449255.15253067,68745863.56590271,3046442848.4879684,2354957855.251446,15180952230.666962,552971539.6224594,315623165.45603025,20504292.0,68688680.27853012
2012-07-30,1203679101.9293785,579945165.8336067,1113947649.7994232,137609655.90848923,68854235.38684845,2924076255.6473923,2336321590.8807945,14628805270.80597,541783531.2591553,291826903.8321518,20535980.0,67159929.46199417
2012-07-31,1233036748.4178925,593467276.0696793,1171052352.2177124,137080817.895813,71448599.85843658,2904950886.002846,2340329212.910328,14586571781.066742,541078847.8577805,279088091.1029495,20988476.0,63192604.42173004
2012-08-01,1252030410.1135826,602386036.0587311,1230016914.5385742,140616971.28671646,73031491.10702515,2998890391.614971,2383175405.7572174,14899267103.542706,551452747.1729279,270851143.33101195,21755504.0,65242472.03409195
2012-08-02,1275960862.539568,616488518.1685448,1277219219.918518,145602084.0093422,69125429.84863281,2992383995.7689476,2392317092.813549,15291747796.691626,561037980.4629898,268194589.8039337,22701328.0,65700411.086826324
2012-08-03,1294476523.3929157,636393399.0672874,1306060861.081543,149981878.8378334,67593571.65935516,3034564356.964245,2399155868.345413,15350885114.837494,575315340.5065155,273309506.7816223,23680540.0,65958215.01050949
2012-08-06,1300401442.323885,635301773.4543228,1307677878.285141,152080559.23807144,69012406.6236496,3033216101.7933846,2366996392.85738,15272812729.846918,566677020.1239777,274062369.49763185,24665640.0,65960404.91416931
2012-08-07,1296125682.6660252,633077634.9150085,1279805397.8484344,156128108.20676804,71367683.68385315,3034723004.3582344,2317314777.1785164,14992452892.58995,576286597.5244904,272989051.890303,24637316.0,67767948.6945343
2012-08-08,1297995664.6685028,624609853.212738,1255821081.446762,156146778.39744568,71484531.34635925,2995749656.9574547,2257168936.204567,14741247640.277899,581133563.3897018,263606970.1215683,24698276.0,68278792.92638779
2012-08-09,1286760385.1989841,611033501.7127037,1193828598.906021,158337766.19081497,71416637.95627594,2894400580.3234673,2158909830.656662,14487353593.553583,585040103.1287384,256339736.11128387,24603104.0,66476878.32365036
2012-08-10,1282401329.125204,616629701.5430641,1190888997.2735596,156693341.96191788,72040472.53723145,2841494514.1734123,2128194107.3223877,14348356939.988214,586702717.1857452,254416553.95220488,24378500.0,65496359.88225937
2012-08-13,1305419919.475813,622859983.6668968,1182524555.5125427,156388259.7374916,73540072.13439941,2840694721.2685204,2109898538.2289314,14268864718.982275,578558720.6494904,250169065.48689574,24901516.0,64793662.86432266
2012-08-14,1287711874.7987175,612944330.6582451,1121967562.4568176,152896099.8790741,73521659.23454285,2782345449.436779,2062272816.3725471,14091559217.317047,587782911.3167572,242310213.4267746,25421428.0,63888619.00348663
2012-08-15,1247682519.1946602,614497078.061924,1108732436.4872742,149940449.99137878,74771025.71464539,2719298959.237423,2021987597.2990227,13873847251.63296,616695226.7575073,244319800.56873932,25972564.0,62674047.580566406
2012-08-16,1239618625.8947086,614443789.457798,1131367816.3264465,146068067.9190445,74347150.85571289,2710407582.0894814,1976621606.0066605,13796235420.37052,648302133.8031387,236436661.93433684,26744488.0,60763275.79645157
2012-08-17,1246544396.824007,604995961.3397598,1126629805.8891296,145006420.0083542,76426811.67331696,2685267655.019474,1929469984.0691376,13537775824.615288,646427522.0934677,231226182.40808564,27092264.0,61341271.75251007
2012-08-20,1212192035.2964687,596788379.6957016,1148102834.60495,140282859.14173126,73597305.01407623,2643125248.0661964,1874237015.2182007,13204837585.17685,637516278.6936188,224571120.8925827,25846736.0,63955808.40465546
2012-08-21,1189164742.0777225,600791459.3626785,1191882801.5414429,138432935.02428055,72631767.89611816,2614178618.0080605,1839434714.5898247,12881559090.652122,647001900.3282547,223192897.21059266,25912620.0,63035974.02706146
2012-08-22,1195830479.2537022,606392951.7785263,1228275709.4805908,136384059.01000977,70485252.63969421,2622091463.097744,1846332629.3235588,12944283740.59948,671269735.8897781,221494514.0977661,25123120.0,64100822.497406006
2012-08-23,1182214022.7282429,604701258.6812592,1310243435.8358002,129558850.02017975,69241705.5027771,2585880406.4842796,1815192694.7738838,12723274959.075584,672243162.5121689,229516689.77410737,24479272.0,66102748.80250931
2012-08-24,1158816819.8329735,591802443.7663269,1302079243.635025,122089400.45379639,66181131.81995392,2450520556.6882515,1808828839.074154,11987636491.550179,629447046.6438293,227363175.47196808,24326080.0,66997342.05160141
2012-08-27,1132587029.6222591,571882486.4211464,1288716654.8903656,117785693.2491684,65367893.916511536,2415846758.5159492,1762819826.7782402,11788698753.494873,619657119.2965698,231866122.39987794,23861624.0,66640038.409900665
2012-08-28,1083143353.7705898,533352538.585186,1244285143.4863281,114080845.99824905,58916962.38246918,2353036128.7522316,1746351724.5884132,11557232419.324379,601478043.1175232,227022842.18905336,23576528.0,65505138.04458618
2012-08-29,1056537447.6734734,523605972.21796036,1220234352.8237152,109806675.17662048,58045174.149246216,2254238666.9461823,1738664970.453968,11174066841.303482,582598605.3579712,225772986.90315247,22966960.0,62721151.7399025
2012-08-30,1036349233.5825348,526871769.87493515,1177971345.2485657,104461298.99246216,58118191.44805908,2198439965.9548187,1696285593.756218,10636874351.902351,564134188.0456543,221311652.4567581,21982800.0,62216429.71918106
2012-08-31,1007318133.7340355,528363637.8243065,1242976681.670456,98420496.75754547,58727351.45133972,2142262645.030632,1701098356.3949203,10615665775.541954,564695030.7125854,215929265.885408,21843040.0,63638399.84735489
2012-09-04,999190591.6983032,543348138.0348015,1305917471.595993,100773328.17224503,60139309.498291016,2265214788.4666443,1728816788.6527634,10807938814.70295,574844085.4415131,216115636.4969101,21378648.0,63541133.46010208
2012-09-05,982197674.770546,542517916.845684,1328658614.1819,96181228.5708046,58384378.62163544,2218820172.057724,1724215772.1110916,10761373864.56337,561515997.0668793,216414030.5125107,21526588.0,61947316.9830513
2012-09-06,997934656.7343616,560537072.7635002,1407189611.509781,96598753.7915039,60440571.28265381,2286786078.3580017,1795874775.6399727,11159250968.31253,558279883.3913803,228092041.94299012,22652812.0,62968481.17509842
2012-09-07,1036236539.3875694,569982281.7526436,1543430761.073227,97645386.86433792,68101135.08663177,2318664828.3120728,1835930669.651165,11268539147.679176,557158507.3377228,241861535.19708863,22837556.0,63678714.97238159
2012-09-10,1043105864.5465183,566222433.7125969,1572130026.855545,99025586.167202,72687881.8447113,2338951520.8007812,1853179846.4936638,11203940953.457146,558006664.5833206,243446944.41708374,23781752.0,69087599.14421082
2012-09-11,1031868368.9099026,567315408.1099892,1599615315.4536438,104408993.76981735,71275584.2728424,2350179193.0272675,1884521541.448326,11266397075.807991,557718773.2936859,246961912.49975586,23707664.0,73267075.91840744
2012-09-12,1058379068.2478523,575360701.493473,1643751102.9040527,103591905.03908157,71350086.85691833,2368417373.9006042,1940946074.1833878,11197391364.655228,553342957.6223755,249880551.36512756,23228556.0,76901854.11987305
2012-09-13,1178619453.6862373,590494985.3891373,1847610782.3257446,111297625.97604752,73466507.14637756,2524751755.1504517,1994292356.0291672,12100671531.088219,557754577.049408,253588896.6631546,23641056.0,83619790.75946808
2012-09-14,1255342210.2373886,633148015.03191,1923144598.5753632,112727859.73333359,74217362.87117004,2534800319.7374344,2007608022.4207687,12457286218.333702,571288271.7767334,254429840.884494,23773936.0,90597277.73492813
2012-09-17,1259822160.277748,630270851.3515472,1958048211.0556793,114776003.92374039,74069594.3555069,2529089489.850807,2038183305.7099533,12638197911.09291,567805602.5302124,289666286.1487732,23572328.0,92000608.67012024
2012-09-18,1274666577.3975945,643033591.4507866,2003563490.972824,118863447.3164177,72416250.5947113,2535949750.801201,2041157634.5651245,12767204929.297447,571464386.5819168,294577118.8048035,24635268.0,91426482.47184753
2012-09-19,1293934604.754734,640364297.8494835,1987954173.3459473,120732772.00790405,71449294.2741394,2492274910.571251,2029971681.9555283,12918474479.772682,556154477.8074265,319194608.1298401,23555208.0,92528321.85596466
2012-09-20,1310570291.091385,657836095.832653,1953354789.6445465,121340300.2655983,70219685.85762024,2489232358.8734818,2027377759.6854782,13063510655.270195,527041790.64785004,320936109.7309402,23793284.0,97104314.88998413
2012-09-21,1329230088.253498,668797213.9671516,1928705498.855896,125774570.93446732,71180005.11444092,2519339575.1862717,2014568095.4094315,13073995440.03849,513879596.9623184,315769845.3430298,23593708.0,104219022.79083252
2012-09-24,1323111978.80126,670569867.0234871,1938384915.2877045,125368164.3665123,73704531.90624237,2626427089.3248367,1998634085.0198746,13071363663.570137,507795530.1428604,317360299.81900483,23308564.0,109095201.71590805
2012-09-25,1364670633.7347507,688929911.100502,1983481577.7877808,133815599.6298027,73727218.19717407,2807414594.715233,2062214063.3348465,13446117250.64888,515965742.5699997,314248857.69284517,23496792.0,116471843.99255753
2012-09-26,1396772165.6335163,703055867.5940323,2044908076.4698792,144198657.81326294,73057451.9355774,2857187372.5699997,2078681820.5321884,13854059840.336304,532013833.41632843,323046110.915094,23953560.0,119237698.31123352
2012-09-27,1413493159.8922825,720489983.5600281,2061151360.5906677,149232637.08927155,71188937.04658508,2869101872.1424484,2075692287.3773956,14128733195.526123,537761329.504776,322953489.0306488,24276136.0,119845656.61466599
2012-09-28,1445466591.2792206,755167730.9214783,2097695676.2532806,152876478.2347107,71077360.45021057,2939439756.9491196,2094175921.127739,14451955412.450598,551483089.1159058,323322823.0146637,24170668.0,122672923.37739944
2012-10-01,1447315840.488987,740952040.7763672,2041670813.1691742,160739045.21043777,72280652.28046417,2977085921.102295,2081684944.7018433,14384161770.13706,532134236.58340454,318752051.7672821,23427104.0,127521635.29209137
2012-10-02,1457129538.2709122,725767053.0323792,2003395432.1927643,159101608.1879425,70859650.2035904,2830333142.8992844,2086563803.9640236,14365395920.953638,521082264.6505356,315067572.0765335,22983660.0,128933845.25590897
2012-10-03,1473496552.5215054,727140130.3651428,1983054760.6024933,162782684.36992645,71490216.74110413,2845066682.787285,2125259368.9701843,14502928826.696243,522244449.55509186,329587324.95168304,22406704.0,131341516.31967545
2012-10-04,1472140361.0234165,714573171.0768127,1966272784.7647095,159608548.76773834,67507860.22953033,2836259036.6168594,2072958389.5032883,14326752023.820227,520670233.445549,327860474.7027618,21115808.0,130983079.7397995
2012-10-05,1465196743.5738754,708292334.4476128,1881653092.062683,157677253.45668793,59741335.83950043,2867891182.63546,2048814840.7575226,14438886548.418615,524173295.52272797,321198054.11754763,21314704.0,130863597.45632172
2012-10-08,1460511468.1816769,697723298.7098885,1848992909.7899628,155504457.79201508,54906761.89620972,2834497391.150856,2065297699.0117645,14402559600.9914,509904980.912323,319383198.80598146,20119348.0,127025337.03960419
2012-10-09,1479165659.7861862,697489338.3053017,1852102778.364563,158485319.70853806,54956202.07199097,2874383295.146446,2178144537.347641,14748018539.348719,514863309.56474304,331605501.7584656,19839180.0,124410417.90689468
2012-10-10,1491231968.026371,695596550.6435966,1831481424.1271973,166063519.35552597,53607090.480537415,2881603504.476433,2184023085.71579,14953629819.662664,508360458.11157227,335418222.1181213,19612916.0,121527260.40563583
2012-10-11,1407129457.0687294,680259506.4381218,1637715546.1291504,158997653.8604927,52678165.21305084,2769455854.864044,2134325124.3708038,14356038056.123163,479437159.4921875,331697497.14308167,18600932.0,115661144.56727982
2012-10-12,1328606453.0973244,630641271.339283,1563281315.5493927,159432393.03712845,50249216.0634613,2713360565.4390335,2087141680.3975868,14075278509.479406,432313850.825119,326113647.1189621,17860444.0,109351646.74402237
2012-10-15,1309822636.3609505,641307029.3738747,1557270586.00914,157857532.1967125,49849145.80410004,2724110694.7613525,2054517357.3317719,13999737672.683905,422400422.13092804,299576841.2189621,17277256.0,108738974.38007355
2012-10-16,1336306653.0949783,645717262.4729156,1502614721.0790253,156595496.38225555,49892116.69670105,2708161014.616165,2072730791.9307709,14058757529.846954,422886129.5209503,295660406.18225557,16640196.0,108640449.4871521
2012-10-17,1367479945.0920486,643028524.7203255,1468360694.0258026,155867429.9843979,50523542.610054016,2728061470.6082916,2060073235.606079,14063141931.993677,427132172.4494171,267321149.12737122,16545436.0,109859337.16747284
2012-10-18,1372207353.9363194,636707986.6180611,1449506141.226654,154904777.26444244,53425239.03049469,2713945544.8166656,2112114559.7382355,14028539445.146103,443186998.7323761,266732907.6174759,16250284.0,105805316.24752045
2012-10-19,1371156733.1346798,632812717.4972153,1450339229.587326,152527911.53802872,53920654.81498718,2758795971.6906357,2258352731.9312286,14452706965.960083,457685473.747406,274913310.7336899,16816820.0,97982470.84409714
2012-10-22,1392193480.9565449,629463779.495163,1425187628.8197327,155111547.80212402,53164234.329071045,2670257474.419098,2271438551.315651,14613301259.508896,471088045.86898804,294000169.305658,16854108.0,92504895.85809708
2012-10-23,1405408959.8372746,621502128.9710617,1435052321.9503021,151232108.9892578,52923871.63341522,2547990482.847061,2298081556.523628,14927598399.784204,470378068.682518,306355631.4677185,16963152.0,86544366.0379219
2012-10-24,1390931170.8515072,602980588.9182091,1421596027.152481,146523852.38822937,53845039.8015213,2484783319.555435,2314229136.8359756,14768129570.46612,468037532.6945877,309053869.9873886,16328996.0,84673577.5107193
2012-10-25,1391522809.3508434,593867968.9188194,1388998712.8806305,142409211.37012482,54389365.80734253,2462786022.0711517,2388986311.855278,14880150638.154602,468102487.78541565,309132797.579628,16343756.0,85543323.25767517
2012-10-26,1362054051.7324162,538899569.2716217,1359233882.8672028,144507694.56501007,53582676.05293274,2449996460.8883667,2454707217.837696,14838542916.576916,462401776.7688751,312365065.739151,16677052.0,84367409.72446442
2012-10-31,1388838183.0883408,545600597.8845024,1306312771.3298035,139158923.6374092,51614244.104385376,2382234368.3355713,2451140986.7702866,14641493485.620117,462997387.35588074,310436287.3196701,16824880.0,79633262.69500732
2012-11-01,1430136933.8532066,554079606.954937,1295584424.8809814,136865703.42432022,51876338.1962204,2556940735.368843,2428520914.368801,14564045216.0289,463267399.8189163,315076975.66612244,17302948.0,79238770.26346207
2012-11-02,1449314256.0940456,552651574.5855522,1366923295.5522156,136067415.58898926,50208670.681266785,2555554509.866829,2438765796.6329384,14638806355.177038,461863715.69797516,300958243.3677376,18038560.0,78597368.30123901
2012-11-05,1432084235.9453964,541320333.7897301,1327091307.8204346,139393932.47947693,51922841.773490906,2495072161.2639236,2440143955.1883125,14472789927.460327,448140803.02207947,291482930.7226326,18147972.0,77403816.44544601
2012-11-06,1423924896.1793423,537044994.0328217,1383996428.4355164,136952617.06666946,50648077.990989685,2445312147.157173,2449349437.3325157,14356952681.097372,432285781.5287018,295317045.2448799,17855424.0,76979321.47403717
2012-11-07,1473238955.1776981,562156363.5987854,1461586520.6375885,142544795.99874496,52969025.11009216,2589710071.9565964,2557243540.6059074,15362680758.14533,468387292.4835205,311462284.03000563,20066004.0,78176349.68006134
2012-11-08,1516757609.5508385,569755933.3837128,1469481096.7837524,142586962.28096008,53499926.542282104,2574863212.7563477,2518484758.340473,15504193569.752583,485463323.3488846,300434122.3382637,20387572.0,77197079.87182617
2012-11-09,1530218333.7700653,581881579.126358,1468367027.2273254,139301097.45958328,53712660.31955719,2572552625.577545,2529553565.734577,15897508355.586054,484360848.0866623,297133666.04853135,20735136.0,77887213.0906868
2012-11-12,1532464180.888071,578824761.1244392,1466697721.8727112,137611820.9491539,49917327.80380249,2504670656.4824677,2531284091.0510826,15731374667.443085,471356713.2592392,291253119.6118263,20859372.0,77171541.35656357
2012-11-13,1563458245.6657505,587661755.5899429,1450412798.354187,138914456.81848526,54707452.814826965,2508552951.5662003,2578709325.2080917,15700082507.04216,462847137.75058746,293052666.896389,20959788.0,76938847.61558533
2012-11-14,1605011904.5587826,585441315.0268936,1431426547.577591,144506268.44148636,58136809.18254852,2565883405.9597015,2741096367.6398277,16114680840.581589,470339703.9947128,294031513.26872635,21218760.0,77260242.68850327
2012-11-15,1604642400.15975,577551658.6200714,1462110126.7102814,151765856.0901451,61656440.44151306,2643574744.401779,2790273837.6974297,16443310610.64129,471821072.97439575,302423579.3757721,21197448.0,78445702.64696121
2012-11-16,1595339945.1180935,580145207.0350838,1475594444.3523407,155404687.9675293,61627392.387046814,2721927407.4009705,2885379352.789707,16988314334.831125,463023897.5235748,309766049.458786,21271336.0,77821405.58805466
2012-11-19,1611857623.8866615,575351088.506813,1476611655.218811,172555002.6519966,59923266.45511627,2762870985.286064,2857594238.3314705,16967828858.045807,443460803.219223,310827390.2169525,21712792.0,77562498.08357239
2012-11-20,1610660504.0281677,564374033.8140488,1406897713.7551117,176844169.87024307,60614772.75455475,2702213876.0829163,2785052290.742836,16575773112.86911,431589428.518486,317408175.5009521,21128288.0,78269321.51895523
2012-11-21,1620319300.4592896,556968512.8682327,1385481367.5070953,176696402.93064117,58775565.35194397,2661571055.242653,2727423716.6929626,16314973076.400986,413330949.87392426,303819317.72193754,20672376.0,78762656.08886719
2012-11-23,1591214214.0413475,540309497.8606415,1338929261.3487244,170327044.54553604,58995516.684799194,2590818449.779167,2622017356.2980843,15608626754.676702,393383195.672493,284906324.8905838,19570840.0,76782908.37705612
2012-11-26,1597012603.4368706,544301166.2224197,1295506556.7999268,165516799.97104645,62403869.54978943,2612880430.9178925,2583095452.7238274,15497237700.215723,377001312.40070343,268110446.68444365,19358596.0,80412925.38835526
2012-11-27,1594675377.8696346,541413759.6519852,1298985625.157013,170340621.34084702,63006501.5586853,2652606294.58519,2505041286.6451836,15459253895.085566,366044307.8159714,262014733.98313445,18775540.0,86770309.96133804
2012-11-28,1609255319.9740887,563040111.2091255,1352804416.7812347,174620773.553257,65619948.160476685,2686450177.78183,2456164034.492569,15633138779.431,356630567.8371811,259976677.02444,18502332.0,93414608.86356354
2012-11-29,1613291388.164425,560452420.6724548,1376001482.575531,176765543.78585815,65996551.845321655,2783482452.7957153,2465462471.724739,15903269208.415222,347257696.59915924,260742874.42476195,18186404.0,94121454.54277039
2012-11-30,1608800187.052021,569558754.306221,1395874139.4052887,179422365.44754028,64584812.15961456,2640766720.854225,2484550010.5153275,16099933677.530212,347744161.5892029,254286390.14411622,17771236.0,95945839.1421318
2012-12-03,1599918323.3271217,580468260.4535294,1328707715.5535126,185339242.63093948,65507543.42151642,2593065141.842766,2439267313.500519,16026579065.46139,356166953.25927734,250143710.57839888,17046756.0,98035473.71032715
2012-12-04,1623422755.574236,597504421.4566231,1362391256.533966,184903064.91096497,64221483.186416626,2628875460.230217,2502018519.561901,16186501622.462845,354936370.15678406,244241280.48701096,16897248.0,99422060.35434723
2012-12-05,1643697138.8798141,618233010.6347847,1316288175.2853394,192042884.5320511,64330057.886390686,2672953942.5286484,2571549129.8683357,16404794982.599411,344767507.7000427,236082328.85369492,16652076.0,101390392.46284485
2012-12-06,1614923371.4256287,605047046.2343407,1266500389.2611694,188998525.93240738,62189752.08656311,2564077444.092102,2507707537.730999,15526608978.35083,312011346.5373993,224255746.85890275,14433660.0,101146944.17125702
2012-12-07,1557346825.4694366,592365445.9310532,1252537893.6709595,181386255.64718246,62194112.62256622,2505971404.6889877,2430044434.899273,15149171193.143957,292261940.85811615,217938778.66634446,13762260.0,103134633.17983627
2012-12-10,1548242091.8832588,588287284.5784378,1229292054.6842957,177550492.20020294,63566111.331977844,2497065345.7889175,2380862662.105236,14609171600.785028,279719915.8518219,211983350.15533525,13471228.0,102356700.90835571
2012-12-11,1570982187.4672222,596559270.1935959,1221134053.1044006,180228413.94834518,65444683.23928833,2570441712.636261,2408289201.2836647,14939529046.869965,286822931.2226105,211816166.09375763,13596964.0,104123636.22245789
2012-12-12,1577300526.4314938,605224478.5192108,1284537298.6078644,178191216.97885513,63619511.663131714,2597784315.3208923,2421471780.157852,15096630996.689642,304304742.7386856,211638652.61634216,13244164.0,105493931.01671219
2012-12-13,1569526494.2283535,595140729.4664001,1290116664.8890686,178298069.85479355,61102823.56342316,2536782318.665886,2324759722.1204185,14833481357.138483,310775067.9418564,197061192.44955978,12955060.0,105893613.09642792
2012-12-14,1548886501.573763,602791980.0741577,1250797729.6809387,169299169.74113464,56776686.6865921,2455516662.8303146,2286711529.584255,14651932526.225204,303014910.8175278,182213303.67121506,12381220.0,104995839.43189621
2012-12-17,1555572995.3975773,613680894.6576309,1260405065.5833435,163961131.36302948,57075180.23887634,2377786453.9950943,2213678942.2161293,14176235202.863312,311821474.78286743,170555645.19896013,12116552.0,104931058.51976395
2012-12-18,1562966511.9300365,631291126.1249733,1398082718.6816406,150739281.8552971,57567644.36248779,2416070179.0462494,2221348086.8139076,14364059563.256607,345860568.25935364,160966482.22086868,11806264.0,105876946.04375839
2012-12-19,1569418129.1596508,643786064.6746826,1457113701.685257,147683991.63908005,56356292.496147156,2467328164.212227,2176419293.2063484,14565010713.701248,346258222.758255,142938511.77031478,11827456.0,107752386.27592087
2012-12-20,1586904303.6241055,660723053.6587143,1626035348.7781525,148316143.09232712,56689738.08784485,2582008776.270981,2240743926.214218,15079788486.361847,354872385.3419113,133441422.05890274,12463064.0,109336541.04681015
2012-12-21,1633653518.1501675,687912543.7592316,1682003695.8726501,153186359.6243286,56815990.30220032,2708831812.9270935,2342362042.182312,16109369370.57808,376149108.9284897,140074084.8918007,13404820.0,111946510.32381058
2012-12-24,1604937412.6920414,677807393.5747337,1666156392.7888489,151154116.77366257,54306414.717178345,2639597920.376854,2298979323.0218124,15857067611.896973,368692728.4269333,137860692.02162248,13086628.0,108604895.96448898
2012-12-26,1585178943.8119507,674842094.5702934,1644343679.0306091,146958040.8976364,55095500.05039215,2591710882.208214,2287104541.517601,15747238936.910553,367225687.34241486,139682793.45568925,13127308.0,101770972.24514008
2012-12-27,1582843634.6442413,659274229.4776154,1609104632.5518036,137783314.27021027,52622160.657691956,2542158265.3656387,2330870783.160057,15703426113.559072,369896968.97117615,135551946.3814476,13445380.0,95272146.08259201
2012-12-28,1558284844.748249,658405351.7002296,1601865060.0784302,134638066.80192947,51554856.513786316,2479305328.9370346,2304655812.6532555,15684219124.586752,374709293.2738495,133152946.79487534,13721068.0,93487750.1584816
2012-12-31,1546036864.8488808,658869110.5333519,1627501946.762619,133933944.05607224,56271456.11896515,2596071153.8982773,2374226625.479908,16298186616.861536,385622356.4120865,134872715.09144974,15089444.0,94498089.2934227
2013-01-02,1642326433.4843636,668904671.8320847,1659752202.4539948,130815467.46068954,63437684.966812134,2935091308.441353,2504187416.026211,16716847669.10759,393107820.770874,135850234.199955,16269892.0,97837656.57438278
2013-01-03,1677795335.7908154,679071072.9187965,1705731884.0293121,132803518.91542435,69941698.77227783,2974680834.6884537,2501068372.6338387,16844382974.06311,422472867.16503143,137324157.60688704,16259128.0,100353114.31812286
2013-01-04,1668136693.62072,668409340.9251213,1772224603.7699127,129289624.20221329,71760861.90952301,2946231226.3877106,2446226214.270897,16701531145.808752,452863873.1605911,139651859.4630684,16529488.0,100304446.79235458
2013-01-07,1680965298.5918045,671605562.2400856,1786796529.0415192,133617707.5551033,75464157.06558228,2923889008.2816696,2387993581.685257,16761291504.289932,460006677.64621735,134281825.45103684,16684160.0,100320942.36055374
2013-01-08,1707121654.0185165,679334300.2389717,1788373690.1674652,133428274.24022675,74830041.83872223,2928008151.3251877,2386587863.532028,16851643727.979736,460799241.7694473,135312803.54758683,16962836.0,98024562.83542633
2013-01-09,1688013618.6755562,671409711.2147713,1816731165.6475067,133599127.36207962,74030314.02484894,2928266833.2593536,2366826853.5396767,16822218107.845917,467481564.96559143,135007449.66319504,17068396.0,98571953.28865051
2013-01-10,1672567793.8528633,676737511.5931511,1870197262.0468903,130246403.6702919,73801503.62346649,2934470440.180664,2359999750.1622963,16722869547.385483,474271604.9355316,133231399.65426941,16981840.0,100181430.36462784
2013-01-11,1670934040.6358147,667382375.1026726,1862922748.2015991,127336422.92009354,71324905.34984589,2894603513.8568115,2289222944.367199,16562690535.872614,464014526.85993195,129707207.00358887,16813952.0,99756351.4394188
2013-01-14,1688166332.4198914,661470516.7240715,1845094384.2332458,121331496.6182518,71730158.62270355,2869248811.80233,2267267192.152939,16322183016.385077,449787807.78476715,130777534.06196213,16709416.0,98392593.94611359
2013-01-15,1716660541.6111374,651453200.8041573,1883088014.0464783,120061109.93330002,71910097.19848633,2899400410.8236313,2247639734.808979,16094791019.34227,455638448.6648178,131842741.8285141,16760720.0,97798517.15536118
2013-01-16,1680182154.4478226,634386504.2934227,1890825685.3866577,122572282.52555847,71404042.90081024,2851495912.4448776,2225511636.321144,15895055412.11933,444703678.10626984,134636655.95216066,16943012.0,98163716.58964157
2013-01-17,1646603219.2721558,617797556.2499809,1818159067.240448,128739459.29491043,69768483.93501282,2789858677.5191116,2157244963.2445908,15662686882.328339,423795558.3288193,140531398.1745514,16614332.0,98161734.20440674
2013-01-18,1651444329.18787,617882249.4865608,1794984160.0665283,129460452.39732742,69308668.1463623,2703254620.959282,2150559638.589344,15804950051.397552,422786769.1040039,138471980.27497864,17044156.0,96239662.02903748
2013-01-22,1635795332.6308632,606151905.3754044,1664415547.7025604,127517123.0981636,70178588.93875122,2643024662.588005,2126978010.1327515,15502924060.509491,419863628.55766296,140932711.83540955,16656020.0,95444247.29290009
2013-01-23,1583388605.246048,583515620.3980827,1611281368.1197357,125441985.73863983,70590138.20114136,2571526687.0619965,2074487302.6758385,14729178678.831366,406130976.10847473,141417193.4314972,16181688.0,95896197.24058151
2013-01-24,1617235673.9709282,595632168.7224388,1688014255.7154846,129979757.84503937,68480500.37376404,2685237062.47406,2168228528.8840675,15293360454.896967,418807303.82881165,147298170.49814758,17021616.0,97141065.53297043
2013-01-25,1663133985.4898071,606395475.3439903,1720719258.5603333,130693510.10814667,67615775.32783508,2729802695.634117,2223053153.2385063,15569671839.435694,444805475.1260376,144730003.84058532,17130112.0,98073774.36916351
2013-01-28,1688550136.9944954,608575009.120369,1716755195.6732178,130779952.6821518,71065834.71374512,2766772730.6876755,2169490253.150921,15301280467.112005,451320555.2066803,144632531.15786132,16687184.0,100455526.88489914
2013-01-29,1696462557.7065086,600000343.246212,1721030734.246521,128795579.56071854,70740332.1711731,2788147457.3584366,2181915104.9613,15106179638.298609,456983446.66763306,148340683.83418578,16654424.0,101417244.14812088
2013-01-30,1693524089.7958183,594115432.1487236,1722945821.9947815,137179967.37512589,65559409.4770813,2696130952.7999496,2117557133.2688332,14545829347.258875,468673922.39479065,150054929.81977385,15613792.0,98023520.15636444
2013-01-31,1607199328.8494682,587698798.6119843,1713070021.225586,141623156.00990295,58927351.3816452,2410795663.732033,2009396093.8428116,14079726575.936243,465350197.56183624,148471672.03473967,14705468.0,92091432.37056732
2013-02-01,1579918057.9243088,583005069.4322586,1687332933.4658813,145625640.9919548,60664071.72958374,2372728068.380928,2028520243.976345,14029793425.323603,468285070.2025986,151388804.8151123,15270040.0,91915255.52207947
2013-02-04,1573146186.592369,588554106.5574646,1593047265.5245972,147652306.4643669,59543124.1078949,2364616963.5492325,2071427792.7865982,14295405845.604706,466780422.83664703,150228425.86533967,15369456.0,93002013.87550354
2013-02-05,1556858898.8550186,591807167.4209023,1591134864.4673157,144122326.96577072,57188320.89141846,2378576493.302498,2097596354.0730095,14341045415.652655,476360888.633461,150943948.78900298,15578912.0,93400137.12013245
2013-02-06,1562735261.9869614,613762360.2640533,1579204185.469284,145622032.30251312,58970495.9375,2384219733.2502365,2143193541.8451118,14473081972.838251,482126815.5925751,151874083.36758575,15649188.0,106993033.0801773
2013-02-07,1576632304.7843552,631991754.8322678,1616124095.3314972,149844266.60852432,60749110.882110596,2398073234.593773,2205241435.288067,14921293740.61062,490181663.09043884,154048521.21674806,16205948.0,106384700.99121094
2013-02-08,1562286924.5129013,633541033.6237717,1572696415.7524872,153277090.84960938,61789092.48703003,2348116719.402275,2213637537.5855064,14779425324.162903,489913216.1507416,153578710.10889283,16481828.0,106477938.6220932
2013-02-11,1513555866.0209274,633824965.1210403,1559053556.2780762,155853810.53834915,61796112.71362305,2307800514.3873215,2203678758.2562065,14558772356.40709,485107229.69234467,155833866.5234375,16958488.0,106902003.98630142
2013-02-12,1473973387.7035522,637092091.4789581,1561196727.8420258,158786101.60619736,60033048.581848145,2294156795.9555817,2160394295.6900787,14430808145.711401,490656152.0252228,155256851.49284667,16831076.0,108176093.58943939
2013-02-13,1434939853.4841347,630418028.7245941,1550549110.2896118,162246877.21647263,60728333.52600098,2253043731.2340546,2137429824.7506523,14384052215.981867,494806107.7787781,159203259.6413452,16939332.0,109150907.3739624
2013-02-14,1429481005.6869698,625893009.9794769,1573868327.6390076,160993666.85749054,62503391.896972656,2262415591.7565536,2110629512.835846,14260647401.972118,505615806.1136627,155671654.05223694,16968900.0,108827659.21897888
2013-02-15,1432409384.7008705,620456325.2955246,1634116947.968521,152787300.1376915,63463631.28681183,2248532971.7160034,2091120239.0639496,14774092967.630121,500413490.85769653,156377276.80627137,17125904.0,107072202.91683197
2013-02-19,1437494164.874363,623693642.4295425,1643936253.7872314,153277783.97205353,63199628.90209198,2244280635.7798767,2066688858.361168,14352113427.84405,510646645.80322266,156815363.0173065,16701648.0,105953597.22715378
2013-02-20,1437359613.9412117,634465878.8826942,1807813706.6983795,156711005.25238037,64263758.53450775,2285188758.193512,2084960985.66391,14655042491.731604,533045097.3528671,168602636.37425843,17812008.0,105153967.12673187
2013-02-21,1509315456.2278748,680650882.0126343,1890252220.3643036,167929105.24780273,64552941.141319275,2332750317.6870346,2124612304.0195465,15129227006.71043,554662944.3293381,170986042.86948243,18931056.0,104784721.18890762
2013-02-22,1562783047.0753288,699693960.7917976,1861007293.0877686,168316957.78396606,64691206.95209503,2278135871.3211823,2063598887.8991318,14901979669.27589,558898900.5998993,170199332.84925538,18444360.0,104027376.32333755
2013-02-25,1605651695.739603,743556074.2704582,1861634818.0084229,174465229.96694565,74055471.5190506,2347328021.2386703,2067391609.706993,15478106758.29475,588887724.4062042,170859501.17311707,20536412.0,104887365.39308548
2013-02-26,1624158052.083807,763374904.4679832,1935600839.068756,178421091.217556,72246875.93616486,2364543935.483513,2093792419.2255783,15914154784.920654,604498287.3448563,175382407.3398117,23199116.0,102870445.54821014
2013-02-27,1622088133.1362247,769641835.5905724,1950480536.8601227,183368143.9970398,71942335.8637619,2380633760.491295,2096279141.121807,16191365397.42832,612550740.8043289,173335000.73219147,24459716.0,101257056.55363083
2013-02-28,1614247700.6251812,766826894.0003586,1966798100.3940582,177130156.4706421,72288187.19127655,2352393643.619499,2078737581.4800835,16136067873.325994,598702658.5100937,172477595.84110108,25344388.0,106720413.07252884
2013-03-01,1614438639.4443035,758387947.1606827,1976770876.7829132,174697446.23048782,72233480.87509155,2401562746.51783,2069731175.6995392,16518909619.42959,603276750.7609177,172793155.97444,26600568.0,110184258.26616287
2013-03-04,1600839244.896059,747108758.6081886,1923193455.0157166,166818439.27352905,64341314.03091431,2378359063.003807,1967673152.5094032,16332366329.151117,578258138.1636429,173005816.00394744,26534376.0,109819747.25149155
2013-03-05,1601731541.4678288,743588365.0418282,1945935967.4534607,166612972.45925903,62494436.50539398,2414965489.4002533,1932821951.7058182,16131759677.627491,567449613.4352112,170960181.16034546,27080176.0,109993038.62571716
2013-03-06,1602831279.9713802,747305019.9085999,1956394024.920044,165596933.0578041,63689713.252220154,2425081613.765106,1915940129.8558235,16028089052.84176,567058722.8510284,173305848.12820435,27378444.0,111395317.3526001
2013-03-07,1588915934.4128323,719062829.3237495,1956837012.4114227,164025754.6372223,63646058.17123413,2441614074.5232773,1851757340.6926727,15724383218.811457,577435120.6114197,175113103.63540497,27471172.0,98728368.49468231
2013-03-08,1612935975.57065,722651953.6902428,1943592528.5913086,160496375.0321579,66317092.563323975,2477067766.7330933,1793719550.1564598,15512500990.685236,614526705.6928253,173344811.482222,27166668.0,100207047.99880981
2013-03-11,1625530612.0242405,708451813.0109596,1931227034.1838837,159613862.63355255,68322901.77192688,2486139124.3611526,1744120518.6500359,15409711436.45691,614979227.0510101,171207331.42211455,27315348.0,98072118.84122849
2013-03-12,1665970216.904726,715396071.9902992,1890755203.5646057,156014241.9687462,68189374.76520538,2510632653.1677628,1775177575.6112099,15618858995.070724,637091670.1439285,168532373.91830903,28049184.0,98145151.3212204
2013-03-13,1728301263.576746,733313760.3900528,1886872644.0091705,151392708.13188553,70498781.9519043,2547874789.9414825,1813624260.5462074,15797052497.448847,648323692.2552872,169320390.75306398,28689620.0,96996653.7812233
2013-03-14,1740042194.686823,739962288.5484314,1903285413.8131714,149867895.6273079,70296563.53256226,2559603940.1499176,1839302208.1977654,16085895212.539898,659225767.3579407,163804362.61291963,29101980.0,97304468.17155838
2013-03-15,1789971703.997469,755975411.4694023,1848927661.525879,148336547.44602203,71086766.37859344,2614177149.203377,1859351884.2204094,16458508746.70456,669298808.8357544,164260364.67053375,29777600.0,97536066.69000626
2013-03-18,1829931687.061243,782082183.1553078,1739160525.016861,149618783.32920074,74129049.76482391,2646365954.075241,1893400064.9275398,15941701542.93339,682595673.2372284,157877993.98563996,31111452.0,99402486.69317245
2013-03-19,1866439840.1207066,793009461.2910652,1733512149.195404,151248707.25027084,74337524.47921753,2767070269.8308945,1923181552.3828316,16396266933.5247,701657571.803894,161316544.7432022,32804308.0,102213673.00579071
2013-03-20,1873533789.11026,790751609.0735817,1563224338.1632996,148454596.57022476,73851774.13879395,2719009673.794136,1894747817.6579475,16137715943.24436,697451145.6229782,149368212.11470947,33055076.0,104994705.34175873
2013-03-21,1826431153.2356644,760478342.6686287,1465134953.749237,140280229.37072754,73823664.49325562,2695117708.1938553,1849947200.901661,15834917324.326513,688811194.6970749,143461335.19544068,33760436.0,104110854.74111557
2013-03-22,1774000358.1550026,750698716.2292671,1424851461.907425,137685292.57349014,73370979.35249329,2732633956.1082077,1872643375.1987648,15883339784.705847,692980907.7468109,141126177.21487427,33846472.0,106606363.38197708
2013-03-25,1717310577.37566,736553140.963192,1404560880.317688,130653469.21815872,63024415.91007233,2677802332.9997253,1827588427.6757622,15364118494.467926,651151085.3673553,144839886.1475006,32727952.0,107006905.17795563
2013-03-26,1693902910.3731728,717326626.2202263,1319697917.558899,124054759.39783096,61772978.30646515,2604048803.1637573,1763067802.0892143,14793656265.625458,631689936.1586761,145337677.3846756,30384852.0,105784669.2509079
2013-03-27,1687889458.821125,713975060.5585289,1297712111.3996887,120692761.66332245,62684597.96127319,2560879868.217697,1723310200.6681442,14506788462.480963,632927897.3138046,144971241.8046814,29326948.0,107748215.93612671
2013-03-28,1685986392.1631622,735856936.942749,1236907842.3542786,116479588.26683044,62066316.10122681,2538383805.4779434,1710772804.8860168,14386239411.307714,632026011.7508316,142272020.63986665,28175772.0,103994820.19258499
2013-04-01,1677911377.5065994,748764680.2416229,1184865048.3470917,114243690.03944397,68476396.98059082,2584339871.4515686,1701821926.70784,13972998101.453363,625121739.8643875,140243212.4296692,27119412.0,101380344.20740128
2013-04-02,1670141256.4732552,758923646.2882042,1205901650.341568,114988415.1291275,70135600.69793701,2665596372.7025604,1734239736.738186,14006672217.443506,628876579.7648239,138424625.33981323,26912728.0,100289968.77920151
2013-04-03,1694456668.5508156,760252624.4280815,1242214983.7412262,112823189.32790756,74202924.4474411,2778833597.8473663,1732680290.3829956,14217204437.44461,641439062.9399109,146301136.65935057,26875000.0,99070546.33535385
2013-04-04,1738859652.3017502,755762454.5344925,1252439458.3879852,114977857.10767746,72225004.6578598,2814208810.440674,1742646017.3500824,14457490118.322027,654135791.1642456,152949778.6911133,26829932.0,96904346.32375717
2013-04-05,1811752079.9583054,768066124.6692848,1312877892.5649261,115278468.19198608,71728441.75468445,2884658623.5181046,1844892482.1241188,14916394701.492346,699042582.5700378,153375166.0899124,27687528.0,97847444.95952606
2013-04-08,1782136780.2803802,755572051.7067719,1269844245.4774475,115037671.16722107,68685989.10018921,2847349626.336212,1819154122.9978752,14693638809.318121,671826529.8916245,153436449.20405275,27652584.0,96593543.7924385
2013-04-09,1831373721.963129,768368781.3312721,1287037340.616684,115565384.55718994,64959850.818481445,2885240184.5191574,1842852937.6638603,14811980353.618505,678933787.4574661,156269331.32131347,27481320.0,98533156.64449692
2013-04-10,1827560754.4988346,773189300.6588554,1370521953.0797577,118877969.83348846,64255031.93401337,2998988718.5375595,1931568014.1276932,15017067743.889008,686575618.5804367,157231079.9276123,27036408.0,98574296.97206497
2013-04-11,1771546027.0257092,772821732.4372101,1374285409.7484589,121812051.12796783,64405512.44457245,3015160877.3443985,1943112477.1367836,15143451600.512619,688342365.692749,158632982.65980378,27099156.0,100196235.37900925
2013-04-12,1877620795.1148129,782412594.6532059,1686801847.3429108,119751010.10101318,65555497.322654724,3081973194.4887924,1948790557.1553802,15094232491.012304,690171813.8514328,171623597.53300324,26968944.0,98280777.3554039
2013-04-15,1885962501.7222404,790938436.299324,2258773300.9922028,124120321.48069382,63243097.62863159,3321443253.7459946,2004300079.3378448,15576947310.421713,706572127.8513718,184581621.99841157,29279636.0,100792598.14378738
2013-04-16,1856228062.6325607,770668811.6256142,2489624272.0868683,126831414.50090408,62472728.126335144,3400332567.022133,1979695860.7367706,15719884815.03975,697397667.5309372,188141623.87330475,28938244.0,103025271.88980103
2013-04-17,1862707569.2750072,780275541.2994576,2572635529.6157074,131640549.66146469,64304290.88031769,3492105860.7016373,2062178263.7511063,16089877889.816626,687152928.5809708,192860639.2239502,31317756.0,103317277.57184982
2013-04-18,1851405719.0596867,785892404.6777534,2643338769.430847,131491172.72989273,64214793.245277405,3601633261.9639206,2146829824.4934845,16413738072.961655,682763539.9811172,200150413.02633208,31669756.0,102562379.41781998
2013-04-19,1850459236.089449,799113321.4141846,2710407038.936615,129089186.11673355,64589249.366989136,3626737891.988411,2186752627.852173,16550219217.051468,681262905.1439285,199738988.2882492,30536280.0,102573622.37340927
2013-04-22,1837519590.875311,796746245.0532532,2787732492.406082,132480008.21584702,64946542.87086487,3682771207.984352,2204198327.496681,16524031311.350672,674883031.6489029,203532654.40633696,30830692.0,101861561.23687744
2013-04-23,1865832930.7047558,776953693.723259,2835032335.5085754,132750770.15426636,65495577.06523895,3752648371.5260315,2293113260.8854675,16634365014.630432,685310759.7953796,199809069.32300568,30802800.0,103608272.02068329
2013-04-24,1859046905.171442,784366892.2501755,2849613351.3760376,139103166.48784637,64447456.538124084,3808346287.9704285,2370822472.2335815,16702713449.322742,680294747.6042175,199159992.120018,30832692.0,103878299.57660675
2013-04-25,1856661912.1535587,795910191.5545273,2931183282.1321106,139803069.66959,63134652.547187805,3839032757.199478,2384013368.767109,16908691306.879955,666869081.6974258,204950916.63703918,30475940.0,105279683.5159111
2013-04-26,1869218853.303852,767761898.5163498,3014307999.6128845,141559723.00840378,63381816.70051575,3869722376.7489243,2385949795.240078,16870869992.57301,664102023.0463028,209121700.10635072,30530060.0,105463660.98693848
2013-04-29,1862710837.2128868,749869107.207756,3059442997.8346252,136926138.55970383,56756927.72541046,3717639503.9185333,2399278494.8540306,16816245530.193481,659979482.7492142,211299926.40281373,30275880.0,104393938.92116547
2013-04-30,1931150793.3843422,757354199.1032791,3068367549.6369934,138041241.16846085,55870727.981414795,3651661644.3278503,2403725479.5991707,16920210467.863007,656858240.8202744,211698973.7159317,30101444.0,104481995.54491043
2013-05-01,1930037193.6807823,763492062.1628952,3048027890.2747345,142943108.75595093,54183560.01571655,3865147956.39122,2386041031.9514656,16842421290.414967,663737605.7499313,213076989.6928711,29742160.0,113637725.12096405
2013-05-02,1892208671.1229515,771703641.6737938,3036249784.0940094,143892112.83733368,55578037.9460907,3871736591.6851807,2388429814.2845726,16636840366.252136,642691307.1535873,211780789.9950424,29545312.0,115341150.59585571
2013-05-03,1840998177.4714851,776088602.2549248,3008414097.776718,144411798.908844,56444079.892463684,3899849001.899338,2329395868.47517,16576860814.63081,610928510.1036453,218361780.9915161,28644408.0,116870943.57488632
2013-05-06,1819918519.2721176,758174397.4342155,3015837633.523941,142446195.81867218,54730807.716789246,3895350701.042137,2337136781.3451195,16469050551.952282,598559980.7074738,221252981.89098358,28252296.0,118491110.06652832
2013-05-07,1762319381.325159,756612640.6901932,3057495811.3404083,141659636.93933487,54872642.61478424,3873483245.245781,2325720869.216404,16417843879.979778,589431681.0507202,223501843.3125824,28538916.0,118534595.19054413
2013-05-08,1762845688.567648,757618798.6119843,2997496802.8871155,143868300.94057083,57999224.30843353,3828299256.5163803,2231303495.4138947,16193663399.282343,568741791.3190842,225356525.09432983,27864740.0,120103794.92237091
2013-05-09,1755862083.9255047,751678376.5787506,2994775134.148102,141543114.9626732,55809816.56391144,3829990908.7960052,2209979257.3238373,16187760309.989508,568886616.2387466,225488800.99549255,27572332.0,119875908.88893127
2013-05-10,1658107613.2150936,750078589.1129684,2696842379.6032715,147757842.8283882,54583575.27721405,3824848519.712944,2174869166.6081047,16123405669.692114,577957388.1919479,221708748.28736266,27537472.0,120176961.98514938
2013-05-13,1634713592.3397446,730101995.3394127,2127442556.6452026,145080514.1919899,53872773.752708435,3536464848.4417725,2122389229.8169518,15313101694.304773,555805240.5404282,211952232.81708375,24563040.0,117806574.55560684
2013-05-14,1618941312.6481438,755521357.5331879,1892507557.3214722,145958312.48033524,52406860.43159485,3450766474.1477203,2154851610.5537605,15171247593.346064,565450755.3593063,210490043.5221878,23686856.0,115368523.18820953
2013-05-15,1572968660.8684444,728763169.9641418,1851788235.437317,140006083.5512352,51472718.25740814,3296627156.509552,2060930049.2781258,14567780906.775324,586510176.411171,211520685.2804657,19576720.0,115327056.24944687
2013-05-16,1555964711.6103363,726005312.649517,1802760328.9431,148469912.5375557,51415254.362220764,3249358505.242119,1979830949.2100334,14262344357.998774,591416979.3299866,204889553.30811462,18279640.0,115368666.75315857
2013-05-17,1539159870.970192,704411140.0479889,1830032854.638443,152885960.72904587,49834714.963912964,3226724646.461029,1952029220.6316948,14198353041.47854,598314680.0989914,207893401.7426361,18054908.0,115767182.34418869
2013-05-20,1540364533.815117,705040359.402008,1861682110.9227753,149342704.86068726,54045372.919158936,3143075778.6385727,1929502566.8907356,14101055302.341232,602757414.6118546,205299814.46035156,17701712.0,115839866.460495
2013-05-21,1503379228.900156,694732411.969204,1858072785.2977753,155186374.000988,54346835.87661743,3026694660.237999,1850503746.7696571,13694312545.65361,600471876.8769073,205546457.655542,16882224.0,113952714.26559448
2013-05-22,1574627775.6632519,703299669.4406319,1957691183.3501434,158441207.1349144,60354627.84805298,3149049020.4203415,1909501854.3851662,14699879681.031418,658630801.3701248,212512772.42074737,17541012.0,122507749.09812927
2013-05-23,1642621328.5396862,718391660.3187752,1893049678.5024261,160402219.18340683,62944991.1391449,3188866528.2810593,1985550552.912407,15264032992.681885,677638849.8213196,213946289.23677215,18851316.0,127184526.71487808
2013-05-24,1671811343.2406425,730977609.0296364,1793951717.350235,162120316.93258286,62574957.37438202,3199479922.0455933,1997427835.8483505,15658025193.517227,678420117.693634,210615277.54586944,19022852.0,128170768.64583969
2013-05-28,1683462721.4877129,742288645.7543755,1798861688.3950806,166046020.78237534,63831950.781059265,3310093321.144943,1987394173.2506561,16048261232.122116,710983449.4704437,208747841.07705536,19396892.0,132019077.84620285
2013-05-29,1664617004.7973156,733119576.6485023,1777378368.686676,184489023.86743546,67044116.01119995,3356760600.7611084,1997644573.9400482,16366161697.872543,736963234.2562103,215643743.21408692,20283848.0,139372776.60915375
2013-05-30,1651740216.095972,749864936.6480827,1737948460.3974915,185875031.71840668,66050039.02069092,3019686922.1393585,2014939280.8610916,16202416128.584747,730730210.3268433,214428840.9177063,20669844.0,133533595.3765297
2013-05-31,1744268282.8407955,785566233.8073158,1721458162.9600525,193517327.75417328,68749035.37391663,3027583897.2099304,2039419949.9467468,16741049201.042786,784744419.287796,211703498.6225296,21121960.0,141295737.85223007
2013-06-03,1812544092.6148129,806648424.2624855,1701179562.1269226,220596694.14686203,78084848.01631927,3182193850.870323,2085909569.6030426,16916741327.556,799488723.8159561,203605490.88773498,22536948.0,149435909.19649124
2013-06-04,1856640136.0328865,825243281.967926,1683459865.8599854,235285302.9591179,81190508.57990265,3354698302.917061,2138798299.9574661,17513484640.63713,807706713.7715912,201615905.409758,23158596.0,152521954.20000076
2013-06-05,1926110533.4909916,849348449.2686462,1638255785.9233856,252545914.20791626,84130889.8474884,3472969355.1291275,2212114125.9529114,18289407474.008713,818924393.5032272,200507426.35636902,23611364.0,155638974.92544174
2013-06-06,1968034288.3854198,860291533.8415146,1625980590.3256226,270618607.9671097,89414263.4948349,3510139592.743759,2335960494.399872,18954282126.7054,830715232.9885864,202026350.98408967,24730644.0,160210696.9003868
2013-06-07,2028586180.3385735,864810130.5401993,1641471460.7595825,287043005.2108002,89605392.79815674,3564370160.606308,2345644977.9473877,19498796867.27852,840499952.2667313,206523134.06266785,24111776.0,162651024.83654022
2013-06-10,2097314514.6769714,861909796.9545746,1580348600.6384277,293616194.1594696,90200360.5896759,3537879004.401207,2361539384.27227,19520714773.384094,823307014.1674423,198002910.6901703,24897622.4,165741366.75329208
2013-06-11,2149720605.9179688,870077124.2495728,1581842296.1972046,307832746.56921387,91496331.3502121,3624948878.26519,2395305248.1868744,20024475874.172516,841231104.7425461,197911101.5826599,27335518.4,170640816.30117416
2013-06-12,2246932032.5427628,843815598.0947685,1557626879.0551758,318208926.4431381,90064546.83105469,3724657978.3141327,2412162940.3546143,20384455251.93901,843693851.0467148,199376850.37646025,29523658.4,173079159.75679398
2013-06-13,2322188849.602051,850911848.3727837,1477199287.3683167,328032273.2381058,91639383.99562836,3782121308.8656616,2414337090.71537,20656024234.366684,833874275.431366,187507030.6704544,31125146.4,176084491.05041504
2013-06-14,2415239733.3266735,850670165.1784134,1420414513.7876892,322816645.7248306,91199487.30197906,3764358423.6123276,2414153621.912842,20850158234.389496,825545858.3972931,190185820.30173188,33282374.4,177772947.30766296
2013-06-17,2442503738.356619,859031009.967308,1314311298.0065155,321475232.9335594,91619384.7776413,3753508764.8888397,2416654523.9705276,20879810535.065002,818922910.0959396,187940394.1611023,33483808.8,182449817.46679306
2013-06-18,2473909893.284178,851768749.9492073,1217173586.530075,324881797.176857,87554439.05124664,3818728443.27713,2415046412.6810455,21071601005.309143,815701163.3413315,185961587.61312562,33947416.0,185616987.10018158
2013-06-19,2562715417.2671795,885891627.4764252,1205552935.6960297,331969913.6200714,90399167.19371796,3898884512.232094,2469528036.871605,21776729947.312927,850600963.9365768,184578427.86184388,36023867.2,190230319.4899559
2013-06-20,2618268929.6590137,918443159.5636749,1212624113.9224625,344614245.9444046,90911412.50026703,3923507109.8864365,2465972481.7281723,22204125470.989838,883536434.7867584,182143559.53264314,38889745.6,193619132.83607483
2013-06-21,2654876385.6032467,921400927.0009613,1247309534.3420792,357560513.97174835,93920965.88493347,4007121473.617859,2470493122.392273,22545868826.06888,920737280.6959152,184151184.07500917,41987209.6,197769564.3693924
2013-06-24,2688749237.8956127,926827426.2306404,1289375424.7034454,376306495.80142975,102936891.786232,4104115846.357689,2513614486.3204,22946585606.109085,991893261.8645859,188556016.0190735,45442997.6,207566350.90986252
2013-06-25,2720498730.6327724,932361286.8300629,1264009191.251297,382144808.14596176,101325796.51111603,4042101419.363594,2515269381.1933327,23025241409.762802,979906373.3472061,189803536.9178955,47324432.8,222182406.03321075
2013-06-26,2721732091.016178,948048660.6301117,1351303220.8385468,369229554.0899277,98934496.71432495,4011163018.616333,2485153181.653805,22834340283.335037,986049838.3963394,182448573.44179076,47677416.8,222969452.27191925
2013-06-27,2770067609.3180847,926747288.0124283,1466363270.6149292,369198025.96445084,100298141.0018158,4051473173.3486176,2453170340.7720757,22957667099.56482,992018316.419487,179154446.37667847,47898212.0,225555818.68833542
2013-06-28,2736049125.9993935,914283868.4596252,1597657664.3619537,367364189.135952,97748213.80031586,4079490115.7495117,2417963733.4339714,22836493599.916763,966148423.0179214,176725399.57994384,48979569.6,224797816.87223434
2013-07-01,2667817357.3727703,883355481.9194221,1631619456.9916534,346393696.59923553,89183896.69063568,3874410864.4159317,2341795142.816906,22586416835.589905,925311096.8943024,176721730.07030946,48233169.6,216662805.61677933
2013-07-02,2703881306.214218,875401606.0085487,1657724225.727539,336828939.4481659,85806222.15984344,3746746624.5127106,2300865363.0168724,22559115514.46869,916174921.6097641,186115633.99059296,48188897.6,215828044.04802322
2013-07-03,2643894601.874647,841480127.9492378,1648029142.116127,317240031.1909485,85399247.05863953,3586956569.662094,2204792999.193096,21683589867.76062,898648255.6548309,200709966.49876863,47199031.2,212253684.7847557
2013-07-05,2655812582.9388714,813107386.8052101,1649251732.7945328,297558883.08052063,79100169.61334229,3520882676.274147,2095881825.2170753,21184215667.549515,916580801.3738632,203943267.91207582,46706839.2,206734747.4128914
2013-07-08,2619490524.729576,798128468.2241249,1627286433.8933945,290035342.1796417,80849370.94959259,3466619354.112282,2057878611.1295128,20656849352.151413,905536295.8235168,199976010.53191376,48074109.6,205235219.52899933
2013-07-09,2576485105.0344753,791954478.3909416,1635610746.0698318,286415596.62555695,80248993.77796173,3486739717.9383087,2060127591.4851189,20752171050.39383,892260666.5596771,206273138.06266022,48312863.2,202384538.5283661
2013-07-10,2544622178.542547,791184923.8735199,1676526119.8272324,280728117.504406,81084308.48995209,3462355797.781105,2013511284.1487694,20518712073.966064,881486723.9169312,219628574.63339996,46325663.2,199517399.5941162
2013-07-11,2530818049.683771,804210682.4529076,1702622848.9224625,273387467.10954666,82146058.95519257,3373468295.6381226,2039011226.5115547,20284812276.517868,879385560.9931564,225307454.68269652,44568299.2,200559158.69991302
2013-07-12,2438397526.2715244,794459553.2071114,1695594244.151268,269445513.94607544,84827215.98148346,3299546109.0348816,2053328305.6728935,19913345749.894638,847623018.394165,231129763.50063324,43442771.2,198268938.6167717
2013-07-15,2406472036.282921,794830107.2579765,1692498002.5312424,276180537.4584961,84621282.77168274,3278734713.9310455,2030754267.1606636,19462630292.11197,838480696.5451813,229193938.67744905,41364053.6,197188807.83338547
2013-07-16,2407431742.2356033,781575193.0367851,1700087872.7910995,274975684.7126198,85472482.31567383,3309165248.223648,2032221525.47369,19164520277.538986,828780897.6139069,227780150.3080658,41147096.0,194854902.04378128
2013-07-17,2419934163.2553864,782958653.5604858,1718437403.7734604,286804358.8312721,86465594.63371277,3263990097.584381,2033940387.489376,19031748866.419373,830826758.5218811,229534699.49946442,41137244.8,190602974.29096222
2013-07-18,2361046475.5753326,739238752.7600479,1671576337.1640778,284677264.59026337,84245684.0511322,3226331626.7163086,2016181452.7754402,18389450036.3649,798078835.0404358,232648323.35265198,39272332.8,184803609.41287994
2013-07-19,2236629381.4782143,709248341.1231613,1529227234.4428635,265822276.04019165,78362350.28209686,3019702801.161194,1948823183.0507088,17051344808.014603,723760622.7429962,228969103.0373764,35695718.4,173039957.23855972
2013-07-22,2157315899.102831,684610473.1438828,1495343669.7228622,254271543.13339233,73308469.74842072,2866856721.7829895,1856652204.4862556,15856635814.96254,664511659.2071533,223886439.69152832,32211206.4,161885853.66067886
2013-07-23,2118594389.6790981,661411763.6390877,1473545393.5891724,233339650.2081871,114127914.01683807,2748718750.479698,1809171004.6511078,15004720634.155807,590691903.208847,221350601.60427552,28725645.6,148473250.4411316
2013-07-24,2116076287.4755573,640965885.943737,1479311421.8922806,231546445.20938873,114389611.73343658,2757549263.07827,1799731923.151207,14736017854.561996,582334720.8972168,227165141.0531555,26822137.6,132449988.02083969
2013-07-25,2071515156.4995384,618550070.3110886,1363199910.1723099,232925594.62207794,113235787.38124847,2824789105.8670044,1802153084.608879,14622614873.470535,555268251.7377472,229082476.10671386,25671564.0,122625898.67391586
2013-07-26,1990001304.5213604,615928519.9023819,1228869083.334694,230015890.21389008,111677017.76985168,2758422140.3533936,1797587530.5342865,14517377590.627747,535068594.92393494,223433265.7173279,24743586.4,115468780.24009705
2013-07-29,1930505618.0506516,577749836.6591263,1055275138.4450912,225131452.61032104,109378368.86814117,2702749636.478119,1777791303.4189606,14024368064.476242,512920467.00271606,220385079.19030458,22995008.8,110218146.58060074
2013-07-30,1894184535.1448345,569539152.9748535,987451241.9392014,223118438.52600098,106224124.93488312,2660974507.776108,1779337136.7568207,13746640817.177048,505372949.6333313,221842688.5570404,22151572.8,108765750.84791183
2013-07-31,1882506807.5741863,590364122.7700424,1026588953.2462311,223983644.16435242,108302034.48123932,2676162285.117836,1790124361.5994644,13708824303.061676,524155797.7709961,218120603.2493469,21974920.0,108191109.60824966
2013-08-01,1932183490.0454617,618361943.6852646,1052714694.3396378,230775173.37863922,108037463.55064392,2749783886.0559464,1787175505.9762192,13978122243.394012,559284622.6005554,213190388.2588455,22015969.6,110235732.7541542
2013-08-02,1869028681.5153408,630786860.5051804,1025120863.8096237,233307986.56002045,121220020.70186615,2727959402.8635025,1755864270.451355,13802506177.869797,541205180.7662582,208334058.1481186,21711009.6,110375849.9090004
2013-08-05,1840198862.3885822,631082043.1493378,998584152.6745224,225637468.03756714,118397201.42543793,2664048977.6966095,1742258363.2011795,13462038029.523773,535560160.86841583,205824436.09795684,20631728.8,110179679.55665588
2013-08-06,1817255175.2457714,646279580.1393318,986412924.2154312,219523199.14821625,117256652.73777008,2619311493.845978,1737956260.3772354,13267611306.53717,534965188.021965,206729882.08840483,19430239.2,114030988.82263184
2013-08-07,1793085784.5129967,638949587.5807762,930461139.8627472,209792896.6332245,115339264.47380066,2567339149.6816254,1723035013.9289856,13039069320.962524,521728197.7932358,197056751.3742737,19015471.2,111340094.16908264
2013-08-08,1757908870.6106663,623857296.049614,915283293.331604,202804297.20134735,115294419.32174683,2539866068.0125046,1631062897.1964645,12824434277.508469,504690081.5530777,201974131.85716552,18399381.6,108183685.06477356
2013-08-09,1770197287.7139378,624406056.0977554,913696795.7247162,193505421.12745285,110103256.45961761,2537563283.6502457,1588539490.592575,12747404855.834732,500520599.3368149,205076017.39554748,17947504.0,106919283.38497162
2013-08-12,1745024355.6100178,618381374.5207977,935904186.6217804,186576564.97449875,109476179.6724701,2486579274.120903,1592131084.867859,12744265359.767609,511373024.86766815,204275124.4842743,17305533.6,106177185.79864502
2013-08-13,1748108141.8946838,623952819.7450256,947932406.8584061,184218581.8538475,108890718.24977875,2418989842.859497,1567458635.5776978,12698001023.82759,539600892.3069382,206693510.88325804,16971464.8,107491046.09191895
2013-08-14,1723736924.3771935,625875023.843193,937031668.6244583,174596394.73320007,112556835.45345306,2398362773.6758423,1587109061.9969559,12612687249.822693,540720755.779686,210186288.2157089,16395493.6,107847634.92366791
2013-08-15,1718880620.6699657,652675317.6985168,1012319586.9702911,173279982.95454025,168120321.9391632,2473360693.543892,1597955760.3763962,12931300556.83319,549661216.9368744,209628846.40945894,17025207.2,110812420.31837463
2013-08-16,1743291337.3342228,636495037.1675491,1072008941.1169434,182878398.14798355,170361038.4880066,2527803766.775131,1552270865.7689285,13097159976.01677,553960945.4641342,208269359.82648772,17490670.4,114948065.98955154
2013-08-19,1730375664.697628,630529072.1071625,1055686500.2742004,188490963.77737045,171966242.45285034,2520709312.9408646,1581413089.6764755,13194465416.593246,571071425.7598495,202594676.70255584,16530876.8,119769069.22849655
2013-08-20,1702624482.526207,634197345.9725189,1050199502.3217773,192252219.77457047,125334471.59080505,2544594189.984665,1562929017.9880142,13239124283.47908,588245482.8635406,206498010.2222244,16843752.0,124711154.25779343
2013-08-21,1746282304.1365433,633656754.7461128,1057383561.872673,187109885.49884796,125669042.68249512,2583134471.9832993,1585227505.3373718,13528773069.994888,602306554.879303,203239102.77521515,17847540.8,126677261.22579575
2013-08-22,1760760053.8165474,620218451.3504219,1065259094.1022873,182476761.52727127,125765961.9254303,2483844937.8625107,1566289734.125023,13451957022.302475,609694556.6163635,201933193.90550995,18062153.6,127795472.27552414
2013-08-23,1787521848.2905483,609381380.2684975,1104068732.4303818,180441261.66139603,127404645.25512695,2473166539.9998093,1566861370.643959,13328119201.588745,647526941.6952515,207256448.0267273,17948017.6,130148944.16326523
2013-08-26,1773921632.9971886,604319327.8221703,1133333716.9397354,176968788.42725754,127728969.3711853,2442424040.2061844,1590904510.3993607,13386448335.323257,645126761.1974335,213025763.8204895,18218060.0,128371862.3141098
2013-08-27,1842666064.2999935,620914871.4626884,1181735075.5853653,175304692.08904266,128573801.85966492,2528690436.4666367,1644304321.4585495,13849216737.528305,674361508.5128784,231573055.22689208,19887020.0,129939565.972538
2013-08-28,1821268007.0859718,595143707.8450775,1172576500.7008362,174662860.51986694,127889512.48138428,2484173952.883339,1628603101.9929123,13596554377.873917,662624409.1043854,245135493.83551025,20859276.0,126976466.05794907
2013-08-29,1789578105.7981682,565647301.9943237,1159635511.1901093,173255763.81807327,125205967.11971283,2450082015.16346,1663706738.3904648,13625492323.001328,637485284.5063019,243903107.27831268,21216460.0,124416554.01273727
2013-08-30,1869412934.3717384,575563550.5921555,1170475505.7177734,168995522.19018936,112454487.74799347,2531817485.2915573,1690048143.692093,13886298490.336151,635163952.7765656,255489459.15152588,22079852.0,126536120.25270462
2013-09-03,1898644593.293209,590356116.8471909,1200565868.7870789,186588136.86323166,113950294.05384064,2627320555.9158707,1729462908.8087463,14454636833.820724,654809072.0053864,265675277.53733674,23072675.2,133027622.33501434
2013-09-04,1911348168.9358044,576589156.2869072,1215693552.3454285,186798593.65507126,116050298.02913666,2615610952.1474457,1741581312.3229218,14506429952.594528,654495864.0301514,262497648.4488968,23370256.8,133284578.5900116
2013-09-05,1920254921.9684029,573394933.2491684,1256258570.9941483,189873802.3097992,120549559.74967957,2611464548.876953,1733426157.1431732,14350652396.663895,671790581.4395905,260063176.17949677,23388480.0,134921361.8839264
2013-09-06,1922090575.5356312,581024627.3195839,1258038438.6017227,194068873.46500397,121322003.49975586,2649029002.476387,1760247844.2394257,14718546792.936478,685348698.3348465,260594897.51904908,24532544.0,138722346.77913666
2013-09-09,2018445371.0583496,586258844.963131,1252846026.0948563,199681052.48874664,122040633.7336731,2647468626.390381,1784472162.4086761,14684148090.74028,696567794.7872543,262365150.5405899,24611953.6,139837496.90483093
2013-09-10,2052247992.9864883,591401575.6785774,1260524428.3509445,203008079.77680206,127558609.5772171,2675128242.4029922,1810870147.014618,14935727674.247437,697355837.842598,274748300.75163877,25226836.0,140038076.64196014
2013-09-11,2074588687.5373173,588929975.2616692,1246900618.6644745,205830981.70734406,128720441.74022675,2691651358.7454605,1826698058.0716705,15028370070.439072,687680909.1106033,276948347.80363464,25321907.2,137546830.47466278
2013-09-12,2091731056.0968971,594438690.8131981,1273328501.479416,203546597.12675095,125353537.16976166,2731866297.7635574,1787669331.0329819,15051937287.286148,686655285.8124161,276753490.65918124,25516003.2,137649117.20855713
2013-09-13,2072125059.499569,573902760.5711555,1236979943.242569,195280299.86026764,71407384.58625793,2646437546.593857,1713314514.2790604,14525499029.792404,665931246.4154816,274317769.48176575,24469590.4,135625546.00082397
2013-09-16,2072402362.6104355,582712710.3982353,1203354599.2700958,189572582.31201172,74357487.86060333,2619122004.82872,1722430768.0513382,14381234679.347916,658860833.2986832,275596462.8789978,24106092.8,136280591.89210892
2013-09-17,2067730289.4189644,576722563.870182,1201226139.799881,188678594.64866638,74564357.25524902,2641575810.543442,1717947339.8532867,14310155885.78888,658515366.234932,281864609.00585175,24377468.8,133917772.14412689
2013-09-18,2174892519.907913,597215134.5419884,1313070759.4354248,196565422.66212463,75076129.83860016,2710850742.8524017,1766919709.1431808,15129034291.085815,694788635.2749634,284326486.570549,24617832.0,135125879.18491364
2013-09-19,2183198351.743355,613293137.6623344,1336836231.0595703,203097758.86455536,77583286.26346588,2690287635.72628,1757292145.2706528,15092034641.819534,690039956.1548615,287254598.03566134,23533811.2,137153869.8961258
2013-09-20,2223076057.6947308,637919946.5027237,1423841171.5651703,203256016.0931015,75901947.64518738,2809025393.1362915,1791942793.4952545,15330330488.809052,689447753.5001373,289419906.96201783,23395272.0,140575595.68462372
2013-09-23,2236880662.6821613,655752102.820034,1392773872.7448273,210808830.04871368,79810519.03316498,2933555963.87455,1828377111.1097717,15439397490.178452,663889919.0079498,289049925.7292679,24397942.4,141945919.77588654
2013-09-24,2244558527.5448036,670858523.6363411,1387592263.1143188,223832129.69524384,82277649.88033295,3036285255.756035,1811194262.8907013,15568662159.316635,685137528.1919098,289094154.6905258,24636272.0,145109607.99308777
2013-09-25,2206944362.426529,663970507.9158211,1358861941.290207,223890350.72324753,82446355.94371796,3002390882.2302628,1756413876.6207886,15328848107.82814,672750022.9271698,269984967.72702485,23718793.6,143847975.83654404
2013-09-26,2194575682.3426914,676859138.6531067,1326199289.2923355,226082819.49876785,81746970.24299622,3012756611.980858,1766973134.5554352,15145777189.216232,664252066.376915,250174535.21261445,22690413.6,142661746.71388626
2013-09-27,2210874517.2386646,694086075.2383041,1320176622.484169,232567054.92692947,88972630.20050049,3030528241.2311935,1763462718.0590057,15035857834.547348,663631462.9578781,242196791.06778717,22996266.4,144991347.50408173
2013-09-30,2205751493.9251614,700080547.167244,1326028952.070961,241281186.25261307,99590168.4778595,3053478940.243454,1774177791.1788177,15124853314.085693,661808080.1115036,232068799.222641,24422682.4,145153955.84255219
2013-10-01,2213318532.560625,694853040.3986359,1374938167.5008774,231859661.4104843,104026152.54577637,3071015292.0925903,1800257131.4719772,15054013337.201233,645948205.0623703,228348362.38384247,24197000.0,141772540.03829956
2013-10-02,2199013910.7495403,697818330.306778,1398718219.0111923,230255822.37333298,104015617.48394012,3113123238.4978867,1798249493.0571365,15179419510.865936,651457114.8081589,240748691.34159088,24605709.6,138851241.23954773
2013-10-03,2191476943.287306,711212139.9677467,1399197885.98526,229371868.928051,100133966.68388367,3275319451.9114304,1889357959.743309,15952930354.691467,632068728.1990814,241199815.83698425,26747889.6,145299697.33715057
2013-10-04,2136117335.3748035,702505259.8730278,1386331020.9410095,223382828.9134407,100726000.03967285,3233558766.5145493,1875323180.2080917,15548593203.226242,618479881.401062,225839200.1489502,26811964.0,141194694.70230103
2013-10-07,2037741487.974348,703148663.664074,1395216306.6534424,219260445.0422287,99612381.275177,3260959350.5740356,1859098123.1921768,15609685604.761887,615136394.8296356,218992895.39150086,28224582.4,138657384.8552704
2013-10-08,2015242243.18532,710994265.8938408,1384255564.171257,213951396.71052933,95698222.02136993,3420172881.772194,1914014927.3483658,16079882912.74376,608232815.7566833,204917670.19084167,32710876.8,138098917.50579834
2013-10-09,2006237255.6922626,727759066.8290138,1418524712.3180008,212770070.62129974,94326507.31937408,3534038380.5443954,2039276150.533409,16565121387.535248,607024133.3154297,214346893.3582138,38140890.4,138703503.01094055
2013-10-10,2075507605.8548546,727952294.6120262,1401285076.336708,211273269.23322678,93825579.74258423,3629080918.511162,2145352984.0340042,17337073797.672424,621227420.6406021,217476001.7756012,41396945.6,138305819.18373108
2013-10-11,2074842847.2770023,728013269.1942787,1422119096.9021225,212559685.41547775,92708893.08860779,3695642754.9892044,2176013213.2374954,17563862242.581635,623151176.3202286,222488313.5223511,43407456.0,137504325.26975632
2013-10-14,2037001202.8678608,703098665.2812767,1397549539.512062,204923797.36005783,86446311.77024841,3745827279.578018,2199284083.1004715,17610091686.833954,608983092.958107,215868748.79529268,45394585.6,133343255.76402664
2013-10-15,2050905464.8510838,714918541.2544441,1397961356.7193222,196494909.07260895,84302962.10865021,3808201873.543968,2242183216.6633987,18107155002.942123,607475846.2359238,213093265.25800171,47971201.6,133268903.3246994
2013-10-16,1970825511.7155743,705987126.4684105,1287050015.7155228,195352193.65997314,88156367.01915741,3756752862.597313,2298499526.229019,17816319526.17485,588653419.8003006,206986319.4895691,48947183.2,130435106.52515411
2013-10-17,1903993428.222227,712552926.984539,1267576570.4865646,198964649.2675209,93479521.43478394,3780245453.0119705,2321370093.3937836,17703752121.143494,588544632.8232956,211612323.33968964,49510573.6,126696399.62486267
2013-10-18,1872242169.4639492,707871121.0248756,1176378753.6236572,196378017.7603531,94582474.02023315,3742397016.110382,2374388621.2991333,17761683798.796616,593249943.4535599,208555613.5654022,50302731.2,124059441.5133667
2013-10-21,1846987760.0772,693722505.6171417,1150602348.3610535,186947530.20626068,88186625.42545319,3663876738.4409714,2382357446.647415,17776923945.00328,578462852.1481705,206493368.29345244,49762622.4,121718500.84537506
2013-10-22,1901929488.7963295,690621251.6405487,1160915693.294983,181492801.291008,85667530.38784027,3638130568.081703,2467996790.2111816,17945793539.24286,572432136.4406967,213717366.94720307,56061562.4,120437898.39813232
2013-10-23,1925267291.8820095,689126509.6824074,1145262212.8907013,179067743.63754272,84572051.26056671,3621686455.9749603,2527921485.7499695,17888776706.86371,576786001.411171,226461826.0007828,55869448.8,124977053.28155518
2013-10-24,1931867205.4679966,681571040.337677,1151005540.9869003,173482248.3554077,84688784.96406555,3604102750.787277,2533818449.2422104,17857783209.230347,586621191.38031,230773693.4319229,55709985.6,125396000.59581757
2013-10-25,1897719391.2484646,680593754.1736984,1160284910.4767227,162610594.82599258,77830725.36621094,3567618689.9064636,2578060746.3225937,17846794966.085815,579374729.7231674,229814813.03686064,55024993.6,123268862.36028671
2013-10-28,1825606670.6491566,654625800.0948906,1147179820.3339005,152228872.42980957,65629918.50097656,3466708073.2925797,2585360608.2073975,17475841017.40341,572451190.1966476,227632248.15946046,52556632.0,122803174.9303627
2013-10-29,1780486086.2198162,648445207.7088356,1077589704.3339157,143355245.87400436,59277403.1526947,3428560270.9293365,2604449757.450714,17232147500.18921,564264456.6646957,220138749.87694702,51623344.8,120592427.39114761
2013-10-30,1796256436.2328815,663258542.5047493,1059036635.9128952,145666991.097126,62998566.45183563,3503660001.788826,2638333219.2432404,17453921818.676758,580487652.911377,209839987.03408203,51007093.6,120488338.90628815
2013-10-31,1825108178.2623577,678283622.2335052,1034583350.9072495,152135421.96784973,63949119.8128891,3462438128.532448,2602588578.065834,17208219236.44409,599025624.5618439,209693753.80366057,48687170.4,116680948.16223145
2013-11-01,1900737440.965929,695105022.4002075,1051502016.3201523,165970908.10462952,62117728.31325531,3884339096.1388016,2636032814.4651413,17562852996.62018,620818146.2350082,221202894.69933778,47381496.0,119148117.46459961
2013-11-04,1876307075.7182503,719554935.8721924,1032749558.1093979,165219435.1190567,62059729.6187973,3885706241.610222,2627165646.3585663,17523674593.460083,617069293.0623245,220429480.32118836,45584281.6,120161005.35743713
2013-11-05,1888822072.7023506,706817935.5580139,1019429381.5721893,164932775.2162361,61444821.621284485,3738770843.8448715,2579864657.144394,16946331623.531342,627398148.0611038,225043761.1551346,40651676.8,120215807.7740097
2013-11-06,1880340768.9315128,701135214.9810028,974473936.6545868,169711390.38600922,62173166.86717987,3654620705.3775024,2451599973.9619446,16442440886.964417,617091193.0154037,222030400.12837982,34656433.6,119154274.18331146
2013-11-07,1868057542.202425,715688066.9406891,957657782.0308685,174321730.1896286,61296601.235961914,3690400753.9816666,2472829132.481346,16213362775.849915,609724455.1991272,217458906.98272857,31616914.4,120937081.75611496
2013-11-08,1921925609.9264908,721807830.2041245,912112986.9351196,176537033.59737396,67577310.45635223,3716164461.7254257,2499879178.791504,16469356670.622253,647047787.1310043,212493762.77034912,29865708.0,123792243.57572556
2013-11-11,1941897194.2924786,737558439.0200233,894838496.4751053,177973937.17956543,67428411.67034149,3630533002.772217,2478888540.430031,16144588828.678894,649464831.2499619,211919990.15207672,28797900.0,123641523.5102272
2013-11-12,1979552871.3292408,733074880.8041954,890147176.5920639,177629106.07688904,70034605.67977905,3568822339.1591263,2415087506.301651,15680325544.232178,636698829.6586609,214617071.84382477,26220061.6,121605907.75123596
2013-11-13,1982106577.30752,722867699.7491264,874150431.4466476,167912846.9709587,65370140.83202362,3581768424.115982,2363770872.989273,15305791280.404663,604188399.9850464,212288564.99522248,24501765.6,120374044.04445648
2013-11-14,2023727252.072878,706472407.5372314,846723240.0882721,160723993.00207138,56674336.2159729,3556500420.220413,2363940310.312271,15149868808.542633,594554965.049324,205271634.43066406,24186677.6,118550600.18089294
2013-11-15,2082762892.4333572,726820638.575058,841758605.3753662,161015866.5735817,55810117.69882202,3500453723.4181976,2294796611.4899826,14923898685.25467,582321606.334343,204411007.2598068,23329399.2,117259160.61128616
2013-11-18,2139990941.9428825,730674165.6544113,858555268.9816666,163912948.61200333,65571576.76952362,3529377548.563614,2297820069.3126297,14949956899.707794,579465421.6982651,204530586.91297454,23317845.6,116018958.75829697
2013-11-19,2111675865.7997417,725016162.3903847,823868595.7925034,154278824.11741257,65840387.102508545,3517712707.990265,2229929331.3991165,14732040196.045685,569405516.5114975,193133855.94514924,16942421.6,112829261.98431015
2013-11-20,2098759529.806776,735529622.4716377,876874522.2320938,154343650.80209732,70719695.52978516,3567719002.864876,2209421787.4336624,14888293161.462402,585866018.0253601,180018710.50515595,17539400.0,108806408.92612457
2013-11-21,2087464949.2654705,744565591.3414764,855808860.7739639,153421508.0062294,71505874.84313965,3666548193.5767746,2229428370.9187317,15064814563.210297,589216651.7636108,179628342.18610686,18050165.6,111404918.72432709
2013-11-22,2093139267.2002888,748828639.4236755,839235147.9104233,152529003.7029457,72457804.12441254,3702640824.844246,2191560484.023819,14993331765.840149,601429097.4526978,182628914.0433487,17967724.8,110493168.97701263
2013-11-25,2114320030.880022,752960646.9615746,838558754.9088287,155181511.9498253,71998201.88289642,3705724004.479866,2166915474.874077,14968420511.042023,590731721.2179565,183835576.22737733,18151302.4,109199275.62324524
2013-11-26,2121054821.122017,758354976.3154793,858223101.6823959,157488125.5627632,72567411.54758453,3711105167.6280212,2130382185.587082,14977818002.774048,595245815.4361725,185200840.2771454,23550646.4,107776322.63504028
2013-11-27,2103142485.669918,737742866.2698555,837278714.4862747,153147885.37895203,67607169.22725677,3636520252.6332855,2088049091.3866425,14412500118.00232,579110603.8080978,187891969.49066925,23178468.0,108562253.42317581
2013-11-29,2060873240.7540703,719044522.7170372,802029352.3535919,141610785.63220978,66653094.57134247,3492670408.1388474,2035754040.1553726,13872319666.675797,554587392.8432465,185520182.76371765,22904075.2,104623196.98167801
2013-12-02,2033164958.7612915,716399805.2734375,801844551.1560059,136669988.54232788,75156322.8629303,3158835846.8473434,2022073822.4065018,13583834977.146378,539661461.247673,176077477.43126678,23070267.2,104581691.85846329
2013-12-03,2144773583.4335327,687440672.0584679,818942590.0515747,138314031.83048248,75297133.70170593,3184922966.580963,2102191303.874321,13817596969.208755,540539393.2585526,192479150.24582672,24680435.2,103446286.61531448
2013-12-04,2126076519.8463821,699392938.6825371,842320655.2376938,139064936.9134903,76369316.41014099,3253151625.0,2140841833.88134,14098998820.27687,539019393.7415314,198084285.0490036,27177532.0,104482955.51282883
2013-12-05,2116649672.4258041,691744413.1360435,880431643.8433456,140059263.53689194,75123972.39902496,3285622102.1255875,2198460556.681671,14246434351.636734,545060245.5310822,189548893.74604797,27700735.2,105002620.17784119
2013-12-06,2088977285.5191803,670196683.3737564,878742974.0903091,134601429.72688675,75102349.25632477,3184560267.7698517,2149736903.934059,14071053937.44606,542338858.9024353,186229302.80833283,27572258.4,102444349.91981506
2013-12-09,2055333742.6536083,660007046.646843,859360987.1409988,134971494.51848984,67630064.06787872,3110510958.8920975,2120564397.9821777,13607015826.365128,501638353.4497452,189848535.309227,27398500.8,99916553.7874794
2013-12-10,2035253188.5556126,659418302.976284,894827311.2011719,134696650.54655075,68360098.73661041,3183297334.783325,2133246271.0103607,13749389741.413345,509577299.2796707,195648446.7762085,26087362.4,100265374.95000839
2013-12-11,2025769722.5283718,660835708.3481407,907686377.3801422,138159428.13064575,65766103.87348175,3272232430.298538,2199871375.3844833,14090904881.086197,521731352.2451782,195731196.73525542,26718538.4,101146666.98032379
2013-12-12,2013838824.1967392,663466314.1342354,923145557.3387146,141679827.00016022,65859514.81391907,3276956853.093605,2210754232.3833847,14173979147.033157,523095827.08854675,196577194.54087067,27647596.0,101329806.10689163
2013-12-13,1972703285.1204681,657610212.0615768,914181531.6858673,140067808.99326324,64840821.64993286,3275509347.0235443,2223593728.765526,14200525988.76442,513970221.67583466,196615032.94661102,27584392.8,102428520.22661209
2013-12-16,1915330947.9254246,629925666.3032722,934220684.3066788,140366708.67725372,65636022.48046875,3306902909.8360443,2241746398.814087,14149264249.415817,513729524.5232773,196845066.97388,27738526.4,103073910.55690765
2013-12-17,1868237653.421135,636072247.1557236,946822731.7358017,138292210.14543533,57284956.28128052,3294179337.4424744,2216876781.89209,14038692915.101852,515440667.7262497,191766039.5636673,27815574.4,104710542.36879349
2013-12-18,1942826783.1556702,676523809.409008,1019929256.5416336,146589702.993145,62724465.02063751,3380415269.3666077,2387023474.460144,15081130424.01146,535774831.9613266,192713095.6112625,28572691.2,108469718.62380981
2013-12-19,1953404416.4130592,681742016.1536598,1025757519.7369766,154486711.91005707,60456319.00020599,3335496813.8004684,2441196793.317795,15181313606.146011,508814579.82185364,194980426.84058684,27843960.8,109139045.55418015
2013-12-20,2006064507.395134,687077458.2765388,1065614572.0080948,180298467.60694504,59315904.118766785,3355966192.820778,2493626646.0855865,15957883921.699295,522252650.0448227,191330690.5691864,27354364.8,110706047.35717773
2013-12-23,2015053522.3710442,680647595.0680923,1061037508.183136,189539021.1424446,76028071.3017273,3400444281.836357,2509008162.7744293,15998573293.71315,516529247.5540924,185581472.6478241,27612108.0,115141288.0721283
2013-12-24,1950289214.5521927,669235157.3418808,1036741972.8598785,185914807.40467072,77060520.84136963,3376573758.1708145,2481444010.782585,15756299949.488907,520521860.30929565,178375477.30476838,27348124.0,112900766.66900635
2013-12-26,1928882632.1845818,655747915.7223511,1005083503.0848312,182941704.2527771,78388464.57447052,3325905361.6731644,2440344007.4118423,15594955673.636703,512820790.6384659,177976875.23897856,22394717.6,116193818.1118393
2013-12-27,1913155230.1290226,676502311.9325256,993013315.3437424,181796228.01942825,78967393.44738007,3284305389.4399643,2419854024.870949,15626235069.243698,507695053.57753754,171751171.50675505,22861465.6,116741771.19726181
2013-12-30,1909269021.6079807,678144575.655098,1017416463.4000015,184018911.6720581,81475472.9895401,3350510696.763153,2430306843.216324,15642172436.886444,505316221.1350632,170680603.95424652,23197645.6,119429951.41950607
2013-12-31,1864719772.4354458,688579801.0658073,1031405048.7200165,176122029.4246292,76188919.2181778,3333237474.1767883,2427760483.11203,15561120622.889786,503901840.3638077,172977252.67027742,23209780.8,123252898.5777092
2014-01-02,1908070564.7415638,715159772.0409012,1034641638.6406708,187390060.6308365,78742833.17256927,3373029875.742874,2399878151.7336655,15603449455.81459,516336272.4511337,167177431.09661102,22058804.8,130343521.3033104
2014-01-03,1938616867.914753,717693440.072155,1015033519.5266342,184654399.42865372,77551369.50202942,3310204294.3841553,2396508999.4846344,15315519259.943771,500318063.1628418,166818333.11050567,19372786.4,129584697.432518
2014-01-06,1935118502.9469872,722218751.9217491,1014763304.9618912,178267404.31211472,78647128.1326294,3305996104.7593307,2368402840.961151,15342602676.872177,501721320.78414917,165894699.83044586,19081631.2,130236607.39448547
2014-01-07,1902735926.4365005,720843759.8188591,1006102354.1068268,181823822.1771431,81061651.20059967,3271429775.735855,2327441434.222603,15051724069.460678,491165429.3302536,166388662.9202362,18795792.0,131394608.2343483
2014-01-08,1909107731.6402817,735734046.4336586,1016989821.3906479,182413813.53513718,83583996.8529892,3272895313.6730957,2346899502.716408,15257225559.004364,501389823.4446335,165959243.2199173,18516690.4,133466653.25674057
2014-01-09,1950916096.350546,734554820.0695229,984753956.1484909,186177557.52565384,85347810.87593079,3253904858.8209534,2335167395.0659943,15342121248.251648,501115158.80592346,166611790.2109375,18762784.0,133684466.06046677
2014-01-10,2004264236.0441113,748602230.0177956,972780467.5990677,183488485.69417953,86648026.79103851,3178106021.019516,2343802256.972351,15162825801.045227,520062719.50172424,162895699.70760956,18170056.8,133689339.94264603
2014-01-13,2002824596.863737,762073575.2698708,956204697.3100281,184692369.46138382,84479041.09981537,3222528833.1180573,2404872762.8899765,15436644422.558594,533447775.8141327,165577040.3404251,18118366.4,135706802.22442627
2014-01-14,2022727318.9413261,763559993.4453201,962504163.3711624,182667730.84543228,84223652.75856018,3260501211.233902,2421921625.6562424,15444353539.90448,548098478.7159348,161362309.99177703,18519240.0,134398909.1135025
2014-01-15,2002603265.6422615,762775423.4284782,946246837.5238419,179614485.74762344,85838183.40091705,3256297339.194145,2485358505.441246,15486758020.244293,552684520.689354,166729961.24369508,18178693.6,135652051.54396057
2014-01-16,2006579187.645626,776587025.9474182,918947531.5493393,176021901.8265915,84459486.93572998,3217680348.972397,2517916873.3008575,15379830467.633057,557297317.1636581,170108241.76811218,17654901.6,136016789.13873672
2014-01-17,1929596184.6190166,763886426.0376167,871210036.7738724,169659211.00168228,79753941.35894775,3105853525.276222,2398951507.2113037,14462436037.637405,538623367.184639,174053919.66209412,16970328.0,133836605.11924744
2014-01-21,1890854816.6896343,760887013.6462975,820089632.0853043,160891880.37834167,83405348.9686966,3097761825.1662064,2330582815.4856873,14125279560.359879,538371654.4409561,169768670.33424377,16710647.2,134039895.13214111
2014-01-22,1843350756.4072704,748889626.5364647,764062934.0887833,138379725.26693344,85847736.22562408,2981969818.3663177,2290184168.470955,13133176050.461655,510036993.7454605,172673710.86316833,16610496.8,133542572.6137352
2014-01-23,1919836115.1839542,753810733.973999,795176920.5387878,137224194.79215622,70175629.69051361,2979642652.3737335,2318886299.200897,13481347838.880005,535656060.81256866,178509068.06828308,17228485.6,131974804.73184586
2014-01-24,2076287006.4785671,794441320.130825,827776779.3344879,152259275.33269882,69443213.35681915,3153220231.1312866,2515113837.3983,14657364096.066132,560161506.4593124,185376135.55713654,19227624.8,133969772.47144699
2014-01-27,2209940040.080099,822750055.5051422,850729901.4030457,161588431.97322845,69388112.66441345,3343970338.064728,2701448043.145294,15489485105.72815,578167867.9123688,189734065.7325104,21754564.0,133072127.41081238
2014-01-28,2280186217.644806,815710484.024353,857239994.0896606,171285449.367733,68717716.97429657,3455819082.67334,2811134741.3931274,15830415415.543518,582465359.8921585,190418088.29541475,22627433.6,131455562.99602509
2014-01-29,2421870723.1353188,829488312.3126984,893624683.8923645,180602827.9258728,69188508.3449173,3607515429.4743347,2935637249.745102,16963134020.013046,610827821.286583,193614863.70771486,24889112.0,130976424.05719757
2014-01-30,2482993395.7800674,812077659.2936325,871477860.5115509,184282268.6537552,65997202.12970734,3615658825.1704407,3094204173.8243866,17182360707.444992,607486348.4394455,189802759.25102234,25249231.2,126105044.81981277
2014-01-31,2419841838.2092094,839160766.6344833,874861482.9998016,185146333.6162758,64212529.3655777,3636071981.114464,3155362993.3428574,17701027860.87349,632717384.6048737,180030093.37209472,26778986.4,125823812.89628983
2014-02-03,2466148405.4628277,893485098.3355141,896039065.5894852,219134722.50526428,79824042.8957367,3930840503.3961105,3265472917.103195,18896024045.805664,698451923.599968,184827755.25585023,35689122.4,135100014.50359344
2014-02-04,2582173308.3535957,917108344.9084473,878164983.6388779,225394154.30999756,87459649.85004425,4003154826.889038,3284946468.4823227,19270388299.677124,706869882.0474243,181774555.0462326,48857625.6,138436191.33192062
2014-02-05,2618660089.5812607,927605039.980526,881180972.3483276,225237773.36860657,86625083.0027771,4144222044.153328,3342870041.288719,19795488331.44966,729923324.4651413,182896899.68388826,50740842.4,138692932.01684952
2014-02-06,2668735709.3782234,924279847.4729538,866077289.4212723,222597084.08699036,85461479.03469086,4262347507.470093,3360806769.0672684,20032804524.90036,720644464.0435028,177226788.74398956,52181772.0,137656645.9910965
2014-02-07,2675135138.686323,926864923.8645363,883318799.5420456,227839394.81527328,86540848.80134583,4323995060.02533,3419099446.0432053,20601306768.690186,721785663.2542038,177740344.08098906,53055509.6,144851691.74793243
2014-02-10,2606456651.272688,912650498.2548332,884000841.5621567,234554508.90918732,86105922.74223328,4361139353.124008,3388965060.7855606,20512719961.835327,689675496.8486023,173932498.41242522,53184812.8,152556195.27488708
2014-02-11,2651032316.1078835,909269779.6951103,920258163.2002258,232782199.17533875,86296553.29551697,4352794371.143608,3354128281.1959076,20278007768.45497,676102926.9023132,167398581.20782012,52811392.0,160216859.94148254
2014-02-12,2637289969.4839573,914716430.1059341,916651839.0807724,232313723.72219086,87759609.82276917,4363247442.065811,3337545906.6461945,20195245720.141525,663156305.4484558,168734914.65005952,52230088.0,162411037.81780243
2014-02-13,2639988108.446417,925628159.7830582,941423088.7491608,235430838.591156,87605411.89167023,4410749656.874733,3342325867.76371,20203609090.5735,661418525.1156616,160340156.76645356,52894432.0,161977373.49861145
2014-02-14,2659115174.8659325,919234178.2516861,988640333.4188843,237603738.71587753,88123694.38682556,4453830238.278198,3350800514.6302032,20382894175.657883,653763070.4409027,156221315.45569763,53275083.2,161778860.3755188
2014-02-18,2670301566.0995674,905920302.9300117,989690041.7843628,241385325.88315964,89124731.16477966,4477073011.13163,3324752031.7588043,20181109671.677322,643854006.714325,153361693.09157714,52669052.0,163912183.91332626
2014-02-19,2751146720.5708313,893082387.4993706,1008457009.091301,254026099.98472214,85274612.59838104,4542751720.628967,3388228710.023384,20457957728.69072,640657683.0836105,155329385.27137145,53256884.0,166470298.06741714
2014-02-20,2771910136.4278984,896252564.3455696,1046759427.5875092,255357803.48005295,84146519.44572449,4599233906.83239,3440583498.0903625,20783566514.945145,642551219.5746613,151745872.33857423,53652612.0,166856396.04005814
2014-02-21,2707962027.7748966,884773380.7103157,1026158421.6508484,249620990.26636124,81572687.99079895,4591947142.383842,3427340879.93824,20682347309.80194,613485895.0289917,149747415.99797517,52800357.6,165293937.78642654
2014-02-24,2611318549.639406,881376434.5021439,1052219709.838295,240134250.16176224,85309394.51179504,4546915452.956123,3305146151.880684,20024533417.11609,585631185.0839996,147684941.8921097,51213496.0,167606456.7961502
2014-02-25,2553711759.7454643,872692649.8430824,1044067192.3252487,234311207.90744781,83959179.49768066,4401038599.217567,3167690547.903328,19597167282.431183,574540786.006012,144411835.544339,48936643.2,167066628.64406586
2014-02-26,2515170394.9282646,871535405.5391121,1058102943.0262375,228028502.76334763,84107751.71871185,4394568441.732597,3170666816.022873,19534776792.73819,580678930.4242325,140659235.55249634,48326269.6,172104222.64202118
2014-02-27,2413407049.576359,850981936.0665512,1015520405.2550125,224917708.66573334,80802744.0858841,4251406460.9518814,3089196939.701195,18685357449.02275,556784046.2754059,136988919.88531646,46301461.6,172575605.4452896
2014-02-28,2423144541.952362,915714730.7376099,1030679135.0265884,225081167.55123138,80529397.08194733,4291830757.1751404,3031068634.571495,18960133988.772583,566692567.5307465,135904823.02030793,46426600.0,185300675.63806534
2014-03-03,2420278135.379505,892290264.5155334,1059232004.5469284,229727962.09726334,87849564.33734894,4309710462.750015,3013112839.585037,18811967993.18962,553419626.197319,141320320.72418976,45819424.8,186654622.16051102
2014-03-04,2341043833.0207253,862075058.1625366,1043819058.3659363,214059006.46562576,74019799.07054901,4460983402.744751,2899895227.4648285,18287103242.040634,503710522.7945709,127129516.10832672,37701516.8,181617954.39256668
2014-03-05,2205083622.24349,844119389.203434,1032746295.9176636,212630156.61590576,66250596.4453125,4390232980.184975,2867703984.9494553,17786866780.49057,485366705.28987885,132521692.94891815,24804434.4,180104232.31840134
2014-03-06,2212599703.9867687,841397046.1194038,1026711520.7611847,213302842.47234344,65154680.63911438,4288616413.2694626,2807312553.3014297,17250514046.023636,474290555.0220108,132820740.33332367,23297458.4,182717963.64042282
2014-03-07,2166991065.5734158,853897423.773613,1046835317.7810669,216184963.49681854,64216561.96914673,4208250810.2640533,2810127392.345619,17168490942.99408,483811411.857872,133049795.20566864,22521307.2,184915559.46733475
2014-03-10,2134779228.109684,875364284.1104507,1032985873.8101959,208324664.22834396,63995238.832855225,4163462351.722336,2733267596.9281006,16496587739.623718,471280869.27295685,127571679.90880127,21500259.2,186284784.51652527
2014-03-11,2141812759.762745,885259003.4783745,1031573390.958786,199730536.52593613,67765352.19924927,4235916421.0876846,2725934325.6679535,16575060670.844116,469106868.6528015,128743540.8096054,21660297.6,184118750.5849266
2014-03-12,2087213506.6435432,876670907.7692986,1032868949.159317,196519439.41373825,68521046.00158691,4211526126.4042664,2685822531.3867188,16501808124.711227,471282993.97735596,136645497.27177888,21701288.8,174986033.87491226
2014-03-13,2101109854.5992088,922359242.043705,1044419056.7459488,202404710.519619,72037598.6201477,4275742136.2158203,2751853071.4004517,16966054027.411346,491580987.57198334,132662551.62480164,22627752.0,175885679.7377205
2014-03-14,2120345868.3800316,938409418.2575417,1066353110.8188629,204899065.56783676,73514749.44602966,4306301438.656273,2743833044.295807,17372058865.85388,501220290.4224777,135148221.27745515,23673901.6,175910776.47417068
2014-03-17,2100012252.5424004,950555606.7311668,1091753932.8719711,206835216.88501358,75931454.581604,4357713167.536583,2724569020.7333374,17395136644.940796,510618790.7129288,136489062.73356017,24451736.0,177309126.287632
2014-03-18,2098217078.8013268,956418614.7720528,1084753141.117134,204866701.60734177,75393479.07165527,4404857531.736565,2732451272.807007,17568537370.571823,510744784.9143219,132365210.20662841,25350123.2,174551815.4227829
2014-03-19,2087696227.167511,976645032.3152733,1108335383.0241394,211522447.4977684,77106151.64894104,4431307466.041145,2730330185.670128,17963322220.565414,533957898.8666916,127891729.44254455,25397307.2,175005846.89460754
2014-03-20,2070148771.4460182,986421112.7252197,1090047566.4654922,214281843.4020424,80582517.16842651,4423481624.533882,2689739524.871254,18071961798.892136,534639310.0675583,126926893.93050079,25137920.0,175665837.6444626
2014-03-21,2098789136.3728046,996923269.2123985,1089981144.9890518,222903426.12276077,80817100.06980896,4489925765.705223,2817127233.6652756,18427958135.85167,549335807.1670914,123922466.74525146,26028481.6,176912994.931221
2014-03-24,2091670553.8280106,983924022.1777344,1094350247.461319,228893149.15128708,79625720.06866455,4609298054.682655,3000521772.946968,18489574194.336166,564121554.4265366,120437972.55991821,26532651.2,181445492.35601425
2014-03-25,2119130632.803936,992115510.6559181,1098475885.1714325,230101732.64463425,80917392.40364075,4705949358.815689,3059284178.61351,18400132854.039993,559851085.7829666,118161638.48812255,26639105.6,181038824.27825928
2014-03-26,2170024643.877201,1019136463.5899544,1107070581.2763977,232949858.41709137,82243468.5358429,4840130747.9309845,3046773081.6231155,18563170257.07512,560086470.568428,117935882.070932,27455002.4,180233031.11204147
2014-03-27,2180191086.809597,1043738604.4719696,1120146288.5605621,227744382.47413635,81245374.81285095,5008389321.584969,3184950363.926277,18925812470.97084,577518913.5166168,116804954.85547486,27403832.8,179725805.1428032
2014-03-28,2152184518.1770515,978239370.8166122,1097785187.7215958,224823795.69335938,81431483.544693,5018055877.511673,3143586497.853737,18554604310.523148,568378515.3820801,115829261.31272125,27226315.2,165793212.76247025
2014-03-31,2123750582.9368877,971718970.116806,1097807441.6907883,208076722.49788284,79174060.78174591,4986272910.748978,3120604417.992935,18056566221.317596,554454350.5003357,105689572.85380706,26005167.2,161042064.02269363
2014-04-01,2132809861.3572502,935839481.3382721,1093972590.0303268,196279298.06114197,84866270.17108917,4651980109.3116,3140817678.0495453,17466608968.745346,558515380.4134369,107183617.41516876,25576716.8,163949491.91774368
2014-04-02,2138168977.719431,932884798.569355,1093039981.6543198,190771649.9874115,85578822.51667023,4646206090.243187,3169317278.724556,17399839250.85907,566479984.1248322,103242027.6251297,25222865.6,163439313.95572662
2014-04-03,2140532719.6162891,932312795.7599258,1080506080.9645462,187688217.52288818,84659000.78243256,4659797282.73468,3192349115.7863617,17365126020.08896,557347638.1860352,99945852.65980072,24910816.0,160565377.00174332
2014-04-04,2241380170.3144264,931709424.087944,1077310679.1405106,187775405.90084076,85007061.5839386,4893470144.985466,3580149674.644623,17776440921.438217,560915311.1506653,100289368.57620087,25054400.8,160559126.93267822
2014-04-07,2250771365.581913,916148717.9354477,1075164867.0988846,186849673.64854813,87889105.54813385,5060480010.325661,3832683068.710289,18261319199.156723,576193538.9920425,98144360.61477356,25587338.4,155351950.63858032
2014-04-08,2314397153.8792515,903480444.5233727,1071579750.1558304,189794519.6741104,84421408.14563751,5098730953.640747,3922473167.842636,18358861989.533005,578195154.1978073,100031562.10006256,25217508.0,150867093.20201874
2014-04-09,2345472111.4171314,914270849.6155739,1032001333.1219864,194245016.9348526,86489882.63389587,5121657232.611771,3990048788.3942413,18326770299.03221,576109833.0393982,96727951.5741684,24843939.2,154560261.15737915
2014-04-10,2348314330.95809,889242561.5455246,1010839251.7182541,190409158.5986519,84228760.8385086,5212555524.206848,4078579030.3565216,18452892780.37735,580274749.8726654,98343110.94255981,24777215.2,155657117.04105377
2014-04-11,2375428058.4481716,875986441.4779663,961191989.9462509,198122260.18442154,82698978.82709503,5312481496.877174,4281226213.2518387,18536702645.74829,585170029.4541931,96843251.08285522,24064082.4,158011631.54773712
2014-04-14,2361666255.4770756,851788282.4778748,907603671.7831802,199178665.30605316,84213769.20162201,5399668873.3018875,4345024923.332901,18779657138.190613,573222999.0820312,94877384.78012696,23806504.8,157751422.23701477
2014-04-15,2502577456.965523,855532494.956131,928187622.0869827,199703863.44791412,83264487.31426239,5552603304.165382,4544226330.641556,19183110780.544586,585393403.0720139,95352956.86051026,23842821.6,160752583.81874084
2014-04-16,2463271527.5102806,850586746.8786812,870914416.6914368,183918308.53839874,83520975.70175171,5549044271.538277,4561366478.191872,18646959503.113556,563249924.3375015,99937126.76045075,23811866.4,155835693.83846283
2014-04-17,2485831171.738224,852999660.7411957,858560233.3067322,178031895.83148956,79056692.17975616,5622845220.35038,4642446801.551933,18553507522.254944,577169751.1560822,101659889.55873565,24259129.6,155977790.18829346
2014-04-21,2403276839.438801,838348390.9238625,852941426.0122681,167280358.52241516,81210148.07659149,5539796299.405365,4490754508.114777,17837637701.955414,559529503.6208344,99354628.69676666,23457576.0,155037580.6439209
2014-04-22,2390122447.4779034,827735293.2323456,813134127.7917099,158687800.72963715,78362330.82759857,5404975212.472572,4332326704.042664,17577472834.74579,552939065.9129333,102171754.32191925,22749141.6,149058634.17503357
2014-04-23,2340093815.097046,807545464.4726944,794750116.3383865,154123967.89318085,76700519.19109344,5331544707.614479,4299982760.192947,17353611233.161163,556244603.1109619,102675848.74970245,22165807.2,149381047.4406433
2014-04-24,2263309230.5169487,787276604.2738914,795499225.599556,147139278.1975174,74827950.17917633,5208462833.989067,4332279299.622383,17125499128.541565,553552637.1291351,101724582.17435303,20866860.8,145461336.49024963
2014-04-25,2263145101.530266,781318122.4519157,793996388.7456512,144573074.7175598,75161600.46859741,5168081651.484871,4249993857.739296,16817033556.118011,539071788.260231,101569369.22242126,20838146.4,144614601.97237015
2014-04-28,2258483610.5195236,795880493.3139229,779402832.9584885,142569492.75577545,74836007.9718399,5234246271.330147,4322672886.57177,17077348187.703705,545665169.3774796,100460552.0335617,20634056.8,146391248.04315567
2014-04-29,2253203306.435232,777092832.8582001,735616495.9406662,140470064.1190529,70128390.23059845,5176546086.1621475,4333069398.167267,16960821947.104645,537274600.2994156,99142890.90273285,20616557.6,145161513.90573502
2014-04-30,2226583618.193741,813675308.8297272,762950714.6554184,140196732.0542717,62372310.50060272,5145504076.10981,4329886184.87587,17055396379.555511,532987066.56627655,97302117.98236847,20538376.8,138483111.9357872
2014-05-01,2205907579.6662903,819134447.4473381,773838217.9507065,152568558.5550499,144459072.50480652,5350318188.627167,4337022740.010452,17162789316.966248,552886406.410141,95868578.49140167,20687308.8,139946118.21781158
2014-05-02,2172282320.799589,818124667.3917389,813153655.9756088,150958996.62755966,148565889.2514038,5365621236.205177,4374168734.741478,17319285556.54831,585042772.9677582,95843393.93291473,20619896.0,142641989.1587639
2014-05-05,2013620359.4397163,813545795.4215431,800251333.5038376,148483699.70401764,149368274.99897003,5078001608.939056,3970012767.60067,16616413092.012024,582534311.5883255,95657128.4243393,19724212.0,140707243.92648697
2014-05-06,1983072173.0196,799121955.5636978,797445097.7628708,151072558.86995316,144799442.04296112,4961078175.379601,3776038586.8486786,16209757215.618896,579340567.4806976,94946094.7234848,19149808.8,138754224.13230896
2014-05-07,1880792324.2424393,800978238.6202621,806282916.4580154,148074415.7311821,146550818.6522293,4971712520.004616,3839584016.5876007,16175410990.307617,595730191.6513824,90194380.55243377,18866008.0,142319904.5134735
2014-05-08,1844568766.5223217,788810067.3855019,795716258.3506393,148429674.42510605,146973499.4765091,5033758528.034134,3840229038.1591415,16127143109.13086,616697579.3278885,84259164.23717193,18717040.0,140502174.02893066
2014-05-09,1795078352.3119068,753517033.5225677,783303035.9782028,144796504.7314453,144247936.14810944,4903412433.461723,3693473526.593895,15478136552.253723,590829867.0659256,81561824.082341,17711790.4,139944384.2735672
2014-05-12,1775685451.0941982,744200150.2577591,778639555.0979233,129916263.55236053,143630535.1115799,4935251812.5668335,3491286150.856552,14914309280.181122,568398964.7623062,79398364.08551483,16856198.4,138575229.17411804
2014-05-13,1790638399.4883442,758019590.6969833,752423280.9056854,126473913.21868896,140276769.41749573,4915588310.753021,3433663733.0347443,14442559106.978607,574050004.2667007,80993170.7232132,15967340.0,137750346.1480713
2014-05-14,1641216123.5942078,747307383.734436,715143594.2301178,123115966.56061172,140383122.26287842,4857955408.826141,3211854061.0525513,13821872613.664246,579063059.3144608,80704029.4453659,15266412.8,138370721.76433563
2014-05-15,1630449073.215065,748945209.9793816,726152515.3099823,125125914.77024078,140234778.04775238,4973818635.607796,3264329932.139206,14206716409.172821,608498814.1230774,74433402.01353455,15030428.0,140301268.57135773
2014-05-16,1633686847.3012161,734673682.0583344,714563736.5599823,127020023.90110016,139756254.55387115,4940409092.053642,3320274049.1438675,14154167875.383759,595053320.7972336,71558094.56501618,14225748.8,137749919.49048996
2014-05-19,1640220757.7957344,731867549.4517899,698003042.6200104,141118704.13295746,137085578.8477707,4952633156.931992,3346426891.670456,14124413815.906525,607933192.522583,72084750.69416657,14144342.4,137850963.04166794
2014-05-20,1675276354.8716927,735034957.0021439,678819755.2013397,145567371.04797363,272516851.9979477,5171157425.07515,3327711251.6688538,14320519514.35318,611754938.0238342,68845314.32503358,14547708.8,136462991.88566208
2014-05-21,1666297749.2862797,733807300.4361534,698279480.5432892,148904790.67783356,274805214.32224274,5265158872.969246,3340920899.455681,14442722439.530182,621997067.23526,73099684.83883515,14726112.0,134321753.81822586
2014-05-22,1688980405.1368046,711852460.4064941,665318753.4952545,151229639.30669785,276138589.9135971,5245478377.80117,3270192390.037918,14243681403.349304,622900053.9291,77079304.79497223,14369963.2,133249452.38981247
2014-05-23,1667203168.6840153,684884696.3054276,635002449.5236969,153968630.8179283,276549962.545166,5171162814.365463,3189059511.5260696,13955986540.273132,614636039.1835785,78294975.18574981,13714143.2,130706455.06069183
2014-05-27,1632590798.1615925,661792152.8962326,670802623.2650375,160173223.40122223,278257346.1709213,5083188816.480827,3081420061.4507675,13489700971.448364,611572264.4079208,77944415.75018463,13687280.8,130250144.22389984
2014-05-28,1594208636.9224644,645070824.6933556,678904321.2771225,165498600.18758774,279151375.4061127,5098143910.560875,3061458980.753708,13366825322.79953,633386412.4821854,78927558.89357147,13758768.8,129064663.26803207
2014-05-29,1564588649.8343372,616316581.3492393,648174798.7229538,166465892.2953415,280018036.99710846,5011872230.609169,3044846876.557884,13092964513.0896,646403368.1132126,74623591.27560577,13551501.6,128539043.71564865
2014-05-30,1632495658.9096737,612287213.5209465,659466127.2360611,159550518.31062317,198410915.87654114,4823130688.991966,3021015077.932396,12978481016.352692,626746899.3464661,72501556.91498718,13423929.6,127479519.43143845
2014-06-02,1587126865.088005,599898487.5653648,632888622.3434067,168453396.9787407,201176973.03726196,4808783696.1409,2987683422.040596,12735139688.142242,623056060.0759125,74990363.99656372,13238003.2,126744358.33473206
2014-06-03,1606896159.91333,578886391.8614769,630145815.2111816,167128228.55947495,203682694.7657776,4823394630.342026,2966259769.120636,12663658871.159973,641575046.702385,72938071.76069336,13270306.4,125028259.70756531
2014-06-04,1583426077.353859,580813360.1959801,631285589.0379715,167077152.8845787,207610941.32701874,4748702083.00972,2916900192.3869324,12450720742.352142,646848912.93087,73175873.29384308,13028640.8,122965886.90450668
2014-06-05,1582041126.1368275,577399084.3440056,603920569.6288681,168243042.3556137,209503596.40094757,4775811353.369827,2800442476.6155243,12365284378.822174,641664518.864708,72010198.07333831,13351507.2,124640578.40492249
2014-06-06,1578303709.2403793,574862623.736496,609969893.2139206,164729620.30879974,207536252.1044159,4730287395.285759,2712980409.453926,12275990742.481842,629609995.4893112,71578468.01953277,13422908.0,140101859.0071869
2014-06-09,1573563725.232811,586483080.187912,607428903.6646652,167700430.23651123,209347584.1745758,4722609698.830185,2673153124.5591736,12154239019.355621,626371826.4912033,74616394.00396577,13371834.4,137354262.50930786
2014-06-10,1524223900.041008,580849068.6174011,603868388.2647324,170142867.4780655,211103062.27855682,4554422799.645157,2603936022.425041,11937539080.69519,632105786.1766434,75252124.57285003,13045184.8,136525447.13041306
2014-06-11,1512522790.5745316,557834575.026207,609085031.2705231,169602165.76334,211928037.28385925,4427404198.66127,2578845921.899643,11969334184.117737,632331536.6126633,73376695.76313934,13127765.6,136305945.8264351
2014-06-12,1485607605.1027298,546088830.1305199,629129294.5852661,168719986.72590256,214614137.45441437,4314392094.899826,2620782128.8562393,12250132321.783295,635898179.78508,79942323.67176056,13723472.0,132445474.27278519
2014-06-13,1440479057.9796982,552329160.1406097,617320359.8347092,161429465.18289566,212244910.29354095,4128515945.269966,2549812577.9510117,11716437567.654266,606302670.9431839,83242678.87664643,13293063.2,130002206.00053787
2014-06-16,1378278041.6145706,544993799.6046638,627798605.6007004,158207728.14151764,215957876.9399643,4068623834.4646454,2389106580.669594,11661860104.495087,606821248.9309311,83874681.55010375,13313903.2,130329415.6306076
2014-06-17,1383076044.2099,544966333.864727,628145848.7972641,158054535.07331848,344676510.56682587,4213938094.6076202,2344452708.9141083,11844110450.162354,603659396.0575867,85024149.99208221,13444202.4,129232131.75441742
2014-06-18,1383619166.2741852,548922254.9252319,632861322.2656631,158337173.4418106,213160443.28662872,3985304192.798538,2355459755.7128143,11832753205.016174,622528763.0636597,86863889.12520142,13336922.4,130477007.56622314
2014-06-19,1381430821.9672203,553492981.1070633,744986374.3000412,158307536.90425873,213817411.9173813,3882220657.294693,2368988499.6675873,11834102478.277435,646017665.8167648,82816460.65565796,13396720.8,131496519.0631485
2014-06-20,1357753525.3939629,573438786.5579987,786389422.3167038,159416708.58112335,213407026.1951828,3838954526.0401154,2354282818.1049347,12165073396.175995,649309074.2605209,81569993.05104522,13881207.2,132340449.35016632
2014-06-23,1312339035.1299477,579160819.0639877,805274800.2387238,157628785.93269348,214481377.13733673,3742926201.6448975,2349712172.1709824,12257375682.271576,657100269.7583008,80975180.02758026,14334876.0,140159042.6220703
2014-06-24,1328746921.0095406,598609300.6774902,779209560.4358673,151355878.90958786,212291845.88115692,3726372834.2287064,2361747280.351906,12462270737.945557,669230299.927063,82503947.14941254,14623731.2,141541984.77510452
2014-06-25,1314458536.5854836,619265450.8067894,780877311.5990067,147645506.181736,212299489.6256256,3721666749.3523026,2375670351.476021,12604622939.699554,649811739.947586,82998502.82292633,14775580.8,145020807.64774323
2014-06-26,1303158468.8876915,613983835.636425,782344550.249443,140408954.86169815,212561791.067276,3738571285.8600616,2334493140.6645966,12774401174.119568,633152787.6693726,84671012.75502472,15020466.4,145615402.5108719
2014-06-27,1222730906.8730927,599841395.900917,756259334.3850327,133618896.40882492,212672954.65629578,3745985977.102623,2308077498.236313,12748070132.986069,635847443.1403732,85372891.29777221,15011677.6,142772816.65073395
2014-06-30,1225186015.2215576,618456821.9524956,836877477.5038528,126059997.73010254,209672347.08381653,3725986079.079895,2266459334.3642807,12802326406.856308,611161558.6008453,83090710.1053894,15467441.6,145214122.85015106
2014-07-01,1233766885.437088,627011114.5256424,858836743.075943,127366999.61835861,272073550.00457764,3913808328.055954,2314162416.290436,13020806158.949814,592785055.4565811,85519501.35723266,15886032.0,148061619.99111176
2014-07-02,1252658183.1321907,628521743.7617874,872368932.2880173,128161963.29114914,272912909.01924133,3932594801.8909454,2311853797.0507812,13007443909.79515,598715543.2686234,87408319.05144195,15971428.8,150485446.19760513
2014-07-03,1230377520.506916,620784442.1508598,878445834.2238998,130048095.15419006,270915277.3247528,3685343195.312195,2229145411.9252396,12707709242.578049,595615987.1027756,87795249.49982758,15459139.2,145434417.54350662
2014-07-07,1200680845.0317383,612988790.0684547,878859398.6500168,127275494.9017334,271272358.8460541,3621447382.602005,2234636151.8211746,12580288809.78386,588053584.2507935,88574837.66546479,15647894.4,127907614.2858696
2014-07-08,1184830312.8134346,609936602.7414894,901537956.4424515,125109843.46061707,270011822.07466125,3663650751.826782,2310583108.998642,12929703892.278976,593159445.1793289,87327878.85549775,15942022.4,129596375.95750809
2014-07-09,1182676426.0782814,618754633.8837242,933405549.7197342,129747042.90664673,269684794.7579193,3604687266.1307144,2353033259.6097565,13063269845.697708,595265796.8423843,94952907.69431153,16080500.8,129513057.5673294
2014-07-10,1181790496.2607002,628271379.8860741,952295478.8962936,140472464.89053726,269373954.4216919,3706297258.242073,2447476284.062538,13312835258.710403,602238886.1838531,99672386.55448608,16399813.6,132086074.28359985
2014-07-11,1168994384.7416115,629370424.4984055,934819198.7579727,142263020.33224106,266912722.15816498,3679154235.3564835,2384735032.0219803,12991741298.562546,582042329.7391891,97511552.80083008,15639483.2,133114088.34171295
2014-07-14,1162511223.4298897,597717456.7740059,982135795.8420944,145640370.6319046,267809575.71224213,3655379804.8916245,2304592486.82518,12817776476.188583,579565877.5963593,103267175.50431824,15475499.2,133366249.0109253
2014-07-15,1174072572.019062,604457443.9620972,1012071121.9826889,148166695.5445671,265996896.03923798,3749488748.208542,2370611615.326576,13024172672.223587,589965012.820282,107866877.3073349,15517616.8,134202009.97940063
2014-07-16,1161114683.283863,605014992.3804855,1013032183.5790634,140694886.02031708,198393700.61897278,3747578961.7282104,2383056869.4647217,12999018362.8376,582136585.6508636,111448350.77680054,15263102.4,134979993.75965118
2014-07-17,1169053257.5429916,604867130.6528854,1057400827.5085831,144200424.49142456,198047424.291687,3859182808.745804,2423186116.2443542,13321774679.343033,581793638.3226776,119329127.50576477,16482375.2,135588842.40066528
2014-07-18,1176359094.1087914,602292318.7664604,943439633.895874,141929360.79875946,195448853.35121155,3929579289.0559006,2421618101.667633,13639780301.420975,552787472.3827744,121064981.28532867,16705266.4,134521306.9514084
2014-07-21,1210716046.0918236,592069169.6114159,901298882.8923035,143683254.55701828,194533284.24919128,3937134200.1257706,2442323482.04319,13379339700.083542,547141356.667366,122388056.06171112,17391140.0,135742826.16975784
2014-07-22,1239653755.1456833,597547055.6372643,893086807.8700256,148979916.28686905,193461744.372406,3983370212.3174667,2467711438.4370804,13362270702.152634,547728161.9931793,120942439.743013,17418794.4,130707950.91300964
2014-07-23,1208773843.6805534,575516908.835659,871872420.8218384,149329918.2164383,193795498.72261047,3905159234.4597244,2461009356.1027527,13129067616.519547,523078901.70352936,121517444.14322051,16978681.6,127791177.32908249
2014-07-24,1203544350.9840965,550173061.602211,879813535.0677872,151032105.84171295,192322281.2992096,3887880090.362892,2430784463.532791,12929162692.007828,527165578.2769394,122665187.46303558,16771135.2,123757350.99069595
2014-07-25,1226380554.8427773,536950739.5681572,880239189.2977524,154134283.01691055,192178396.21059418,3973678492.965851,2466680167.313423,12876598427.529526,529485776.3473892,123889059.80644532,17153961.6,128892513.39765549
2014-07-28,1255987926.4541245,532867791.4713478,873812488.0228043,163121548.5564232,194238162.20104218,3960087207.398262,2481875033.808937,12864703632.080078,521537040.55942535,124837903.70487519,17800032.0,129326080.48753738
2014-07-29,1260456996.69796,514805288.2949066,790762288.502922,166078707.4851799,191072260.95149994,3935161471.772728,2516361861.2984467,12950884567.149963,526180754.0896225,126346197.1484909,17736931.2,124245404.24293518
2014-07-30,1282484378.067894,509926303.44869614,773795492.959938,170714130.19731522,126747649.85416412,3745818021.3721848,2534762514.283066,13061445924.91211,544123881.0250473,130974250.12978363,17686493.6,124535761.01329803
2014-07-31,1370236874.236641,543906636.5032387,798209073.7836075,181861506.3026619,125708381.86264038,3881647964.2599487,2670338558.9630127,14086718968.590393,581375541.5612411,134553645.1182785,19455615.2,125125834.06404495
2014-08-01,1509139078.455696,584158170.2905846,812913759.8664474,201622588.30633163,135234992.68943787,4121319519.98188,2865899315.60524,15147230994.93988,618470054.9884415,139537379.61211243,21211148.0,126328379.93364334
2014-08-04,1538440766.0642624,599136614.706974,823800390.0494003,214008798.3800316,137827900.00473022,4124193435.9260178,2909162102.323265,15373081600.04242,616061101.4265442,141228276.68746033,21965606.4,126409519.31768417
2014-08-05,1602455574.935398,619915769.9135017,835972496.9399261,217775262.2918129,139913218.40187073,4074090169.05262,2951740651.229477,15704070379.290466,623487244.8940659,142559900.92146453,23741178.4,125874139.4616127
2014-08-06,1657879627.3392487,622031134.515152,841129350.5171967,218161309.8477745,140047798.9731598,4096000863.076782,2970612587.5535583,15860386397.189026,627674078.1309128,140861322.47177276,25309613.6,124422621.82977676
2014-08-07,1713486474.4293022,631030001.3870239,846602533.7479019,212620994.57977295,142703062.36114502,4039619936.3430786,2922536603.226166,16125452656.535797,639117069.6217346,138163226.925618,26739348.8,121751676.51582718
2014-08-08,1749395125.9277916,639841711.2453461,854914610.7109451,215903725.91470718,143623055.32356262,4029465415.8758545,3011757184.3097687,16533503355.656128,659688692.5116348,133042058.23498993,27867942.4,121573144.45310593
2014-08-11,1794958293.8217545,642475429.4753265,802766199.866333,226454222.9109192,141446061.80648804,4037134199.8262024,3049324300.5126953,16650256860.421448,668152472.1250153,124922160.58044586,28788800.0,122476886.88667297
2014-08-12,1793073752.9367828,641352037.519474,766167110.1173782,229746463.16310883,139419096.76216125,3944459271.6361237,2999872805.9757233,16335333047.516327,670423602.7320099,121951237.03417969,29462062.4,119157908.84494781
2014-08-13,1832791705.0214195,647410626.5036011,765584433.9617538,231469844.33141708,79948531.9726181,3746419949.685364,3026582253.6660385,16237991386.92627,685748877.0421219,118547274.79482575,30310899.2,118324738.03237915
2014-08-14,1777760766.2975883,639468752.8574944,714138714.84478,227807595.34914017,77069147.98656464,3548263439.16008,2951015058.1565475,15533788463.950348,678631392.4681473,120167342.1430008,29149061.6,116220146.24790192
2014-08-15,1802613319.8253632,666282614.9617577,755397369.0758896,237954651.36446,81847546.17847443,3583270117.02137,3035520898.4075165,15648666706.546783,725742023.9857864,123244414.3720047,30175378.4,118394903.09398651
2014-08-18,1773474477.8019333,664690895.9476662,765517862.3527527,243044273.22156906,135885301.2971115,3587842904.7229767,3079607430.2122116,15711915571.665192,733946762.9432678,121506748.13939515,29914477.6,117774342.32625961
2014-08-19,1757050819.5285988,655429687.9238319,771523674.4418335,240730878.0762291,137042757.4383545,3546104083.013153,3062209282.7592087,15643151485.375214,734953142.8528214,125678713.75030212,30001288.8,116287666.38032913
2014-08-20,1759540425.1126099,661399275.900135,779721712.4924469,241957601.62239075,139161318.7612152,3545452595.1779175,3039316538.0893707,15702057682.595062,750888390.1268387,126912044.63253479,30330160.8,117271474.09296036
2014-08-21,1766275106.8022919,665044797.1351433,778493906.2114716,238954553.77996445,139303914.4972229,3551710318.488083,3017089632.5382996,15792960789.161682,752273735.7722855,128540084.108107,30272844.8,118285338.96766663
2014-08-22,1786142217.6163483,664851278.1427002,772219776.3318634,238980614.8444748,141772608.61701965,3473916463.3860016,2996698342.4842453,15791633662.40158,765873756.0053253,130217202.062854,30288576.0,113231907.64520645
2014-08-25,1775304624.208908,678222930.7585716,782807075.2023315,230627661.79763794,139378694.01988983,3430849175.804901,2993062387.2932434,15754198737.277222,768975913.7984467,131909733.12360688,29675219.2,112659882.64577866
2014-08-26,1793784665.732956,708450402.7246666,773775358.9599228,224958461.82136536,139890099.93587494,3456678713.494606,2965199039.147873,15493669955.552673,764776095.8172989,132153794.34499665,29379364.0,112369452.62037277
2014-08-27,1760931735.1820183,707293934.736824,754619133.0065536,220849022.09926605,139214673.90232086,3404561147.296486,2879526904.698944,15046293911.04889,745461886.5774155,127363327.02020416,29224899.2,108661532.50572205
2014-08-28,1678692371.268158,671022040.7031441,714002216.5585709,207175694.8556137,137042942.521286,3224909804.297371,2769367875.2768326,14075171271.36612,711318674.4431686,123196280.99014434,27886304.0,107173570.6508255
2014-08-29,1563484447.34272,658461808.7986565,690812190.1868057,185586850.0271988,128941960.2123642,3034423202.119179,2588564986.764717,13126503592.927551,686163556.1139679,121133610.82926635,26755566.4,103758087.43766785
2014-09-02,1571633371.007347,657066212.6210594,712126370.8537674,179569925.4050827,130521765.79143524,3063579053.8864517,2527686137.096405,12996474359.507751,709071086.2033844,127207718.16877441,25681218.4,103663689.36546326
2014-09-03,1548999944.6577454,645473791.6467857,681311765.7186127,178703005.73692322,132324061.73553467,3017822335.238762,2428201219.260063,12268887264.697266,703688036.3770676,129102263.19356842,23881433.6,102220163.12774658
2014-09-04,1515612196.0923195,633289086.5486908,667105120.8996582,180290227.79382706,135742658.34712982,2988539558.518448,2391534316.909485,12222011123.501587,725987903.5741425,126035569.4813385,22707350.4,102622442.68060684
2014-09-05,1479636928.4734535,615759860.5570984,642356440.5622482,182672798.525486,134585270.30376434,2928246719.9926376,2388854133.483238,12002050950.6073,714135976.2303925,129703412.49397583,21134294.4,102834297.95537949
2014-09-08,1477033596.9878006,611284571.4130783,651527350.4729462,180551417.77484894,136277717.51029968,2872740997.3402405,2331365420.0553894,11603658093.824768,713437979.5862198,130586634.09926453,20000700.0,105231666.55035019
2014-09-09,1539834699.2233849,622014178.7111664,668815271.0133362,174919604.51709747,139393855.69347382,2901772887.3343277,2373282932.313156,11734946362.010956,708056958.0239105,130814660.69571534,19436429.6,105569547.06886292
2014-09-10,1575443823.8829231,627688368.8458252,681996746.6056824,172571071.39320374,142933939.51732635,2865846111.9308853,2392634148.359871,11702440766.705322,710707696.4485931,134348395.73003998,19184049.6,109992758.64149094
2014-09-11,1610780399.505291,627238165.6913376,702432104.6756744,167225901.39175415,144854780.77632904,2888728487.6018906,2400358374.633827,11699243444.650726,714906594.1159439,144084499.91045076,18414569.6,113076606.5864563
2014-09-12,1698200106.9955063,627351523.1982994,729385405.7184219,169918668.10947418,150885715.76656342,2949655810.960541,2427964475.069313,12195919759.776154,722526349.5281601,137284025.26497802,18680169.6,121256440.8813858
2014-09-15,1700002760.997219,592975641.0677338,675708759.1788483,163680133.04683685,150518147.43480682,2892321096.398163,2330791732.316818,11697601068.20816,670539268.4773254,133385478.65017852,17435252.8,123414840.00667572
2014-09-16,1798738751.3404655,599277842.2487259,683649686.7547226,163564666.36116028,193763758.06568146,2980061432.965851,2329478382.6202774,12041438092.949524,676636534.0110397,137634284.64742127,17490764.8,126749948.64555359
2014-09-17,1868312160.0652313,624978133.0823135,702185511.3615417,167592790.8896637,201335000.60035706,3091663367.0139313,2402228005.441017,12803283928.171387,704354984.2276764,139668743.80710602,18147116.8,129901874.24257278
2014-09-18,1899798907.1948433,631961700.1310349,706500713.4655762,170432388.78469467,199327349.36172485,3084528519.7454834,2434870002.7010345,12995305001.00769,702684884.444809,141593039.50378418,17772728.8,131799898.09480667
2014-09-19,1985572499.282608,639332666.4214325,721285501.2640381,180645310.4314804,200443839.75345612,3177695581.4806366,2562206781.784668,13445211672.823181,728882935.0546646,140653446.45419464,18135684.0,133863837.8610611
2014-09-22,2043089429.061203,686258659.8776627,736506745.7055664,183781753.20465088,202522616.23706818,3249602745.8607483,2671098273.2191467,13852446264.406433,713434404.5578003,140574848.96190032,18044400.8,133440042.83073425
2014-09-23,2123329900.4688644,696530949.6875763,733174671.0850525,187689720.42303085,202994118.13034058,3357847583.752899,2715265066.1297226,14235774524.233093,715520908.5124588,139467387.54032594,18865757.6,141048940.45139313
2014-09-24,2134901525.0449371,673463611.681385,741507124.4727707,199361675.45475006,202552336.1415863,3348728220.1605988,2788247438.3844376,14727712066.826477,713977304.1043472,144919409.0016144,19336153.6,146849712.12327957
2014-09-25,2186549911.041603,683509645.7366371,770412838.6291885,208075959.57927704,200601973.08364868,3488807135.1374054,3024430484.264679,15547866074.902954,720521213.2866287,147899652.39127502,21698470.4,154701995.0796318
2014-09-26,2209279681.0095406,690448716.3606644,774469273.7182999,232419677.31393814,199672140.01472473,3501870509.384842,3171101491.9034576,15912278245.728912,712641521.5619278,148723762.00709686,22140946.4,157800573.21170807
2014-09-29,2258848660.681286,683066011.6147804,775353007.1087265,242611603.2713127,203348626.9362259,3516925102.914772,3240052596.621628,16143186762.833252,704818759.4715881,148954649.45443878,23559080.8,161934020.2285385
2014-09-30,2315657748.0153465,689060623.5753059,772839162.4204254,248304337.74850845,201270641.03054047,3583185221.430969,3345446417.397728,16611731314.975586,691111629.3465424,158407758.613916,24595339.2,166900378.5187149
2014-10-01,2397008122.102461,700967571.1826515,792963755.2818298,264828318.24598312,208862349.38560486,3827563369.362526,3486329731.878433,17560026949.970093,736850845.0408936,162323274.30758056,26582997.6,174992880.92647552
2014-10-02,2470222753.993807,722794588.5962486,785623535.2765274,268228516.4839363,209247776.269989,4031503959.036484,3616863253.6343384,18118113164.370575,719430625.3197861,170633233.2543091,30161733.6,179193428.30453873
2014-10-03,2473556926.1133575,725215721.6874695,829085555.3974533,272128121.6343689,209502618.5188675,4104616791.4860153,3663422438.542557,18259306099.84497,727119773.147316,173818689.88230896,31257111.2,181215797.9520607
2014-10-06,2521476945.8665276,731116529.4774246,828119812.5709534,276199791.42082214,208974666.86927795,4169118477.4196625,3708141038.2493973,18578027481.993713,707282939.6902847,176594380.78128052,32028795.2,179353143.2898903
2014-10-07,2440292055.866461,730265375.3574562,821596373.936348,276995639.37028885,209942095.56423187,4174527824.764099,3742530591.3705826,19030246097.87735,723080542.7869034,180179839.17281342,33219216.0,179717398.51221085
2014-10-08,2488848451.586447,736621912.789669,842051625.4876709,287609232.9851341,215663125.29037476,4301541273.956604,3893066852.0365906,19986175483.497467,727424361.6273117,183760171.04832762,34223812.8,183137945.88306427
2014-10-09,2500708424.537821,759780370.0556946,835464303.8213348,298174308.3493233,234408646.38809204,4443116393.946381,4039103303.0041122,21107437066.430054,733326586.016922,182330976.72154084,37290879.2,186729547.32149124
2014-10-10,2518509969.523821,788002580.8968163,814711456.885643,319429750.4000282,244755569.1363144,4580089476.199112,4236107020.4896927,21888318405.325317,725964275.4639435,187488007.44184265,38879040.8,184929430.47431946
2014-10-13,2544929504.2320156,802549383.6944771,818362257.1256256,329653471.15667343,247254452.35969543,4699392669.367485,4431674589.094505,23044498574.2218,731563664.4430542,190093015.7638336,41363164.0,185691473.4380722
2014-10-14,2493211273.596983,816447262.6972008,810162085.4289246,345284732.15141296,157584149.16706085,4765097658.82843,4564037896.904221,23756182751.44577,743212455.5514908,204734406.97763595,46918282.4,188098007.89218903
2014-10-15,2556207978.89534,849700174.4043922,817459697.2378922,362735144.94499207,155943253.2404709,5079255052.845879,4855110540.471802,25430001933.0925,856338990.9843063,218140983.55016404,52886954.4,194614823.68152618
2014-10-16,2627554919.2856216,918731565.2454948,824860553.0650711,384441594.4494438,161061462.6094818,5422533560.046616,5108196079.605598,26714961390.914154,907283265.6671524,240335338.4402748,57554971.2,197260528.43227386
2014-10-17,2595755618.7594795,940000113.7800026,808816718.8056564,402876787.85053253,162088061.17435455,5501935190.78064,5189510166.789246,27373599505.120087,889894185.6932831,246186065.49220046,60981076.0,197742831.64510727
2014-10-20,2538951339.9728394,921429783.3653069,782576234.8485184,410215439.7743988,160817791.08272552,5444556472.057114,5148127612.963638,27362805490.10544,896523247.6956177,248856748.57867202,63125898.4,200444372.36236572
2014-10-21,2481875569.481697,915128307.1427345,782548376.5380096,419987977.87151337,165032618.37291718,5410873164.796028,5232128196.277313,27691972729.675293,912538092.5992966,253194391.0178795,65241001.6,196881929.24064636
2014-10-22,2469673956.9011307,916290105.0991249,772589610.9116364,425115097.68325806,166988873.31150055,5474083657.262955,5240613721.323471,28014262784.524536,931303786.2421799,255573013.68973923,66635254.4,195706422.24178314
2014-10-23,2426384446.9719887,918030262.5967216,765825451.9173813,430654823.2984543,170600859.63748932,5528364608.840218,5149018812.569237,28042740599.7406,941101649.0594864,259415993.90530777,66097590.4,195395531.6768837
2014-10-24,2406395240.711422,912851958.5829163,762695202.052803,416085221.1985016,170515211.2305832,5602032019.715691,5090173239.306221,28152508363.06076,933168147.0103455,262803692.2674057,66548282.4,194481736.6832161
2014-10-27,2357981051.273937,912512913.2582855,753424123.5516739,412921117.8128052,164729222.8377533,5604459757.569199,5073086922.664337,28049159501.381683,919240512.6273346,264854850.65631562,65395890.4,193773554.0707016
2014-10-28,2335825823.8771152,904716601.4079475,713581648.2184982,410924359.0473175,161714148.17890167,5759725661.685066,5042103400.223122,27856455965.66696,910882473.5488129,251194833.75053102,65047126.4,189356038.55426788
2014-10-29,2284223851.8134785,903913180.9377861,718588993.4432602,399578536.3026428,154167028.25496674,5677825230.589409,4968584142.540894,27597153145.51239,876719702.404213,251355767.6464676,63951546.4,184710227.87296295
2014-10-30,2225617541.2530804,888311233.0335045,726749374.6800232,392618205.58389664,151348852.62664795,5633406671.680908,4890619913.874092,27269493279.76303,872119877.7616501,246041788.34323043,60944077.6,182043419.2091751
2014-10-31,2304968248.09391,915098239.7583389,764554068.6191559,389450144.5171547,150297011.34792328,5692026732.028351,4955359072.893143,27504999533.891296,864422398.853035,242096372.1681549,61072810.4,189298255.59009552
2014-11-03,2265339789.3522263,910306825.5693436,757159126.9384766,391295357.6342964,154966733.94447327,5724497028.509064,4949623896.838341,27435945875.959778,887250658.4452438,262481478.97649306,60606354.4,195566522.1517563
2014-11-04,2265419974.264765,904491307.6104546,762550213.6699677,393572016.8375206,164766047.59540558,5725344341.598015,4855714808.783264,27032715150.533295,864970252.206955,273791226.5506462,59753324.0,196335852.24395752
2014-11-05,2196176821.035681,892860363.2457542,774312851.4393997,385701442.4241257,158205830.1580429,5638746484.949989,4682958859.777679,26288895165.233612,845168009.1453552,282226723.7190239,59037220.0,190589793.82637024
2014-11-06,2146169483.6313915,871587748.5451508,773997220.2770996,377449863.1505203,138742933.741951,5520699780.442429,4520759691.4291,25514398186.69586,826268122.4793243,278919224.9466171,56547861.6,187018032.03941345
2014-11-07,2051128552.2792435,839649511.2668419,808311165.7450867,351508247.3170471,123834648.26911926,5364836270.20134,4282811989.616852,24525523514.88571,825294186.3355637,276490746.85802305,54504226.4,184943833.43954086
2014-11-10,1982930409.4246483,827651965.5067253,823546057.9595184,339086310.1111984,121149801.0906601,5189954710.32177,4033943211.266861,23303469640.28778,817714723.0051422,279355736.7734512,52763410.4,180332842.3888588
2014-11-11,1914739272.8606796,807862531.4273262,841057209.1008759,317577565.44166565,117113940.3691101,4991137894.959221,3800753460.7759094,22096437549.15863,778524773.981514,262743994.6781868,46654495.2,174388508.7053299
2014-11-12,1763687906.170702,751015236.8222237,813429974.5106506,297212274.43941116,110756657.7073288,4628355275.329628,3444056483.9941406,19936121012.144318,630236868.758812,249100988.4542839,40302888.8,169167616.24095917
2014-11-13,1655874163.2163143,689823099.4398308,801630173.3648682,279033579.964695,106449737.30926514,4289084705.2067566,3184707480.0704193,18583288839.06479,569890586.3152313,244402387.18626937,36661620.0,168942394.65768814
2014-11-14,1616177112.6592922,670969562.590313,834805754.1907501,265039725.09792328,104335198.59706879,4070477189.249878,2979670854.9808884,17596449856.614304,555064427.3788452,244199994.771756,32905363.2,168202273.57728958
2014-11-17,1596630342.1706104,646445760.0499344,847661194.058075,259721986.71823502,99960961.18160248,4055759634.0991974,2910523887.2255325,17255480031.907272,541471613.5791779,243084252.18076783,30541337.6,165980104.63285446
2014-11-18,1554679000.6249619,654058481.4326096,852397521.3269424,253960254.81445312,93987109.6251297,4011878607.8966904,2797836796.8061447,16662571631.959305,518336475.3081894,244295259.91862792,28199869.6,163850821.14032745
2014-11-19,1553207767.6209068,655031588.8434029,898274675.5948639,252206500.40945053,92371400.38547516,3972746928.256645,2737283267.5731277,16155308795.253525,502874012.1070862,240666350.24676818,26605358.4,162356997.4181366
2014-11-20,1530609573.8692474,654496401.3924599,892450167.2431564,236764773.86802673,90455023.09745789,3816024481.7440033,2630382967.387047,15529804650.316772,480183841.00387573,239773157.67121583,24673249.6,159547829.96765137
2014-11-21,1643358846.4242172,678000095.1903915,908957170.6682968,242135291.45174026,91167652.28088379,3832521312.3204803,2597457782.8292465,15786591025.227356,471338308.23726654,246776272.73841628,23579261.6,158436236.06178284
2014-11-24,1634870810.0805092,676769453.4321976,921554672.8098679,241256484.90758896,143619492.3064041,3808586986.4271927,2549907427.740364,15679067571.722717,474201860.475235,250951346.72047502,22960364.8,158934304.05550003
2014-11-25,1587399615.5499935,685744683.5373878,954523615.5155182,238385136.7457962,145554074.83833313,3527823631.2700653,2475854784.491234,15482184723.12706,481781863.27789307,279416220.93394166,22148768.0,164357043.36385727
2014-11-26,1517506665.64888,660153819.8854637,926870480.2518463,232775730.08296967,141815366.7936325,3273885848.638191,2382255138.5663986,14852379161.481247,461576039.85572815,288413234.22666854,21039114.4,161295808.95662308
2014-11-28,1508460816.458912,646869957.2739601,935549903.336792,237464557.36833572,137803138.93054962,3088372081.2171173,2301996130.203285,14416957872.747574,451469099.9370575,305089067.2806961,20097304.8,160512793.41249466
2014-12-01,1450035808.4339142,628929671.1255455,924171986.835022,255058735.7164955,142640242.45098114,3001188447.3643875,2222767732.4088287,14078840361.251144,456844811.09321594,332123102.60453874,19084624.8,160206332.84124374
2014-12-02,1428391747.2749233,640501337.285099,923938404.337616,259437950.130558,137182912.8425598,2961468549.180336,2192303480.474777,13936889599.1613,440077856.36657715,330133519.7263924,18766948.8,156634691.31319046
2014-12-03,1420727088.7051392,636390761.7661858,921355173.5723877,263501300.80080032,125087211.45057678,2922619789.908943,2245743962.720833,13754765893.172989,445587995.8582306,327330560.41819686,18309468.8,158919282.03914642
2014-12-04,1392619820.4295254,648503329.6833992,867912141.9040298,263802426.58874512,124676623.53553772,2911411140.6975555,2275495360.7674026,13771458882.893448,443666540.8626938,315353516.0705986,17878964.0,161824551.02737427
2014-12-05,1361763433.9972496,649777107.3425293,865567628.8646698,267279807.78598785,124747124.8852539,2905614023.2806015,2284243773.128662,13655555348.751526,453662774.99256134,320314977.502655,17372365.6,164680505.79559326
2014-12-08,1361953064.7443485,658117288.3687782,834150408.1295013,275124389.6404648,124211834.55257416,2923167279.639473,2343422757.318611,13829230384.455719,443367939.1239166,328807014.35856783,17677487.2,162321355.0826645
2014-12-09,1372718736.6432858,675643725.2086449,848792962.698555,291985998.0300522,122314088.63479614,3042404659.133873,2469533775.5059814,14335186763.487244,452492375.0045395,332406758.361673,17583395.2,166940383.69926453
2014-12-10,1411606208.8074112,708648677.8876495,825825940.9089279,322111108.58499527,121477598.69644165,3149352743.2998276,2583134912.289238,15212063981.049194,471114435.86372375,355769642.29907,18841103.2,170837956.5891838
2014-12-11,1470412192.504778,729337700.4241562,827892519.2954636,342902494.27093506,181160706.0992813,3153825514.333725,2705730488.8246536,15790709602.330475,489328057.81368256,371437013.74825513,19514309.6,169117925.35511017
2014-12-12,1538644730.6642437,754716708.2831573,828480814.7590256,357584661.4024353,208021348.01120758,3248426000.1580048,2794050155.6464005,16744318659.363098,512776625.5389404,375499136.23635024,22724200.0,168994752.81518936
2014-12-15,1599520905.8845425,806423150.7896233,797666936.0255051,371470460.4186249,210605882.8029251,3455187873.6576843,2949404454.580574,17626406058.630142,533266975.0993347,391076835.7754326,24428049.6,176063094.85071182
2014-12-16,1708919902.0107555,862901557.9527092,819367196.295433,393546445.0600624,252560403.14922333,3612928427.839775,3138365246.51165,19060979167.578964,547267464.1273499,433568343.9316063,27013859.2,187575330.85802078
2014-12-17,1849468278.8824844,880636987.9683304,839207125.7160187,421083257.09985733,259060342.76973724,3797715057.5919724,3384754751.9937515,20523241631.691513,580979770.1065063,473915812.8159981,28813033.6,199529930.60739517
2014-12-18,1876905395.9399605,921909657.2072029,801285709.8841095,442259716.54325485,276531429.3765259,3885247216.046028,3510302216.64196,22017057892.01332,613594999.3684769,498761392.23685074,28820578.4,207707455.11379242
2014-12-19,1923860887.88826,950334138.4853363,795777337.0820999,458469882.0866394,276723310.7126236,4002889285.8558273,3648165401.2025833,23492423130.94574,625095089.2634583,518950979.92377853,29257445.6,213419027.14075089
2014-12-22,1814949415.2742481,954630148.4433365,800016317.5742722,454880214.3691635,282952832.6157379,3925423462.507286,3649014651.3269424,23555075750.28969,628106987.5513458,524753802.18014526,29570494.4,215806045.14375687
2014-12-23,1832980858.0100727,965183247.7516556,816755966.2017822,456575067.44953156,232483234.37129974,3978691899.126854,3707478450.4257965,24042459666.528244,643763463.7930679,530047796.99686354,29407226.4,219930495.39525986
2014-12-24,1795311989.9406624,951118457.736969,773002904.5928192,450123043.5438156,231887187.20668793,3942071397.1987915,3691861112.199669,23738169466.536102,636008063.1100845,505573860.9732086,29147002.4,211708676.9903946
2014-12-26,1789079831.734581,968020807.0461464,776289624.7545624,446996785.566082,231276523.4817505,3962485884.7701263,3667422824.716797,23701474497.992325,630128148.6216736,497702198.3462097,28900072.0,213474921.7436409
2014-12-29,1770231743.3093834,997387318.5649681,796064642.574234,445553939.6824646,239773575.87730408,4001195636.4237976,3665564771.022339,23895351615.50087,628448442.7295685,493723742.9592835,28808953.6,215156614.92498398
2014-12-30,1702048551.415224,1008139474.590168,750882611.9232178,424248408.2842064,236242245.55397034,3946866442.904625,3582192213.767929,23647215623.621597,614348233.5875702,476876767.23899233,28491796.0,209264820.67266464
2014-12-31,1681499157.999096,1013124022.4788475,757461722.9158783,417790978.6543846,236356470.4347229,3972071380.846367,3572399782.1014786,24119852140.477524,612074449.6198273,475490508.51452863,28989396.8,211594208.88471603
2015-01-02,1720774252.2548962,1042111148.7589073,764518821.2395477,407120596.981678,241244686.10973358,4061664441.2086487,3561389309.804878,24561644612.06093,634418575.7141113,480744744.5293434,29140860.8,216960642.4718666
2015-01-05,1794639998.670597,1060898652.4472618,790870830.5849457,414046071.87459946,243597954.2091751,4176723268.713112,3582016004.9391937,25196005023.961716,661686582.645607,501573545.55849683,29687104.8,224343214.86135483
2015-01-06,1820528191.5566254,1074639413.5328102,820459500.3316879,424026102.8590393,247277734.00859833,4359036541.769676,3762757868.1822968,26144402101.93817,714192517.2504044,525328647.9741539,30842586.4,234055715.66827774
2015-01-07,1851343337.5332928,1082120204.7463608,827671565.5487442,427753013.5425186,250279932.45620728,4360131506.46122,3781204606.790848,26270229533.548737,734068373.4734726,535816970.7056488,30762316.0,245919459.36265945
2015-01-08,1852277185.2260303,1077390403.416748,806590005.6296158,424622778.1347275,253354114.46102142,4238074238.595009,3750893171.4707565,26460546027.49695,742368071.9805527,545985254.1865952,30195873.6,250139593.06142807
2015-01-09,1827334328.4624958,1054759874.1146278,828048384.1759491,404230255.1101494,253886774.62558746,4149198858.2904434,3760143341.0683823,26464229955.68695,758178236.7594528,539696910.3405411,29343989.6,253418506.40743256
2015-01-12,1812789958.9157295,1051238350.3248024,846673946.8740082,396674762.6356888,202855601.49490356,4107539256.104164,3693352747.9348373,26339141055.551834,754534701.1466599,542018709.8407577,28452255.2,260113125.38507462
2015-01-13,1781122927.9192734,1017031926.9156075,864319749.7653961,388321679.7499275,177344828.4211731,4139472846.2224197,3734934889.1210938,26460313965.747604,751428498.8795853,542075678.1459373,24982505.6,266150808.84901047
2015-01-14,1772304546.0252953,969535180.9570312,859591097.4054718,373150816.8386078,178717962.8023529,3988156382.4399185,3726785895.4367065,26504595354.47876,768030765.02388,553671918.6951249,24681240.0,268539811.23147964
2015-01-15,1690318815.5335045,934866020.9033012,913850083.4650421,355345103.9396858,140589587.8816986,3910772950.6243896,3661261269.440918,25846483210.182343,789852135.7966614,546581566.6654679,22553716.8,264593631.2878418
2015-01-16,1624960874.519024,937035675.0071144,950259812.2202682,333651147.39795685,139142894.06913757,3768211225.8386993,3453671588.0558777,25506413647.0047,782290591.9317245,530567158.25968707,21040982.4,259234713.73945236
2015-01-20,1608306066.278038,906513770.5733871,1012941304.78508,307854218.522892,125097087.38239288,3674043071.141739,3360430748.3097076,24411407220.586548,762855327.1865082,521125967.2823631,21620244.0,257497739.35396194
2015-01-21,1632937457.793665,900140041.3168144,1055084274.9261475,298505526.1819458,131284080.84751129,3560096825.3139877,3302312120.7051086,23352141589.704514,774363447.7988052,511582035.21044236,23501747.2,255367188.27093124
2015-01-22,1712703980.120964,879750470.5464363,1078833529.1497803,299349650.4238701,127166833.37409973,3614059183.789177,3334989436.369934,23565378785.53177,804847687.3334122,522942023.4916824,23627137.6,258408466.07934952
2015-01-23,1716296437.4818134,874095705.3831863,1074023504.28154,298920264.03453827,126907394.91703033,3579746696.797371,3357211585.2705383,23511978703.735962,807593814.3346786,533161601.5236977,24048790.4,255642472.81827927
2015-01-26,1758716759.8737335,887609520.8539963,1107180237.910614,313553664.4501877,128952620.28049469,3599032034.6370316,3384225248.946724,23924030745.67238,814793214.6714783,546829301.8111976,24500821.6,260358983.56264114
2015-01-27,1781794171.4221191,892921560.3689957,1145177501.8971252,330605860.25382996,131071717.88387299,3641872823.523674,3527889284.619293,24552916417.22824,841132291.7370987,553757891.961676,25400903.2,261818748.10321808
2015-01-28,1810929161.494255,888279637.1361732,1123770385.9584808,332836070.65418243,135291778.8771057,3688953626.440468,3647591908.0796814,25259288872.134933,883434329.0311813,565018279.1554909,26827778.4,265549704.42956924
2015-01-29,1844498707.8392506,913183495.1225853,1150207464.4587708,336084382.71894455,136304826.85302734,3764893161.45874,3776249839.634781,26076853944.280014,907347565.929451,571530748.4450508,28045600.0,266299115.9159851
2015-01-30,1948689743.383875,950020598.3200645,1196755922.4897003,341530384.9326515,141648528.16482544,3828947549.5680237,3860030133.595314,26599240482.938004,959296780.5907059,589525719.5635993,28795871.2,268392433.76113892
2015-02-02,1928562176.1653614,951681255.8140945,1210589071.8253326,343700553.0706978,182547891.52252197,3818017669.4626617,3916309431.305046,26928895397.615585,984223201.8890762,607190237.521959,29503260.0,274456507.6286125
2015-02-03,1881747822.0074463,953763057.9700089,1213210760.5873108,354442215.44080734,182444142.41641998,3784343969.052353,3891585466.232071,26566501664.91043,1006892550.8015823,652604696.2804573,29300902.4,271286339.73062515
2015-02-04,1859592111.2353706,947359145.6198883,1180145024.0371323,352186252.0491028,181578312.0016098,3595044208.686943,3748279761.3121796,25972350145.9507,974913135.3258514,675313128.1323631,28914373.6,260401107.5571251
2015-02-05,1812232837.7008724,961174814.2425919,1184583480.003891,357197093.18408966,180963570.92853546,3599946851.2880325,3685835854.3120956,25758876331.87355,968751431.3224792,694286304.7406013,29152428.0,249938062.57177353
2015-02-06,1827417253.576727,966812878.2612038,1222152450.6422424,351852671.94856644,182445200.23830414,3618508053.998947,3656896011.764717,25573838446.975937,996098005.9148026,709946505.6175125,30328464.8,252839649.83551025
2015-02-09,1823635126.183443,964026361.8869209,1206671822.812233,346864315.6162262,184499140.091362,3647641119.4468307,3568446265.437126,24973337664.672928,989531904.6091461,720162043.9050376,30278441.6,251667733.40278625
2015-02-10,1812142119.6406841,956676420.6008339,1181566732.5270462,342608886.41687393,178371818.22921753,3658992561.1271286,3522837035.413742,24586179011.337585,996805554.6055984,725336860.4407394,30680292.8,254242434.68748093
2015-02-11,1794950477.7669716,960357961.8018913,1175827790.8148575,337819652.5052643,179369645.24829865,3528786356.869087,3358673878.707924,23573976890.186768,988009645.8900833,729719731.5974572,30450228.0,249139113.49643707
2015-02-12,1754969477.2216034,963892619.5427895,1155736315.447731,327662333.5627556,180542079.02935028,3501528624.703636,3230180951.935692,22814667840.309525,987704022.8673935,721630679.7108253,29773216.8,244306792.92699814
2015-02-13,1738070997.06398,957855114.0457344,1072988167.5776672,322181338.273201,180110713.38611603,3379949260.476837,3139281824.2889786,22174527542.735367,970386019.6651077,708241524.6807197,29446269.6,239861911.79445267
2015-02-17,1673953898.3851624,924769058.4717941,1026510790.1711273,319938694.59688187,181930216.8478775,3257825653.8668823,3062404560.749283,21078016015.67238,993785955.2281952,703825141.7204574,28972888.8,244053284.24497604
2015-02-18,1642261555.5145645,921256475.7954407,982046296.9287872,317400886.40037537,210196726.25545502,3182836212.22229,2992446341.522827,20684814534.445114,1020560203.0437088,703139766.3648689,28482477.6,245182061.55212402
2015-02-19,1586022265.0456333,901636471.8952942,951052978.7155533,309867961.3958931,206560351.25320435,3133785682.9223633,2902263847.224579,20446843876.936417,1012463578.9982224,728164587.3589706,26507600.0,247613988.69512558
2015-02-20,1485106924.7721672,947543029.7943115,923705333.7422562,306545510.2907181,208789483.39561462,3100802526.634369,2847996644.428673,20191943672.019424,1020814012.6139069,721893699.5507782,26431580.0,248543877.8668213
2015-02-23,1455431013.2891083,936410032.232914,912528404.0131378,304389886.95554733,206912213.0281067,3093473175.7040405,2770492174.196663,19846213578.036118,1019847737.6927948,739358822.9716095,26299245.6,249316487.55390167
2015-02-24,1483159909.520712,933533297.2659874,914778042.5492477,293359131.00854874,205327744.0972519,3081070404.934845,2773504220.308037,19699470923.868332,1047215753.2676697,731847540.990422,27095862.4,257182001.183033
2015-02-25,1461374294.1072273,912807934.2061234,884273597.550087,294502750.2415848,204173212.92037964,3033643924.4939423,2659549056.569481,19215668979.38446,1045733221.0177612,747582207.0025551,27213283.2,265918150.92208862
2015-02-26,1413892474.7618294,898688813.1355858,855362934.5641708,300580858.0695343,193548266.42986298,2971583639.145546,2568786565.479355,18457406561.60446,1036479929.3836212,750557038.1062378,26535636.8,267319735.19069672
2015-02-27,1399440951.38937,882810452.9613304,830867535.5942917,299812552.8190613,199735977.17460632,2897040312.350502,2489189213.138733,17949605393.290558,1036138870.8370209,752454330.5965729,25611137.6,269407522.5658226
2015-03-02,1299880928.427391,846685517.4291801,787254492.3873138,301532729.3193817,232721245.63835144,2806944459.7105026,2405344154.050522,17086839488.111572,1013796303.2787323,731620087.7636048,25263121.6,270001627.29413986
2015-03-03,1285376736.7584705,820813849.5381165,760224759.3399811,316422624.99095917,188523847.12516785,2703407091.401367,2304960934.2702103,16688594567.538757,984883113.4550476,714112630.9075867,24549440.8,260858945.0902748
2015-03-04,1289039108.43256,794705170.675354,737665916.6755676,307067770.8814621,190051679.29328918,2598763117.223053,2264183671.9011307,16631887873.09761,946076808.0826569,670244957.0260903,24798537.6,256142954.42983627
2015-03-05,1286652771.6041088,791705591.1372185,738685316.8824005,302562352.4058342,192345911.1719513,2557141588.019371,2179942223.3088303,16168167282.855682,918129809.2031097,630716282.8432137,24199376.8,256215564.17844772
2015-03-06,1346899007.7326584,792391162.6322746,759380310.2589798,300370333.03483963,193556971.94030762,2584885098.067627,2220331976.4247894,16946537858.600616,967954228.6877823,608003983.5059983,24045346.4,266339782.71100998
2015-03-09,1300376729.2066193,778268256.3014221,712019079.199791,309076927.88705826,190142712.83958435,2513288390.692787,2188290167.1681976,16652592517.826385,943081025.6822205,585675786.564122,22830512.8,266077120.81233978
2015-03-10,1370641312.4941158,789657245.0165939,719920528.636589,328185729.1421318,188868443.44802856,2515673284.5059586,2247793169.5153427,17245632522.74704,947622835.4142761,575195264.2626007,23169160.0,270074908.2734871
2015-03-11,1370119670.6042671,802315680.8564377,731988170.3371811,333974359.2820549,187597386.98123932,2475459612.705879,2257126136.345024,17354545255.91324,939375562.0205688,569728056.8478966,23267555.2,260826737.46656418
2015-03-12,1372995657.6024246,802819239.976387,728987669.4454575,330945406.6296959,186039306.3143921,2570761138.3181763,2263760892.2097397,17380038533.4729,956357944.0873337,557023274.00578,23199187.2,260511067.85385132
2015-03-13,1389767709.2533493,801765842.2940445,728766409.2150497,338304187.5746727,181857948.17222595,2565080617.3880005,2357428732.1944427,17919001965.37964,930648634.0319824,563877091.3770676,22995496.0,255714500.83179474
2015-03-16,1395398419.9160767,797009000.0387764,722619401.6767883,338461351.70656204,179105887.60780334,2563793028.668518,2340701298.8866043,18279862064.94507,921531298.4825897,566016504.0335381,22914060.0,253714072.68266678
2015-03-17,1429743619.4277287,802763910.3326225,729881472.5465775,354048603.09007645,173360157.81097412,2598513317.464676,2350053789.7241974,18423695485.670166,882376041.4185333,560802112.2974122,22713607.2,246394492.5248146
2015-03-18,1531889256.0683918,829771480.2246857,751330051.7824173,371014919.1127205,147656673.53675842,2707442458.308563,2476844996.538086,19712583407.3201,884664231.4574432,582182870.7843475,23831833.6,247063600.15151978
2015-03-19,1570061532.5796032,836657809.7707748,750189094.034729,386288464.3771553,145753180.65624237,2803094399.4028854,2534217753.0926514,19939670172.008667,890782896.0115051,562198993.6209465,24033124.8,247918215.51628113
2015-03-20,1623637947.1786404,823725747.6941109,757293437.4199677,395240724.1479683,142959779.2230606,2828639337.341728,2551809509.740715,20261690788.299484,861702474.956398,559730001.9699287,24556605.6,251118028.60643387
2015-03-23,1625767341.1815166,825072212.4013901,753749865.2906418,398374667.15372086,142911168.4124756,2785476765.808449,2548860377.9148865,20237970414.316177,853358113.7165833,532358346.4755821,24771801.6,250658576.85834885
2015-03-24,1594143981.0760021,829348297.4057198,726943641.7820358,405947204.9966812,140449107.77462006,2842984458.2263565,2561894753.2396317,20278010077.32254,829343555.250206,533765247.9223808,24337613.6,250606310.34326553
2015-03-25,1625760745.0900269,847239529.2933846,715162891.6570663,396580271.03961945,143169964.31114197,2977820313.753853,2666883236.750679,21001087656.688766,818336940.6710434,525793851.3199005,24680573.6,247323007.29503632
2015-03-26,1702624438.411398,873895203.2966995,723530768.5408401,388810922.55104065,143450912.03334808,2990565697.37072,2787084046.9898987,21669888819.41391,811821092.0133209,529247866.78670347,25654260.0,249953393.92908096
2015-03-27,1698940541.8683147,859181150.4631233,703896781.7284012,386956088.2713318,141809104.6774292,2987467179.811249,2813454726.0377502,21744744218.694458,806114886.6567612,530591810.28630984,25367778.4,244750976.44590378
2015-03-30,1721569039.979105,873500255.727253,682596965.6564331,380033651.5010452,107797648.23402405,2939999854.298172,2848167354.021454,21809655447.802277,787029227.2424698,531156482.5902893,24939071.2,241779632.72047043
2015-03-31,1732291981.897049,907806948.3311653,680150685.0198364,366167885.2473831,111725203.73512268,2949739565.3498077,2892428496.720581,21933296682.275314,779995981.0025024,529439838.08013076,25051844.0,238363568.672657
2015-04-01,1741337720.2367306,942989983.6187172,695073411.1157227,369754539.63790894,114848975.38311005,3001275878.5356903,2947235394.7169113,22110834773.212814,794925851.9858551,529023749.23585737,24837712.8,248228328.4388733
2015-04-02,1789191758.1883907,943396955.3981781,683696213.278656,365627919.7637367,110281917.70366669,3024050974.725876,2963227478.7823105,22186877655.910187,798926435.1892853,540557783.07947,24780872.8,249560010.66617966
2015-04-06,1767261889.5464134,927020963.3336449,655612469.1590881,355164251.76734924,108538088.33011627,2948455599.0636063,2929634494.877434,21560705253.63983,736779385.7999802,553569323.0597588,24637338.4,243327194.81689453
2015-04-07,1767945253.6387825,932094512.093792,638961246.6466522,353094196.1296654,106700838.70681763,2965087041.5265656,2894212921.5096664,21486329066.789932,719170525.6601334,577351742.2098824,24500560.8,234677916.17900848
2015-04-08,1749952164.9905014,923371072.2120094,632003676.5792084,340346178.7376976,105035490.72723389,2901637037.775154,2854966398.3127975,20927103212.97493,702189931.7237091,588533271.9845421,23867940.8,226397271.6312027
2015-04-09,1764949950.3563404,920510890.1597214,622718420.6482697,326135461.88423157,104865246.59984589,2913196660.919609,2846243023.843155,20738200076.741714,701951046.1880493,578986179.5433464,23573092.8,232543665.3791809
2015-04-10,1777571354.5220947,913428236.6765213,608808457.8835297,322627080.1861572,104386459.32914734,2776663582.033119,2827036948.652153,20567911186.140137,677121455.1153946,573244514.7272278,23541796.0,231666915.2635193
2015-04-13,1764695032.7830124,912143308.6374664,601906529.7120667,314550106.87316895,103515472.44537354,2761306727.4642563,2711718276.877594,19832940527.618713,662628832.7018356,552910644.0688156,23368575.2,230354134.59768295
2015-04-14,1759401996.5736008,909087431.4036751,604709018.9064026,309877189.31114197,104346089.1595459,2778286684.4776154,2703098436.1730957,19313185496.828003,661908598.8977051,541003869.7583473,23285355.2,232712926.97912216
2015-04-15,1745003817.6590824,903559221.7978477,576637778.720665,289023517.5943947,103544154.715271,2858932280.820427,2711765025.023117,19370306699.0036,653311637.3989868,567426652.0121276,23291104.0,231969536.2617302
2015-04-16,1679108319.671259,879643937.3441315,524714112.2700119,273509611.3383293,99109315.91701508,2776078763.9920044,2590699138.7594604,17983080919.719925,619857598.2529831,555468479.8265679,21966548.0,225304417.8098488
2015-04-17,1707440041.6420078,877716500.8008194,508216809.0539932,260630807.87109375,103220705.16178131,2852771472.890625,2662252632.616272,18611499851.503754,609225171.2984085,551018138.4844902,22465572.0,223251365.62488556
2015-04-20,1650186360.6333733,839974439.9967003,485157688.31661224,247188932.87380219,101913098.66523743,2800874450.6935883,2646946389.3131638,17862817387.313156,604228298.6453629,551595923.3691857,21607908.0,215027459.2560196
2015-04-21,1650267562.3277187,832561067.2957611,480066304.61688995,243034440.5186081,101988600.09586334,2783046112.0259857,2674056911.055374,17868367576.773148,599239686.373291,556435374.5689278,21355494.4,215010227.0039749
2015-04-22,1628536518.2655525,811151781.7746544,495418169.13383484,236361295.84882736,102562170.58677673,2739198928.0056763,2669718530.265541,17878223277.84691,612105579.6541595,555338192.6880226,21059004.8,209193676.05884552
2015-04-23,1606076477.9154778,798705902.0239258,497919221.66015625,235007548.5593605,101216524.58515167,2612482006.315689,2615818474.527321,17415203059.631653,617166593.6361694,552706690.5316544,20097501.6,200682401.277771
2015-04-24,1563297308.640852,769032887.2815514,506621704.2792511,233542774.6277809,100458363.1917572,2551797715.446701,2549747825.8976746,16650212859.906921,594620881.021843,532086324.7052444,18409898.4,191668543.0875969
2015-04-27,1570120497.5309467,774715286.4876938,521484410.8655548,236756432.33758926,93610311.74453735,2606222541.324768,2543145649.456482,16328944711.307602,577240951.9631195,520390630.20808107,18330947.2,193258161.30069733
2015-04-28,1545102354.0658665,744213670.014534,543399397.9529572,238111060.70131302,89770336.78035736,2688659865.032501,2579611931.6249847,16259948791.692963,578624336.428833,518356365.80252534,18184283.2,190993531.83811188
2015-04-29,1548434231.285448,727489965.4428864,559902326.766243,247348078.47511292,85459871.10347748,2698388410.841408,2602775214.5588684,16272252998.059692,599131931.9990158,530446836.76525956,18124026.4,191077826.0649109
2015-04-30,1623410064.3050957,722032227.0594978,571129149.95121,252911093.20724487,85676194.30130005,2905813769.903221,2661739485.207062,16495536622.294083,613642905.4809952,519283669.55289304,17873660.0,195337093.54269028
2015-05-01,1598691640.7303429,754543995.6695366,591694636.4838028,261217407.45176315,88633767.7703476,3031824144.674721,2734034284.75193,16655194325.8609,638060616.3356018,501289711.8739456,17966941.6,199822454.88117218
2015-05-04,1562659970.2273178,761429434.2387772,578000646.0835266,265446624.5124817,94826279.16225433,3111895920.4805374,2732946662.4207306,16290922758.542633,651073651.9567108,477470399.08974,17498058.4,199453072.05076218
2015-05-05,1573547815.6796455,779466129.0272522,585732805.4051208,275610550.82847595,100142552.64678955,3300460048.7166595,2875216867.9729843,16574480410.132828,690912315.2740479,464511223.13421327,17717026.4,207290054.42049026
2015-05-06,1552672771.1079407,780647750.0097847,572342113.0153656,291802179.42216873,103824691.52675629,3375789872.5078583,2957929668.555641,16969190147.059097,728578168.30719,466196940.18789065,17809628.8,216363735.2405548
2015-05-07,1538788388.9161682,780576003.2287216,576290400.546875,304885132.26760864,109186042.12272644,3412097057.80838,2988716630.3564835,16992444460.285492,751342009.8176193,474047502.5190781,17498918.4,219033880.62551498
2015-05-08,1550328810.4834366,824453200.065155,610268803.3650208,323255233.69499207,110039821.09306335,3470576559.7631073,3068812106.3557816,17727228072.40265,781016666.3418198,476885623.66224515,17530123.2,222604751.930542
2015-05-11,1516353602.7637863,823887005.827446,608460045.1343536,329811205.04306793,112854425.32371521,3497274887.6771545,3078908078.793602,17743031341.84227,822201208.2236099,472742006.72725904,17080398.4,224226817.47556686
2015-05-12,1508653517.5362396,819761740.7559967,606210769.1886139,339124448.3942795,115257765.92506409,3559639066.870575,3128742595.2150726,18133310690.675583,862858871.653328,472469512.8367065,17045676.8,226595411.24753952
2015-05-13,1509014213.9141083,823384823.3427811,653689352.4285126,338813082.34983444,117882686.6999054,3499768106.9849014,3126958191.591797,18089262113.80272,910429902.647438,445588567.9487823,17046089.6,233031377.73399353
2015-05-14,1477647356.8878746,826305445.2328682,676235786.2753296,338452685.1539612,116612858.26499939,3490786964.68544,3167255694.3213654,18332211677.8154,916635464.1623688,429520063.84757155,17287903.2,236687240.68553925
2015-05-15,1418918556.7941475,817884411.3183022,682161730.7206345,351138050.15771866,111928303.55171204,3348920185.7567596,3061010004.495697,17357804178.30719,937994249.8868561,425201211.2991921,16425912.0,234855213.76058578
2015-05-18,1430391888.6539268,817186144.0075874,689452681.227951,349143670.8916855,112343478.7379837,3382044384.8890686,3006959296.9320297,17214290109.063644,959156339.7900009,416581166.75078046,16514638.4,235416995.2883339
2015-05-19,1428150985.596714,819395943.3434868,699587263.67939,351659516.704216,114015891.14765167,3432488059.8368835,2965671676.8964386,17220680643.8282,974152512.3707199,421980910.6277901,16589268.8,232552921.15934372
2015-05-20,1441408252.659607,832116479.3367195,692895289.9637222,348666779.83535767,117897774.50767517,3425680789.6416473,2965507676.08284,17215559028.479614,962679219.4026947,427813493.5696114,16394161.6,231252515.49528122
2015-05-21,1432613496.913681,830780451.0635376,687608258.2872391,346046079.0442467,117498303.15170288,3414951404.258461,2902911735.8216095,16890532484.874954,982466738.5843277,429946946.07882386,16157095.2,232112158.883152
2015-05-22,1420518120.5753708,833627165.3291702,657466045.8099747,344770308.649292,117899324.765625,3454965073.4111404,2806362503.268242,16859535690.384216,983843371.3109589,423962963.90513307,15998688.8,236454450.15470505
2015-05-26,1432378344.2977333,837760701.651268,647149557.5809097,341980747.5359154,122299534.01916504,3512438177.025261,2776526594.906273,17252212376.570816,1010394211.8774033,428628266.5722755,16232412.8,236336721.9942093
2015-05-27,1434778442.9748344,847196856.3690948,615568663.1116867,339579123.2367134,121897748.35887909,3492555311.000328,2746026064.6471786,17312788908.33084,1004834100.2479935,427188284.928408,15897677.6,234967281.9208908
2015-05-28,1426224916.0107613,831158302.4935722,604176904.7119141,332821930.63430786,121667482.08568573,3451443471.9667816,2662832290.0527954,16875688273.40004,979665605.3433609,421924424.7846886,15473829.6,233941206.8509674
2015-05-29,1357240829.3948555,821928506.9318771,570057149.3257523,316127561.86367035,115376599.08168793,3251395119.686203,2598348231.585884,16574917943.891602,955911272.4225235,434812299.1731323,15422256.0,223868909.5128441
2015-06-01,1365519189.4299603,798328768.86549,574151510.6302261,319500094.9876976,116625021.07814789,3189835808.364563,2558209531.418991,16490259865.70816,957975661.6562653,435737888.3231033,15185659.2,220221824.42781448
2015-06-02,1380394389.5914745,787071107.0983887,576165858.0259705,315812999.153862,111187719.05761719,3149133659.3714905,2538557517.912636,16671037137.31781,961015075.1541138,440331414.1190399,15216230.4,216958610.08779526
2015-06-03,1378242535.0910473,787776130.7907486,581860528.1299591,307737368.7597656,109646460.70457458,3019185721.0142517,2406123066.2267303,16461005343.080597,962299052.623558,428274379.0119446,14907652.8,210655000.1238823
2015-06-04,1364849225.6147957,789267835.7003593,594508241.6105652,301930212.58960724,108759476.38225555,2978072949.0122986,2354666526.8418884,16619362576.941528,946339374.1333771,411477831.56427306,15146345.6,203744172.8888893
2015-06-05,1372942900.3699303,781747194.8586082,594782385.0159836,299501755.18535614,105290250.81382751,3019682094.126053,2323617168.658371,16913835164.246292,941274120.908165,407696712.1852608,15292704.0,202766044.9844551
2015-06-08,1331183339.9326706,742234448.753109,555574700.3601837,289655273.9948654,104696565.79616547,2981370260.2963257,2280650740.5168533,16315669954.828949,911653469.771843,401133354.40208817,14863705.6,197813131.87950134
2015-06-09,1325618054.001627,737963009.3688011,558930218.834343,304164473.28414917,102592217.71450043,2959396750.75058,2319573769.259224,16562489171.386032,904511864.7143936,404002628.71056366,15213851.2,201257670.54376602
2015-06-10,1364375682.3298454,750155661.0334969,571307159.1015244,300617103.63069534,100617156.22882843,3006104013.298645,2305252188.716774,16697033353.665085,886522412.1860504,407119029.37056506,15309755.2,199886086.09495163
2015-06-11,1349396948.9778137,764013190.6591988,527841678.3795166,302688276.0249901,108109540.48522949,2957480561.9208527,2290952532.3555756,16520817639.175339,877846449.3038559,392133128.88679886,15347571.2,207519336.27357483
2015-06-12,1351791002.0476818,755638056.3799286,504255829.5271683,303924894.80903625,111991284.18170929,2961190207.4463654,2306548309.8952484,16855746481.952744,872026329.7045135,384373041.62054443,15105732.0,202685541.4759636
2015-06-15,1335828475.9794521,755322317.721405,506867098.3470917,312805637.030983,114479608.31691742,3009463342.7874374,2341410816.691437,17260481606.99684,851277349.5226288,377203004.0229561,15605208.0,200091365.54178238
2015-06-16,1328577754.3125916,754579589.4732666,499870284.53819275,318671715.1169014,113547808.11855316,3021977505.739708,2334506904.685478,17345505240.691986,837352654.0491104,367622438.4758522,15828874.4,204746046.98652267
2015-06-17,1385098985.2814674,766939622.7757263,507346670.7498169,320800281.3733101,116632367.32524872,3073608831.2407303,2379580785.3458023,17815156434.412384,859873186.4549255,359571681.56922835,15745037.6,207381717.10813522
2015-06-18,1416856353.3023262,791294653.4123039,527985995.62129974,330747654.9817276,115781897.88410187,3180154150.4532623,2491840947.236519,18600548974.804764,869712108.1208038,352129482.95323104,16104894.4,212796470.049057
2015-06-19,1458305602.1464348,799363427.9695892,539984083.3976364,352715281.8434334,119937731.63627625,3221336218.858795,2547815467.129097,19173571537.985535,863489669.6338272,339099440.9820992,16097838.4,221011029.10678864
2015-06-22,1466447196.7035484,838685072.2720528,562443870.7575607,355934997.039299,119932819.9048233,3240182020.268097,2576604849.1059113,19290554220.47493,881453936.3739014,337441602.6281395,16493528.8,220322012.29831696
2015-06-23,1447751353.7393093,823209399.5599365,555112057.3630905,354699530.2142906,115700774.04651642,3135917944.306183,2541142340.0862503,18809271327.172165,872550630.2897263,335924825.37286913,16368626.4,219849185.65963745
2015-06-24,1478688044.7047424,831319567.8831482,556595110.2000809,351876730.1097679,116291401.8152237,3109065778.147888,2465408351.71299,18796766990.210266,880304511.0673904,338524783.4330803,16355942.4,221792498.95771027
2015-06-25,1462901009.6736526,839836728.6812401,542903868.8385391,351054014.71891403,115599529.10938263,3141887537.598648,2470243258.589821,18985481480.582733,887795909.682045,324323270.1617874,16418686.4,226413778.6871338
2015-06-26,1422073256.1066055,829223150.7109642,548185633.8623047,355584369.29395676,116668253.8066864,3173306297.1858597,2479228144.962845,18802480858.66745,901629603.5003281,302778070.34922636,16006362.4,223600809.97509003
2015-06-29,1429617962.713728,861926121.9449425,534042334.4734955,356912445.2296829,113875889.50500488,3246263123.4572983,2604781058.5974884,19718355162.07222,917757636.834755,305450950.8929733,18037794.4,224499073.40007782
2015-06-30,1457065216.939497,902045782.9053307,555584872.440567,355953084.86982346,114315146.58267975,3301518663.259506,2678201412.198372,20485508737.20787,931675161.5921402,301269529.99695814,19924690.4,230197884.38121796
2015-07-01,1454456844.6599293,924716878.6270714,552513157.9296875,365682208.1300354,122583727.01564789,3289186331.126137,2680007428.102684,20889658673.233566,920728222.3308945,308301702.8304871,20741921.6,235952422.94525146
2015-07-02,1434478216.7168999,932682458.4489441,542556498.9589691,351194250.2307701,123910410.90816498,3319423738.1415176,2623871230.4899216,20467665834.021454,901759247.355957,305690946.0707367,21371439.2,237264774.84004974
2015-07-06,1454766774.0626335,946397323.1762695,535214142.8329849,343615058.17193985,125365543.3883667,3270477290.5478287,2630757261.9049454,20425205923.90869,899505258.1585693,321662664.01867753,22149540.0,234769710.3119278
2015-07-07,1552146050.2583408,995277727.9423141,567889893.1997681,348248127.965641,130382503.53981018,3380682116.916542,2728841501.580696,21162230163.519287,947478610.4925156,349152425.0509285,23136894.4,241375451.02394104
2015-07-08,1635824204.1038322,1037381755.3957367,579610048.3608627,334093162.6375389,135286374.60884094,3467660502.7869415,2786127824.2570496,21652405310.74478,938484456.0273361,353859615.46026075,25037887.2,242475561.10097885
2015-07-09,1640937547.9329014,1041406735.4378891,569763047.9097366,336699616.08078,136337607.87078857,3394048134.944687,2772263709.7734833,21705871418.524475,935006466.7781448,345755650.62564164,26055288.8,240063027.35322952
2015-07-10,1685575435.9359837,1058182555.8736801,564689111.0020828,341326793.0278015,139013108.54743958,3453420665.8717346,2814666144.658928,22176971433.39096,933259693.4273529,351318929.0489944,26348055.2,228764493.08906555
2015-07-13,1687935711.6242218,1055495035.390625,571461077.641716,342332755.83724976,137969477.02980042,3441406617.095413,2808788125.042801,21925022886.176453,933292091.2597275,356225829.8716942,26883364.0,228288938.38064194
2015-07-14,1681115876.446495,1066751515.2985764,557116987.3654175,326713544.8181343,137329971.0193634,3390370490.595398,2764981733.970871,21563619200.634155,915782970.8936691,363643664.00355375,26304349.6,225623048.96360397
2015-07-15,1695255982.267809,1073193312.0518112,585412700.9273148,328503270.97190857,139218858.83426666,3332313234.9762726,2828377854.594879,21679194332.21306,922626170.6164169,381748636.4714462,26064259.2,217706673.9393425
2015-07-16,1640460463.3261967,1082389860.5645752,574069715.5143738,333123872.3662567,134368717.31616974,3339219064.2877197,2865490953.790016,21516385301.09436,895235263.4000015,378369079.8937103,26674958.4,214245844.281559
2015-07-17,1600317264.359064,1059363760.3679848,608421295.7206726,335294493.0748749,131910640.71769714,3255046584.9783325,2834511244.3115616,20840832273.509827,883869715.5350876,383465633.74358827,26494689.6,204592283.61001968
2015-07-20,1561025502.222395,1044214107.775116,665124657.583847,320600791.247139,127738778.48876953,3252562974.357567,2832732249.3170547,20318499556.46843,864046388.5297012,382981509.2418625,26420892.0,195040893.69646072
2015-07-21,1531538214.9059772,1008703055.0594139,687798882.1044159,320098406.8534088,127000252.23426819,3264118907.355385,2921489513.6441803,20382251828.531876,846796997.3378372,382461331.4300354,26223667.2,194287069.16578293
2015-07-22,1525267439.3027496,999760433.2030487,706019746.9164276,337227007.08429337,125385062.02796936,3245768183.7239456,3013683806.681862,20558249795.983887,836114649.2775345,386036121.7274162,26201383.2,194366394.17089462
2015-07-23,1499346478.6738205,974473680.9701347,719416889.1903687,342662279.8856163,124970976.31752014,3312631339.6015167,3066290939.8051453,20541263141.385956,839682043.3636856,382758885.6209404,26148120.8,192788547.76218414
2015-07-24,1526360129.8030853,967133660.8416557,764045861.8028641,341281235.335865,125757210.9021759,3388111298.8695526,3131392697.9877853,20712766181.39389,836858553.0726624,389334783.9952499,26433772.0,188132331.96582794
2015-07-27,1576178111.5076637,965026457.7832985,795372504.1653061,351546319.03297424,125679604.2659378,3363928361.807747,3151473969.7255707,20942585238.181686,824154008.5921478,408198189.92349017,27022091.2,186434079.8502922
2015-07-28,1556494825.4985237,921595358.801651,791606851.8227005,352129713.87109756,145143816.23672485,3381763589.5405197,3073077165.5207443,20285566502.41455,790398941.9074249,407195347.3467728,25448992.8,180874962.33587265
2015-07-29,1550199749.692154,884814537.9261589,776774024.37397,361654246.870842,147290949.65538025,3339413633.389244,3038602919.2209244,19645361066.7498,762060582.8529358,420743542.81564176,23830018.4,187050312.37390518
2015-07-30,1553672427.4431038,852012908.5832596,786768233.5174179,343184306.8026924,134900617.57606506,3340432170.0318527,3064126775.226822,19271553998.384476,736562941.6996002,408010365.0028885,22926843.2,179006826.87908173
2015-07-31,1624296494.539404,851819829.2451859,800413024.2094803,343920203.45134735,131663983.13468933,3341053278.146553,3076083812.743149,19275721559.925156,749440353.1318665,409769653.8737869,21744912.8,182424904.01735306
2015-08-03,1588215714.2042542,862698832.4829102,794911728.0602646,345538938.75925064,135521261.9021988,3372212565.2355576,3084015822.2244263,19255753415.38971,756892749.5154572,399057497.51217806,20926303.2,179447505.02954483
2015-08-04,1493227281.3597012,810846324.2485428,761566672.995491,333856240.43951035,131222527.39086151,3275716707.2260284,2977415400.376587,18462602011.35132,715070509.5641708,371343454.55055237,19747660.8,175003276.82844162
2015-08-05,1401981170.9342575,770317947.968216,756129908.5651779,338763298.81196976,128277297.16876984,3196374187.5076675,2933269040.1888275,17815381579.707947,704987467.1710587,370770962.8124809,17430235.2,172222682.99381256
2015-08-06,1354877698.6830235,754512533.3321762,755353689.0798569,349551358.59457016,126347183.09581757,3259401472.350197,3009103582.693939,17592200779.6727,684448507.012291,373275836.7739239,16482847.2,172775153.2546425
2015-08-07,1309992725.9137058,722485186.0943222,758341628.9995956,345303726.51075363,117541163.67717743,3324510698.3669662,3030623584.3405914,17494189031.635742,664326400.4474258,372617427.4243393,16386184.8,170824597.80586243
2015-08-10,1305792056.6298294,721546443.3402634,765741938.06633,338032836.1788368,116812192.19890594,3359776830.6887817,3011005336.9604874,17271265775.726013,664031749.9090576,373136247.0593979,15938277.6,170172172.47549057
2015-08-11,1342834449.524498,711483866.0609055,772915763.4778976,333460868.4522629,120850730.86551666,3418895421.3845444,3082774884.306946,17650399916.24939,697292934.6889114,374007316.99636304,16387250.4,175640012.16537476
2015-08-12,1366599928.1275177,741180808.2535934,775763590.9275436,334073537.93569565,123126416.04507446,3539936261.29261,3150567543.0485153,18289808213.22548,698340247.440834,362665296.86858714,17183268.0,178253067.4822998
2015-08-13,1392420890.4453278,721438590.5237961,775797560.0783539,333366118.44999313,126560417.5592041,3541201557.3044205,3111053710.6954575,18123138170.180206,701667362.9914856,364747008.95161784,16598340.0,178013503.2416153
2015-08-14,1387895353.5638428,725741569.2214584,713827744.9270248,322447306.85913086,125491497.76382446,3516330919.7602844,3014154063.5178757,17969974776.614075,689072049.5684433,356190653.5851673,16361587.2,180030469.51433182
2015-08-17,1398734472.907505,725512669.0626907,661482196.1882782,315919231.4614868,125810624.89501953,3507864218.9972687,2983708648.198433,18039825937.23358,699427350.6746292,354028016.2717846,16590561.6,182101528.73140335
2015-08-18,1415135419.936409,717363697.8694153,628132928.4693909,317085896.87683105,125902334.39674377,3493974409.1822815,2868817913.694496,17979169169.651337,697702019.7272491,354051878.14501035,16591039.2,180716888.11439514
2015-08-19,1507820843.3974457,731181418.0649376,622566125.5188751,308682437.2105789,129785598.44509125,3616177543.711281,2899978463.6206436,18699782976.403122,719711969.1056824,356021001.1180649,17571887.2,179612511.6146469
2015-08-20,1599319290.2249432,777439796.9022369,661713986.0716248,323314728.1860924,133493360.88409424,3665294897.1507263,3052256996.2753296,19559108612.745743,721411081.8891907,358779649.93021584,19405900.0,181888898.98553848
2015-08-21,1685002423.2825565,847664896.4600563,678087932.1932602,343327266.4383888,137891071.5487671,3852038986.2225723,3356060096.628456,21396353024.69719,738751827.9927826,360931355.31300163,24349391.2,185235762.71333694
2015-08-24,1849660888.1449413,935751235.6971359,723664886.994667,361873104.1604233,145077450.5355072,4067808254.6307755,3858303974.4060516,24262396928.544006,779755266.8133545,361964864.5221508,30658785.6,203736762.10107803
2015-08-25,1946050572.1004963,1008346266.9263077,748965224.1524124,379613385.09405136,131714145.68336487,4067613883.0955124,4026103552.85408,26071479343.845825,809501789.0796661,365094642.9391834,32794732.0,218377719.6137619
2015-08-26,2030190450.7950592,1077583166.7679787,777875261.1227036,383507572.11906433,137652294.38301086,4148052703.1237793,4383510818.424568,27892120119.253002,853649412.1096802,357614929.0310024,33766232.8,210264471.08530045
2015-08-27,2161212365.157919,1124341030.3401566,786837023.2491302,399282855.160923,140716762.64068604,4238280738.092537,4590131552.521324,29366993308.541565,867219844.0375519,385627082.01074374,34841995.2,216609011.02588654
2015-08-28,2128386281.8171883,1128917503.000126,792824755.6936646,406716936.3974762,144411612.7383423,4277288559.843178,4719349717.409096,29793437035.65758,870721756.3237762,417625196.59263116,38474161.6,212111873.07767868
2015-08-31,2193807491.770811,1147856636.9104195,799117548.993721,406520284.9095726,156037091.42066956,4242797316.49395,4780958014.043617,30142372367.801056,855736786.4180756,461182276.01768035,40471663.2,217242433.99778366
2015-09-01,2245051672.602091,1205191156.2227058,820858900.8093643,408882806.81402206,167394951.1038971,4346920434.263496,5008300515.640793,31474748287.978973,895632954.5346832,492610360.98353845,45618266.4,223734075.19521713
2015-09-02,2272720559.916477,1222937520.2867508,817015711.4976501,402583942.93138504,172262023.27850342,4343419739.956551,5068917031.86039,32029057288.866505,904207758.8181305,517191063.08953744,50460085.6,226040435.1504326
2015-09-03,2300309038.790941,1243903787.4053574,817716818.1504059,397549639.8418617,176705960.14781952,4286747548.2603073,5069536618.036385,32261075990.471874,908163925.1693344,534446556.8431244,50641797.6,226055944.9497223
2015-09-04,2350929889.4669056,1264071491.9260406,816321470.6347275,395532767.0038414,176277959.02744293,4219442969.291115,5149572699.500465,32901933062.05238,906075729.2934036,536710522.35921973,52698642.4,225964011.65195465
2015-09-08,2358269649.7012043,1277782480.4919243,817332955.2709961,400896020.1512718,178222846.06582642,4217778976.6736984,5219879656.28006,33152235296.094593,903772554.7301483,543357834.2509549,56540975.2,226466010.34423828
2015-09-09,2348197446.9333363,1303533483.906765,842746980.0711823,401680901.6077614,174611939.92744446,4246496252.5873184,5262239391.670685,33268209476.49651,885876967.5409698,540794959.8959194,60394440.8,222697325.73120117
2015-09-10,2323254277.3928547,1284067626.882782,821749836.4691925,397811476.4143753,173916809.6923828,4152942271.3552475,5279637378.542786,33064107170.233837,877450003.4712601,542058759.7155396,66249480.8,225227004.62539673
2015-09-11,2297679309.658203,1282542905.4852104,817666935.160675,391644230.1999283,171615967.24700928,4107347479.883003,5306811286.156311,33268261426.835255,868789352.5569534,542250023.9031785,68547378.4,228411227.76025772
2015-09-14,2299425770.679207,1269354801.016941,811404133.3718872,393969629.5464134,172819627.72369385,4108462045.516777,5311172743.039856,33282036172.534557,867988031.9829178,543378866.7275391,70919247.2,229083902.98553467
2015-09-15,2309381581.84227,1287854491.5398598,795883925.2357864,394236832.90353775,176935574.1417694,4125184060.362625,5349551620.947647,33529408710.09667,884246241.7963028,544365635.7149575,74258828.8,228123602.4671173
2015-09-16,2366736921.8554306,1324306688.228302,802330476.3611221,393183640.8673668,179473060.90576172,4124822751.8055725,5432824706.872444,33732849114.131702,891879648.8513947,567500204.4196644,74526570.4,228647466.98085785
2015-09-17,2358689861.6553116,1339172062.3413086,809700269.4764328,391714167.31155396,183433844.14592743,4147393517.230644,5494307459.296761,34529344528.178024,930722964.1735077,565031230.6175388,76486060.8,238037633.02661896
2015-09-18,2324808978.101244,1346064195.9837532,777504964.7835541,391203449.0108299,184035246.4616394,4099934991.0303116,5444754524.834862,34708766612.95189,956088201.7475891,565011314.9331154,78443908.8,242023443.36410522
2015-09-21,2218915982.1919346,1282213730.2085114,722446519.2443085,378006434.726429,181742303.63853455,3870108877.250786,5157691680.326729,32720862541.118694,950889832.9948044,561609777.1725239,75586607.2,239506959.59367752
2015-09-22,2026593874.5995426,1211169953.4869576,650373615.4176712,350315429.10072327,174638362.5838089,3644592532.8272247,4700492787.046089,29964253590.413128,918062502.3767471,551963272.8811306,73497471.2,220693792.5116539
2015-09-23,1915798002.5262928,1139647134.9333,610783296.3588333,325450595.5444908,168093605.3692627,3488039361.86615,4465568485.4374695,27829848565.763172,878076221.063118,558089099.2490005,73221051.2,208444097.68152237
2015-09-24,1844479816.7014885,1080424276.508541,613240535.4252625,321695237.8373337,159307460.1702881,3431722991.056328,4154469955.777931,26367979901.638718,847684265.2336502,556835388.9100266,76028067.2,205342288.37982178
2015-09-25,1726089556.9085407,1038158897.0565224,598201331.5294266,310684327.41270065,159962876.09962463,3397743888.9554977,4029087058.506317,25343698308.226624,844275064.9394989,534045558.1870106,77593397.6,199750093.4237671
2015-09-28,1708072262.0689583,1023477811.6441154,577770552.4340439,317574452.08934784,159746650.28938293,3456601885.942726,3989659971.4103317,25417478701.512375,844320376.460495,497488461.133762,76270131.2,200152246.91762924
2015-09-29,1643279683.4236622,986937975.6404686,574942793.4819031,331067809.3935776,147563032.28485107,3544328109.5236588,4026201922.1426773,25325598087.774277,846999705.2357101,438401833.47275317,76218931.2,194602259.0443039
2015-09-30,1639966825.2732563,976669793.0813408,575866127.5878906,353679196.008873,143207450.7357788,3566783524.279213,3880020823.119049,24591574019.00505,822867813.8736343,413880296.0783718,72760436.8,193046237.20975876
2015-10-01,1630635446.0495663,969464874.6319962,576346509.940834,369287217.38220215,175711009.42050934,3647455648.708496,3855252337.5658417,24341324337.72171,821908094.6389389,392888375.0202106,69830309.6,191325193.70803833
2015-10-02,1654337824.1315842,963330993.645668,597374979.3316269,380776260.65502167,182328644.33128357,3762358016.414261,3925572957.4774933,24825674165.247192,850273971.3419342,378466259.9468754,72084136.0,193972769.08374786
2015-10-05,1656599609.0210342,969481170.6142044,605601069.0400314,401348952.1061325,189189504.04376984,3832725292.1743393,3853123816.3293457,24213691927.27173,865948222.9450989,379171186.4152714,71930990.4,197150317.92816162
2015-10-06,1650947018.6804295,962518389.8291969,614715153.3734131,421219986.7539978,191489664.5160675,3849991047.1874237,3832650249.421463,24172740234.65088,860444015.5825806,392331100.7341549,69275512.8,199067126.42389297
2015-10-07,1714057526.1597633,945011842.0265961,597100483.1222916,452342881.87986374,195528884.93125916,3828321741.1952972,3789387007.3197556,23998720318.01422,857613218.1055832,408266313.6090275,66000264.8,202026079.93520737
2015-10-08,1739155550.7858086,937480024.8111343,591594865.2205276,463543865.99473953,198027137.2530365,3896254552.4147797,3804561035.469284,23994233017.033844,885565016.4060974,417501540.94131815,60806944.8,201421181.03406906
2015-10-09,1770571547.4820042,946877347.9821205,614070121.919632,475572247.2333336,198071634.49241638,3890017506.3993835,3780625505.8449554,23915872461.584625,900085048.672905,422474097.1109829,59212377.6,200117104.25317764
2015-10-12,1780658203.8172245,941232176.4745903,636413364.6622467,474213460.53014755,199970338.93375397,3894344677.6987457,3764694372.6006317,23742894914.608307,900467848.8668442,431843123.1972065,57297956.8,201189382.80208588
2015-10-13,1811414954.4803715,944676863.2000542,649833102.3977661,482500015.8070183,199910594.0988922,3945577844.801674,3749687950.15419,23540106834.39209,876110412.0473862,441787708.13473666,54366082.4,200664429.07981873
2015-10-14,1775992110.426588,928398246.5063858,679399735.9005737,488870926.2826729,200286748.01467896,4004376535.2077103,3746293902.437706,23536743448.520508,890515604.3217087,421912103.66153526,55146476.0,201122162.27680206
2015-10-15,1718615802.2224712,924330319.4509697,713625188.6565018,492250376.29701614,194848634.58423615,3961456546.044655,3659993262.006111,22375767061.437836,834024871.0225296,427636310.2228409,53112983.2,192070760.47607422
2015-10-16,1690329141.9020271,897498564.5793152,717741249.0348053,480536030.6266594,193655096.01161957,3916021362.2846603,3559707038.196907,21519965149.92607,803402216.8720627,424197861.09663546,50683906.4,185307154.1324997
2015-10-19,1703986213.7816238,885465224.057579,717643150.8207703,487261653.4568596,194399067.92171478,3876030688.948517,3504432850.172043,21301718633.485718,787165167.8565598,422528099.99551356,48914950.4,185737790.92220306
2015-10-20,1689658183.1390667,853212535.9113693,715727792.8427505,494523050.24612427,193334725.5947876,3802495765.475807,3393505405.8979034,20718953570.047684,771536738.9324188,416293498.83567774,44351132.8,185823665.9841919
2015-10-21,1708773673.1389332,845774500.7953644,722715438.331337,510765901.5560913,215450821.2771225,3845551169.98188,3438744482.8099823,20829248105.93422,771408397.5889587,408764780.11641467,42872781.6,185786862.00681686
2015-10-22,1687645889.0636349,861612486.7608452,681002270.3783417,517500166.7496681,219824588.59287262,3834069097.3000336,3472016903.3439636,21045394909.76364,759779474.5913315,401367387.90316546,39722760.0,186033766.91423416
2015-10-23,1688047534.6404552,853734940.219326,679540841.264267,529674970.0223923,221832919.50351715,3824458642.7270126,3536591586.9099426,21048366294.432373,754318275.1017761,404082325.07468873,38158076.8,186861222.12104797
2015-10-26,1674026793.170147,846843940.3088379,673227255.3023148,523444149.6594429,226956849.73918915,3655857020.198822,3468021829.01371,20240761975.365067,736283250.5937958,404282778.6524456,36151790.4,185599931.35673523
2015-10-27,1686645394.0557575,838003510.4652405,666171680.6639862,510379504.4183922,222385065.39028168,3611065784.2632294,3405311792.419319,19661474506.246872,727963226.1001968,411776104.966193,34138764.0,195095665.60655594
2015-10-28,1756125808.6942196,798354896.4570427,672030005.9374237,497259226.13988876,219758554.74948883,3703555231.6560364,3433069641.355667,19538923205.64064,721899469.7318268,429746284.31783944,32980157.6,191791387.36415863
2015-10-29,1780785859.1755009,784280496.6445351,677454545.4336548,483584199.8063278,184510278.95584106,3627506552.134514,3378253387.009392,19275778881.332626,734974546.1534119,422250286.8271004,31708763.2,190266315.45265198
2015-10-30,1767993514.069481,782548374.5272255,665620230.4051971,472136293.53673935,184781111.36421204,3488712091.1780167,3235204463.5985184,18693704467.323074,728930586.7920685,415930889.30119246,28901463.2,197156129.45415497
2015-11-02,1734781444.7910976,755603920.7826996,667487974.9067688,453550374.7359657,194190790.20858765,3439144400.7211685,3192449599.1644287,18403716049.667435,716818638.0937958,410400294.30119246,26856288.8,202293441.26667023
2015-11-03,1767320533.1683445,748300702.942028,664434332.8767776,434691530.6298828,193390396.1685562,3419438461.2596893,3140548559.8871994,18331882016.09474,730892937.3725128,403107686.38176954,25530902.4,207167312.61699677
2015-11-04,1728319422.218628,750099843.3181381,675422329.9589157,406357335.4363823,191581263.36658478,3370480390.5298615,3110202998.041115,18141375220.459213,727191630.9842682,390463230.1966003,24576190.4,204697778.77513885
2015-11-05,1698993161.0237312,760839520.5357361,679256942.7316666,404165814.88147736,188894440.24425507,3293732338.0068207,2996681155.5889893,17541373420.660477,701552775.2591705,385600140.03257596,23058211.2,201888759.2738533
2015-11-06,1702964795.2514267,762216907.3760605,681392862.9219437,400060123.6722183,196668278.7026596,3342628953.1573105,3037721668.509598,17610396710.52498,707468508.8692093,377729538.5566765,22663866.4,211900476.82479858
2015-11-09,1744585398.7625885,793968558.3066177,668118945.5508804,414956981.22772217,204332541.59397125,3396187494.3987656,3133761649.26239,18276471959.83185,728370643.6138535,371229236.36814195,22899973.6,218376267.78217316
2015-11-10,1717567391.1310768,783042592.9310417,662501449.8616409,419401471.7098999,202583086.71779633,3322962438.6664963,3187016497.7449417,18200821359.79782,729842365.3644943,359929701.4506481,22344302.4,224166903.12042236
2015-11-11,1683875523.6947727,768931877.8491402,622727500.9306717,410257651.83654785,203575189.25426483,3238827739.756508,3154651957.640419,17963792014.123077,697462476.9704437,362428175.44012755,21115003.2,221276827.05696106
2015-11-12,1668879133.0171013,789478085.431385,575664594.5052719,418277012.9496002,208942430.06015778,3224640844.4519043,3125115983.1238556,17867687569.36676,695748993.1492615,357472602.4734089,21398345.6,222810506.3572693
2015-11-13,1671235669.2158318,793980623.4501076,551143166.4944077,421508206.83389664,212503726.85112,3273318848.1591797,3258069237.232437,18195155639.3425,693928198.7400818,362442742.6019886,23021510.4,225894139.31360245
2015-11-16,1680562511.8415165,804744535.6346703,544270015.2238846,415995024.22582626,210996209.06936646,3292867989.08123,3313605702.2504044,18556680072.859726,689712071.2260056,372029170.931485,23297130.4,225433557.68341064
2015-11-17,1696514377.7644444,825213109.4054222,560604018.7274551,412675295.07162094,211116936.49780273,3361517212.7016068,3354188380.1693344,18931868060.116272,683220873.602562,372057082.06211853,23552830.4,227766620.3516388
2015-11-18,1685302849.110155,831245391.0288048,564599328.6483383,395829799.9246788,187201205.21213531,3373298245.0748825,3377287428.4415436,19130132332.879715,676187896.0624695,369050156.39300156,24254798.4,227371971.66294098
2015-11-19,1698759903.2487679,812366800.8601379,571752344.607811,389487346.9335365,185178039.2645645,3317980964.940872,3297943214.2370605,18396654075.50888,674064023.3156204,371540839.24557495,23765736.0,227314592.52056122
2015-11-20,1723019129.4035149,815759830.677948,575391625.7143784,380445719.7705078,181985136.33628845,3276548188.6603928,3140922095.234375,17965229008.756104,668546353.1988144,376859332.7091675,23388284.8,228547027.6189232
2015-11-23,1739613966.1773872,826930094.43079,581722673.3568954,369876062.48607635,174495448.03836823,3293550778.7184906,3114909963.2256317,17935282020.223694,666006707.4710846,380949028.27986526,23253331.2,226058583.79034042
2015-11-24,1746048035.7676888,842223559.5622063,584856352.541275,378791745.17601013,173244085.98320007,3233001316.177597,3089857050.4039,18128206399.816742,648147752.621994,379740152.82844925,23363920.8,216328162.41239548
2015-11-25,1624786058.5591412,832871401.6067505,554446956.0076523,374685136.4818382,167713735.15792847,3006565913.8373566,2941946537.1889496,17394173011.745453,624024770.3886032,361951564.33265954,22913624.8,209366578.8953781
2015-11-27,1610529002.7966213,818474796.4775467,551469766.8932724,365385947.2041321,163466124.53811646,2942653900.9373474,2857440445.0138474,16929709332.298126,580867251.615715,352781838.98902357,22001245.6,204267319.52505112
2015-11-30,1633457318.4605503,827483665.1922226,555691385.4273605,356743538.2899666,158569573.33042145,2958376552.20932,2846929589.2170334,16774253300.279694,550241750.9485245,352800242.1097633,22118131.2,205579155.34189224
2015-12-01,1637234246.2222958,872144515.8878326,547724321.4637375,366829881.4549446,148129044.60445404,2930546201.8735886,2881916986.662369,16877599782.915192,568981605.4533768,353673497.7622833,22101895.2,197424703.03016663
2015-12-02,1619088666.8963337,887280663.7529564,560974322.5624084,380673711.352005,146640851.0144043,2897863396.0121536,2891854386.107292,16983043458.549805,562493912.600975,358696835.9888466,22245725.6,198192469.78912354
2015-12-03,1591558891.0549355,899366767.173729,553682900.691719,402046820.4659653,149979475.962677,2965994303.503151,2962017904.1378403,17566992765.882263,609529242.0483017,362537298.72099,23165613.6,201871286.74539566
2015-12-04,1636434633.2060623,902885257.5487709,577850539.0817642,414531006.85970306,152784174.34265137,2993643272.211342,3042577301.9385147,18571043747.90741,630093313.8396835,369706709.39115256,23963231.2,203341693.20331573
2015-12-07,1607897179.0432072,929554209.6484375,554434532.1033478,422890563.53580475,148657834.71572876,2960842559.8069763,3020961622.0129776,18489495837.465897,624078552.5793839,385018591.61982536,24191487.2,196118941.41145706
2015-12-08,1596899403.2761478,934153039.445076,550426153.763504,456891107.5113678,141691546.8970871,2947088093.6997986,3008355365.685234,18243632429.92874,616722787.5033188,392460211.8285786,24232888.8,190646085.4852867
2015-12-09,1609625649.5615673,959750764.2717743,558168907.9116821,472620470.0629997,151130667.11997986,3042991303.4400177,3075894989.4809723,18977912742.665024,627873841.4225388,403734755.53491247,26325135.2,189540196.32749557
2015-12-10,1638731281.4035034,972064987.828331,559614194.0267181,496078693.8437462,150801852.08953857,3086484468.423996,3115013467.084732,19389117244.48166,640737134.6925354,406301140.3373928,27120843.2,192664373.701725
2015-12-11,1679046001.821165,966057636.0466003,561947999.6648788,591586335.925827,154973078.14029694,3143149808.8946915,3240426572.360878,20134223188.80745,667330832.9980469,408504276.8827335,28091946.4,193226551.0569954
2015-12-14,1689643949.0883923,977720265.0123978,573570052.8131485,660484840.0258064,153104721.93374634,3183546473.496437,3246156481.4570236,20381472258.30513,680667120.338707,407765943.3464657,27783337.6,194776274.829216
2015-12-15,1706387290.1148033,1021150543.3134842,592941267.8016663,723941560.1122475,153852769.73983765,3275303010.331192,3322606456.136055,20691503077.86232,696071621.5324783,402925776.9932144,29072324.0,195782633.1327629
2015-12-16,1765051567.7672482,1069832672.1621323,591571554.1751099,772692044.3650627,156884320.27267456,3325463699.335251,3401859016.087761,21366072507.843246,722860578.228836,407972890.4618233,31116905.6,198400705.43067932
2015-12-17,1820296843.8455486,1122111254.3010712,616774637.3981476,794399878.2261467,157985819.84470367,3348709058.9723206,3465853089.47937,21790634923.330536,744804156.7068863,407965073.0816811,30831686.4,199398912.5870514
2015-12-18,1850293827.3384666,1165907283.779068,633011827.4012375,825589983.7172699,168188484.86911774,3461907893.8915634,3601983909.424782,23139282387.808075,761657867.439537,413193771.7877014,32971267.2,204887513.5287094
2015-12-21,1832164702.6346397,1186356856.8096542,635130393.5313416,835332062.2414017,169543287.41348267,3430183469.521408,3617824624.4086075,23157122125.530396,769317993.0062103,402913226.9088562,33077101.6,206175947.81929016
2015-12-22,1821242601.3944244,1206442304.616623,635616707.4753952,851997450.8469391,169701886.90441132,3452805414.162712,3646190562.847481,23540670628.19992,769714684.2126083,395820676.24628145,33672375.2,216862609.10459518
2015-12-23,1798790509.0535736,1223549445.4081345,632140077.2062302,859105198.8016891,170890413.77853394,3472098328.640671,3641104851.054802,23637145811.679535,787521110.161438,400953944.4386711,34459500.8,218427826.61390305
2015-12-24,1775453287.256155,1217985762.1967888,625934833.2013702,854510252.1246147,170482192.23579407,3431252282.986908,3626249946.418991,23602054427.83966,788054607.6089478,393555130.65472984,34343632.8,217109511.01291656
2015-12-28,1752466603.301382,1266559003.6751556,617816661.3380432,865567647.6504707,176484081.28292084,3467940876.0821533,3679728589.6118927,23844402833.15056,811093920.2996063,397837473.24525946,35237364.0,231053497.8671837
2015-12-29,1688346184.8143864,1282586061.134472,597773995.5259705,870204162.5431252,174291878.41362,3426570726.1516953,3694690948.277931,23667698191.70723,822637083.2435989,396789371.47703284,35434932.0,220723849.97354507
2015-12-30,1678193847.8646088,1245963654.48843,593005757.8666687,877161425.5075455,168152201.0063553,3387009861.828041,3644721864.8316956,23353413812.904358,788916710.0457382,397611593.8028759,35464404.0,218913396.72649384
2015-12-31,1656411802.1446133,1267144078.6699867,560932668.4936523,867384465.8209991,169465167.79445648,3466808753.0649567,3681270998.225212,23393066125.818863,790842944.1745377,381523531.00550807,36546820.8,212920327.44285583
2016-01-04,1691004404.5788288,1280711656.3458633,560991756.4028549,865219074.0629959,183886416.2980652,3587083980.081482,3716892959.1176224,23845044370.134735,764901368.6974335,378433139.9482006,39152508.8,223931351.73215866
2016-01-05,1657544094.0815067,1279583182.8713417,523554095.7472229,858598636.4139557,183468243.7828827,3555753141.2939453,3700415490.938759,23091373417.423096,739895895.5104065,369487622.43084717,40592631.2,233932217.58886337
2016-01-06,1676043974.2500591,1260723831.8531418,549758489.1464996,856579831.1403656,183321308.52733612,3575008087.344055,3773553621.9474792,23475447455.10063,739807708.600235,375183881.13623965,42418410.4,237643092.50160217
2016-01-07,1689557337.4291801,1280255659.2819214,594471542.0662689,823531903.0488777,190047348.6985016,3662091440.2241516,3908961538.9508057,24324867693.372498,753643871.7537689,377811699.8846153,45315264.8,244619976.27933502
2016-01-08,1690849266.7054176,1285847424.050331,604116179.567337,825526711.618576,182058809.974823,3727422876.9538116,3990289651.4756775,24624907715.132523,756978625.3588104,377241517.3832489,47821738.4,245691340.8840561
2016-01-11,1681442251.1581898,1308830654.9207878,617205915.859375,831153791.9856644,195866558.8099289,3784724588.0831146,4074260249.3792343,25145049116.280518,777254528.7382889,396111656.1523445,54942888.8,249656091.56303406
2016-01-12,1642545198.3950138,1306349194.29842,611023976.2982941,742974597.6248169,219626963.0170822,3771929207.0043564,4016012188.14106,24765422959.497604,780138781.6234207,418308658.7401886,55722042.4,256201574.8936081
2016-01-13,1620808151.0112286,1305051470.8174706,621056527.5906372,702256125.7429504,221725015.45520782,3823467575.3670883,4072173068.9019394,24975189078.526382,804299969.8804474,442166531.6740448,57907924.8,263397662.47413635
2016-01-14,1598393263.895731,1295690849.0836906,637835717.5605774,661328485.5218124,226093804.42710876,3895317857.0289993,4199363640.426407,25599637563.075638,824010188.1457901,443688032.78452986,60627083.2,267515385.24654388
2016-01-15,1594886458.3695889,1315788060.3218842,647548791.7809296,651948884.5219612,236584084.86507416,4048807031.232109,4390237061.349449,26453926119.77623,840009483.8407135,464487996.7839077,71322224.0,269109744.0511131
2016-01-19,1566044963.8998508,1299529398.6793137,620368979.1510773,648025776.3687515,252360705.71388245,4067111974.574356,4418187219.636955,26515795551.27556,836483486.510315,473950249.9376324,77320324.0,271882518.3131981
2016-01-20,1558148432.2986603,1303501800.4636383,631110160.0089264,652035208.0851555,255083653.90773773,4234413659.2214203,4549465932.236137,26638624487.04506,871512330.582428,488454111.83645135,81340715.2,279322476.7619896
2016-01-21,1568009289.7141361,1336858297.099266,626825144.6928024,663967663.9795113,258527300.36468506,4389663480.206566,4701784324.816589,27336866972.201004,888783223.7196732,511641391.8687714,86534036.0,284608196.9526291
2016-01-22,1592064899.1479397,1363389854.132595,627642352.8169632,675083155.7056618,260005419.2062378,4455115753.098755,4767457330.524368,27736241325.56542,911522608.5493088,528820316.79835206,88651240.0,279246884.8680687
2016-01-25,1597919609.485178,1370871519.4285774,649379579.6857071,682343192.3322105,259329696.75750732,4458931014.310646,4817825534.964561,27803574758.60977,905566309.9549866,530353488.6901623,90163689.6,280388054.81336594
2016-01-26,1639559449.925146,1400605518.577137,685862393.6112595,697243274.2369843,262092439.87831116,4539443066.079597,4930890465.261726,28513496072.179413,917053858.7689972,542670463.9954716,91822367.2,289978794.9004936
2016-01-27,1675525763.9012241,1403099006.3693237,713248588.784523,713642258.1050491,260610384.01439667,4638374254.187202,5085171641.931496,29415946867.66792,919892929.1781616,564255687.3726597,94241003.2,284765205.0457573
2016-01-28,1718089495.0792694,1398012537.8323555,730280990.887413,729479547.9362106,262834087.3470688,4706203731.040649,5163597485.521545,29752331485.318676,934790509.0591049,583060504.3118824,96005065.6,289341365.5139351
2016-01-29,1751911774.8090172,1432187833.3133507,754597893.2445145,731449240.9113503,273541314.7134781,4790339890.855179,5323081194.020348,30921852108.092957,972682858.9398575,592287952.6130657,96959982.4,309286724.8715019
2016-02-01,1747426818.1570148,1426867486.4017677,791774671.7174149,733148082.33284,294815646.632576,4746372590.686188,5326622130.711861,31045283139.92927,984261301.4342117,597637986.3320644,96552911.2,318239249.4384384
2016-02-02,1731431483.1160545,1413462597.1338463,794616442.695198,733833365.0655746,286876063.7573242,4599691165.335999,5281431963.134651,30624556386.859974,986424621.1260986,596785506.4513943,94816034.4,311413115.78084946
2016-02-03,1799831027.4592018,1435503750.754509,862785049.9417877,742248344.941864,330375719.90859985,4706151991.8598175,5375094668.103256,31337239055.650867,1021916177.293396,613376002.416055,94870017.6,307111186.96079254
2016-02-04,1839966997.9119778,1445375039.2539215,887078564.9431229,736415512.2615433,332878575.9210205,4762927460.0074005,5397290634.477501,31189335553.86543,1028970570.0071335,596943723.5412709,94016148.0,303520219.7639656
2016-02-05,1818358651.0862064,1431077862.0306206,907808782.6226807,743879439.8696136,326041305.3023529,4749205933.980255,5420692383.264046,30875797212.24068,1026494052.547493,586729466.5871823,92720954.4,297262636.79037094
2016-02-08,1817665577.9558659,1441223210.4940414,1028541116.100235,737569778.1287956,330833319.529953,4733045763.366432,5497011947.199059,30675349889.57664,1053456890.3548813,581377018.1464344,91094381.6,298599652.5161743
2016-02-09,1829823738.7373734,1439799416.4935493,1098804458.932495,740082379.1673088,322265372.87311554,4753832084.907875,5584574598.298492,30595632651.79527,1082707670.79216,566967605.6285816,85777097.6,305821262.70874023
2016-02-10,1836027082.7820587,1440323313.6006355,1146116671.7767715,734107655.0379181,293274866.1148453,4689438544.780159,5622301182.513847,30346344770.255352,1086671100.164032,545706247.8775761,85120773.6,299906512.62498856
2016-02-11,1852030488.8140488,1451940198.008175,1400291621.1313248,736498350.063591,298421852.0092392,4619654892.5535965,5636173414.751549,30274422839.554443,1122106020.5485535,538351964.7918705,86666645.6,292215405.188694
2016-02-12,1854626491.655922,1454968247.8266525,1449332510.8261871,733702489.3862534,301637775.6007767,4480251653.296928,5481093394.273071,29330372341.70807,1130904345.0028992,544655313.6269276,83191668.0,291328588.8948822
2016-02-16,1786254079.1727066,1398800423.324337,1480810112.104988,703956850.7057381,295454833.5810852,4272859253.7488556,5241912750.283775,27720628473.854908,1122554321.5714645,524199252.5229813,71360871.2,286887208.53746414
2016-02-17,1779112044.9211311,1379437644.087391,1518057799.111061,704871989.7363281,295722923.95240784,4230683417.5133896,5175323073.554993,27278690828.202667,1144407251.1244965,525052331.30858195,65196316.0,281912300.98999023
2016-02-18,1734509805.3317356,1351935847.500019,1545093190.9431076,677063966.8469238,288222536.3198471,3974433004.167824,4953484259.973526,25864943842.838287,1112604493.541603,514751419.6703159,59620272.8,268506578.0726242
2016-02-19,1713195840.422001,1309867891.7072868,1605792798.4134293,661235508.2357025,283906037.29637146,3832119934.2121506,4798219221.076241,25253363839.52484,1101058348.2931519,497755382.59401435,54633575.2,258896474.7158432
2016-02-22,1677202360.663395,1258933534.9390793,1645478928.3729172,652548733.3537674,280940479.0003967,3756157475.0831223,4709807245.226021,24752537021.05835,1078258629.0905762,492805154.3824421,52723884.8,254900820.49848557
2016-02-23,1674775051.8287468,1225334419.9158478,1662253588.0999374,653590408.6092377,285711306.1733246,3735760763.2180786,4666163571.248093,24624903531.65329,1092174023.413391,495584752.8594147,51153393.6,249741775.53962708
2016-02-24,1676363538.5710526,1223965225.3357506,1722448082.360878,657190413.5929489,293072620.4047775,3752326629.7299194,4687020630.263481,24722349038.36502,1109990355.7120514,493209323.50821227,51079115.2,243913586.4468956
2016-02-25,1645908392.1030235,1208518569.9949455,1751601726.7065048,648634484.2523003,294057233.5138321,3644518635.05455,4573791158.375244,24162537717.21527,1102575699.9643707,477806038.41904676,48624318.4,240352214.68803406
2016-02-26,1611369453.791418,1184909050.4235458,1793320396.4673996,643042317.2191048,297432938.73687744,3585602038.488312,4496735162.022858,24083942381.25763,1097835873.6644745,471535689.4248562,47732168.0,234538591.29203796
2016-02-29,1590702211.6291714,1169107371.51865,1818334409.101677,665474882.7440071,297920399.98249054,3539206144.655075,4365702630.612679,23392169895.711136,1074522586.6399765,471528988.1453098,47929015.2,219125700.2253723
2016-03-01,1625250632.5088406,1155618976.5079308,1845019773.6805725,701688478.4062576,294246861.1397171,3555692697.9894257,4392092425.204506,23465668022.00821,1093457552.2947311,471259156.81831014,49055046.4,215324202.9736328
2016-03-02,1622007335.7772255,1142332840.7433891,1861877825.0351715,701930027.0804214,289373588.38184357,3497232686.91555,4322586121.74572,22861365732.519608,1077334255.9252548,475238862.86451685,48642530.4,208670577.39959717
2016-03-03,1570942981.4848995,1113060324.599247,1888679202.8279495,695144183.9280319,246062317.81719208,3386742918.690262,4157018991.399002,22009308429.62059,1044668444.764595,457397768.94532126,47441018.4,201796607.4845314
2016-03-04,1584091298.333435,1103543946.0181236,1913632913.0239487,717137960.4416466,243230324.05525208,3340950347.797737,4079607831.436844,21974743993.2386,1038668977.5589752,460514375.56862754,47693587.2,198134073.28403473
2016-03-07,1588495347.3144817,1090992515.7734299,1887328636.3638306,714192873.4751892,247099968.8748169,3296612951.89476,3883539705.0320435,21389820351.832428,1020842339.8817444,478907403.48269385,47321963.2,197344765.32478333
2016-03-08,1567556559.7935963,1052467374.8049545,1795545094.0248108,721169930.1716232,242343255.1147461,3253571206.114006,3612235168.8956833,20929667946.56624,984727057.9310608,484413027.80559194,46496676.8,191580379.0661049
2016-03-09,1560193611.1201668,1019011643.1793213,1744288462.956543,698152550.679779,237284031.32339478,3139279416.464653,3433523132.062416,20284188940.562363,944578755.2483749,483090296.2644917,45935254.4,181000655.9442711
2016-03-10,1571891938.6914635,1015306035.5362892,1778096305.7658768,712143182.2818756,240431047.104187,3178068211.2887573,3381758391.201973,20445886034.99916,929679417.4429703,474156520.8789593,47040771.2,178205481.14282608
2016-03-11,1571254525.7851028,988012528.2292747,1550126683.894081,708290686.5488052,231626861.24298096,3097049034.909897,3192962616.224098,19936534412.403946,864172796.9791031,450147603.1390011,41787301.6,173335707.8073311
2016-03-14,1548840787.9878902,947424695.3092003,1533532988.4309006,698751181.9907761,228820400.83049774,3042930293.037529,3094858914.9498367,19560799962.89528,820662996.2144089,440298706.58757436,40811028.8,168204079.58406448
2016-03-15,1570524816.2064457,926527122.0513535,1508377871.376648,706176953.4174728,229255381.6501999,3033961555.0538635,3037440017.4422455,19392812750.76416,794145663.8267136,437163465.6622837,40299170.4,163849420.9606552
2016-03-16,1615760932.0882702,928856586.3034058,1551790441.826477,720705262.7543068,217032075.74543,3031724736.0511017,2997005433.787613,19395299392.3954,777275981.7685318,430204101.78761065,41910985.6,165680041.35801315
2016-03-17,1698939096.612234,902094588.8741684,1530983328.5430145,734973328.0450249,215247640.1619339,3076772997.052574,2961472714.9324417,19724865518.486404,765027922.0653534,427884983.9298843,41973196.8,172118573.25738907
2016-03-18,1766336739.8487377,914074020.9656906,1543295302.7409363,736997888.3033943,219920365.17353058,3109362081.8397903,3016502072.7542496,19994060844.588394,764553684.319191,427945841.48549306,42014144.0,173925113.3138275
2016-03-21,1795060869.9578953,912760173.3241272,1524703436.25,735969043.3727455,222941037.40924835,3124141958.1692505,2988317163.6258316,19775532963.407516,766266573.8594437,422431283.30026054,41642666.4,178256814.02536392
2016-03-22,1785875732.2177029,907489875.3487015,1512245332.8701782,719404046.7531395,219271789.18231964,3105465354.470253,2942334429.696312,19716797811.77971,749336982.4315262,410869611.6751518,41339376.8,184720715.8885002
2016-03-23,1792453747.0136738,893242408.3614731,1500007487.2608185,715557725.8952332,212483271.2715149,3125433831.9389343,2852854166.1405563,19186459647.274933,756291602.4132919,410490214.94951284,40794109.6,184878628.8189888
2016-03-24,1818655466.550665,881252365.8378983,1462838575.0302887,723088966.5839958,210482343.2447052,3169450705.0276566,2806565151.6109085,18999804518.528366,757054044.4775009,418547146.7858807,41307069.6,183864490.79608917
2016-03-28,1807354432.282362,880909278.8194847,1412230114.3027115,722061052.7126312,203184437.30319977,3144780052.4622726,2727407654.7481537,18469521151.978683,736555324.500618,406371887.33476716,40533306.4,186368413.5286522
2016-03-29,1838543742.3790073,868370820.2049828,1429845417.4000168,694033977.2245789,199307661.46884918,3227222924.22493,2748117019.0522766,18249733487.598267,743435666.9823837,400737461.66831094,40836588.0,187550535.72834015
2016-03-30,1824376713.704977,859025189.4585419,1409639231.4016342,665647624.0937042,185975731.61457062,3232743975.456085,2684231511.0785675,17819470870.050888,718575238.5659409,396936404.1304882,39712466.4,183472060.48814774
2016-03-31,1889023828.7391186,891304643.3468819,1411794941.3805008,653107137.2855949,189350358.43963623,3255698193.9609528,2649792702.9008484,17784003424.579773,722849784.750824,389771041.986565,38900035.2,195032626.99941635
2016-04-01,1903109964.006443,910929568.927021,1359602079.8464966,650665265.3008842,204208325.15132904,3269639048.6959457,2660465778.931122,17985710360.319366,737668960.101471,392657248.74896204,38385849.6,202071915.55002213
2016-04-04,1831500704.816904,899096231.9812965,1305987217.7352905,630360332.1546745,209770515.90755463,3193821245.7629395,2593075300.8076477,17448239166.795197,721074219.7671509,386609496.251331,37772414.4,214104030.9803009
2016-04-05,1824224446.9756699,890477600.4625511,1301460269.144287,631867410.8118248,208212207.6658249,3164713534.865837,2568945130.8356476,17463079475.7106,726787780.0868988,372169987.6472813,37300524.8,213850060.99164963
2016-04-06,1834916406.8857384,898101926.8198013,1276081211.8101501,623465916.4248657,207844886.1927414,3086109260.5742264,2558338908.2738113,17229498824.423904,723346010.259552,372053864.2105427,36077708.8,214615544.35289383
2016-04-07,1862612707.6878834,906662438.8628006,1294801857.5292969,632175485.7965469,210307922.16732025,3125157734.915657,2552352307.8313828,17416651294.299545,718265546.8428421,363142801.0922764,36368689.6,211693778.9795494
2016-04-08,1832008099.865656,887354584.7344398,1238575296.51783,608373366.1048889,204036665.63407898,3032336086.4684677,2453694439.112625,16920952064.281387,697301764.406929,370180808.0817825,34515137.6,214564053.54486465
2016-04-11,1819155382.2850513,868612391.2356758,1233111225.7870865,583316751.2392044,200252708.10462952,2996516232.5647736,2428530395.8262253,16465812920.884247,678493338.912735,370782240.1401714,34301893.6,215695997.25061417
2016-04-12,1857728344.2846107,887958034.6881294,1207371404.3605423,581763255.3525162,194803823.4979248,3002094257.8972626,2448507870.231285,16843885796.720581,674732313.0784607,382493411.65135765,35507979.2,215731544.9062538
2016-04-13,1903870763.0610466,901709169.5913315,1201239914.6816254,575824551.3411522,188531862.3272705,3042619210.145149,2448152274.028015,16898909052.079315,669696123.0945587,387851744.0409771,35719420.0,218490547.5905037
2016-04-14,1843220658.4877586,905938760.6004333,1173816907.157364,550699939.8970032,185816551.63829803,2990690154.667473,2378740594.9306107,16365354016.918564,657148899.3518448,384992017.4895153,33411160.0,214807287.03935623
2016-04-15,1773487652.7236652,905654546.6533661,1160480102.4512863,525732341.9903374,181232556.7608261,2896907278.5653687,2340900506.674423,15874083853.54393,648357730.6695175,381254983.2378346,33103008.0,206368696.8629074
2016-04-18,1706613418.8675022,884512729.7202301,1093056650.8419418,517142658.6615181,176390623.3699417,2818425340.5558014,2241273044.3389893,15407511986.475143,630834904.667778,380691344.66139716,33487112.0,203942849.1222763
2016-04-19,1724061530.3349972,900525297.5615692,1175736902.7988815,515157646.32226944,174282854.90932465,2790947126.6194153,2373090539.092636,15560538416.874313,629988620.755043,381725840.0280445,34655448.0,200929902.4344635
2016-04-20,1739446683.0051708,898683440.0184631,1196122439.0519333,518495066.61218643,176522162.44075775,2784920852.9865265,2371376729.468689,15437677784.348145,659088388.5655975,389684026.3683861,35436116.8,199158184.00548935
2016-04-21,1743418260.7999706,902371075.3996468,1190124198.1760025,523938587.6557541,177545517.2712326,2702707369.727707,2371116611.9077682,15498564655.520096,661417063.3127594,383912847.8647221,36105793.6,205117327.03357697
2016-04-22,1721876924.673872,902193120.5523491,1212813383.9443588,518795414.9620247,174990293.88347626,2702921796.9878387,2474349305.768585,15651320007.098236,658709137.0882416,374593705.83450204,36053348.8,205975937.52723694
2016-04-25,1722596275.0833607,893164391.9958305,1216027940.0737,513992579.68364716,175535489.17411804,2684952323.492813,2477888869.950981,15698738730.835648,660710213.5007095,372548264.1802498,37430712.0,201957621.5010643
2016-04-26,1676351055.695181,880344214.7145653,1188887683.8162231,507394816.0696411,167439081.40666962,2612066489.239502,2422626807.592354,15562696050.997696,652022193.5144806,365783013.34933245,36326152.0,196793699.67556
2016-04-27,1681923808.461628,868659506.2472916,1173310137.302971,505157496.01097107,162766107.7437973,2562062753.772316,2466973452.6270676,15494730894.301529,651259422.4473953,368926545.47411156,37176362.4,196018407.22423553
2016-04-28,1603535524.1717243,844755878.8134003,1210101743.0810165,505310078.3055687,158605067.96058655,2553561419.973984,2505458226.7985916,15525600557.433167,651569502.3514557,367059774.26282084,38465229.6,182876464.3107605
2016-04-29,1618383662.4308205,840970962.7005577,1267005485.025177,529140926.87231064,147132696.22608185,2571649608.711281,2702018129.9943924,15767528578.311996,641763785.1809311,367938825.99232256,40977463.2,179412997.69334793
2016-05-02,1606378330.817566,860263324.9054337,1297405970.395584,535113409.73703384,143554225.60489655,2576507456.4019394,2737440302.252083,15760621396.415024,669564736.5612411,362298677.1301857,41399036.0,171269084.62589264
2016-05-03,1650944728.9555836,873015209.0793228,1300970891.4572906,548642219.8388481,145180216.79359436,2606841042.667427,2825322058.570671,15827988324.018326,689666470.4919815,358077903.36088336,42333832.8,171442774.42451477
2016-05-04,1713710057.6616764,873323507.4756432,1314257249.4055176,558190527.1460915,143133993.7318802,2620168281.9431686,2830591884.0345383,15826011265.53749,693469548.7253189,349553454.34188044,42439180.0,174931925.39787292
2016-05-05,1723577451.1696815,878185409.5706367,1297678387.8073502,576802866.4908218,139557981.8360138,2588378077.202873,2787179308.6982346,15429355798.52745,702514717.5236893,354758630.8675686,41993684.0,177864220.86105347
2016-05-06,1770807870.3213692,885160734.7316551,1313925802.6922607,596998838.4152222,141143200.87947845,2587259577.098274,2822153414.854965,15384361985.722427,710327739.3979645,345575038.5835236,41543530.4,178505265.22756577
2016-05-09,1793199755.1599407,890201707.0281792,1310552411.497879,605670268.0487442,143682844.4246292,2578263427.609558,2786952811.7456436,15309147799.036636,710913678.9387894,342458656.98949623,41549825.6,183804242.41342545
2016-05-10,1788405640.0739193,882771003.8343811,1311943592.9218292,605278339.9675751,144331186.86389923,2549252725.885048,2747170742.7459717,14986967492.03621,711221523.2352829,323882812.89582556,41109148.8,188462057.13632584
2016-05-11,1732558055.1728058,870801822.9716301,1305783498.2981873,622768106.4603233,144972693.0829239,2464438119.1218567,2720072975.085411,14853020094.174423,731356349.1156387,317955755.02831763,41341254.4,192089720.49760818
2016-05-12,1746692303.6554146,850621243.1580925,1273805689.1600037,624397171.8234825,144372069.38297272,2507279734.339447,2775158879.8370743,15062329899.282227,727156146.5789413,315024137.43081856,42600632.8,196303557.89873123
2016-05-13,1741694364.2137432,852875737.9099846,1274285076.3263702,632945766.8997574,159112632.0569992,2520706657.9759216,2768608287.207527,15232336185.709229,741613042.3584747,305754629.8436718,43596240.8,200781800.7678032
2016-05-16,1736634878.930769,861073957.7841187,1283340055.4307556,642282401.4014053,160918197.37243652,2557294879.3540955,2770988041.452675,15179540004.71344,744837191.7180634,301631878.4166187,43641624.8,203811081.18764877
2016-05-17,1720176925.7853603,860589439.1269302,1210268313.3313751,632307659.028759,160663273.73134613,2665501389.8179626,2699373077.3182297,15391595805.77629,741208431.7494583,295364668.18408775,43911924.0,207054485.68357468
2016-05-18,1765326648.4360695,902116997.9573059,1229753229.9858475,648026301.9762611,165018841.25995636,2730970828.8656616,2741883182.094841,15712032075.979156,749901564.471817,289712941.65707666,46842559.2,208750750.23031235
2016-05-19,1777844826.47604,916515419.9563408,1228445196.4429474,664816754.316864,163766058.93398285,2806021037.1902847,2771743614.010887,15951984775.46341,726391760.7861328,288077478.8169441,49525800.8,206847321.43514633
2016-05-20,1788161322.064495,927898844.1060829,1231349053.4744263,663822448.9340401,164246209.53655243,2842173637.633934,2719992602.4319077,15987315166.912384,724502966.5012741,283248488.87403107,50145864.0,207340828.12782288
2016-05-23,1800747013.0023003,937921374.7629547,1257016757.52594,667546769.7284889,162001883.8698578,2875970235.2131653,2725040472.5172043,15912712306.998672,732166627.9285812,281148137.6722385,49126294.4,208286084.49897766
2016-05-24,1811965433.5971832,965069585.572052,1273127682.9864502,673931256.7928123,161327391.58603668,2926322385.093689,2779622176.5130234,16064997886.590042,723868639.3304062,280877740.1727951,49686556.0,207781248.7636757
2016-05-25,1803684887.2372532,1012749112.6475143,1286992369.281578,685314008.4930992,157667965.1334381,2934212239.02565,2807042657.5283813,16058490542.658615,714423776.8186188,274783734.21626586,48968845.6,207830001.7393303
2016-05-26,1796076881.8207264,1004024227.1306801,1229567863.4283829,692786641.8224907,149793574.85664368,2879572517.8346252,2771153719.553528,15694316324.99672,702299502.7441788,273735169.67279166,47522932.0,208398402.1592903
2016-05-27,1734699184.899168,979477143.2833481,1162046764.1183853,658577640.0819206,146020147.1616745,2822239598.3695602,2540903736.6152954,15021196359.426117,692008321.4570618,262511353.55441895,45215600.0,205554964.14564133
2016-05-31,1809340681.9826794,979417774.4488907,1134768132.2153473,660013531.8206978,143900364.71313477,2878606896.216469,2542784899.413986,15450147109.25232,679805163.9915848,260570290.07586747,45118915.2,207870451.73374176
2016-06-01,1752233310.3104782,967538685.8169174,1127737602.0555878,655643012.8766823,145834924.22023773,2829028988.554497,2453524218.252182,15143619002.432098,676076823.5961533,260555365.9269287,44229110.4,211030123.93188477
2016-06-02,1678108808.2343197,995468467.4567795,1096865419.5654297,642705925.8862686,162645255.92090607,2798883970.4299164,2399989675.788727,14905745706.605148,669669096.6263199,260429893.36178055,44459192.0,221951719.23919678
2016-06-03,1690381719.1649437,1009960401.9628906,1129681077.9447174,629503756.672039,165803518.33122253,2818097255.039139,2402211112.5601196,15225115201.979904,686510997.3550797,253142651.98480225,44522634.4,224670188.40065002
2016-06-06,1733756058.9297771,1012757105.4523468,1118466409.0660095,630141519.1051292,166002929.86377716,2832604995.0566864,2315359001.5527725,15027668941.510849,688772578.3332443,252770198.49780312,44586514.4,223720901.20933533
2016-06-07,1707691370.9025002,1008703567.1345901,1090094860.6911087,647717146.8310738,171348729.7273636,2826792168.2021713,2282789852.8625107,14925730230.128098,687787857.4524307,252095128.0115593,44900625.6,217361891.0623932
2016-06-08,1721550631.3472939,995396860.4580688,1100850844.4063187,656366197.1845818,170396507.11704254,2880417673.365822,2251836905.8964157,14836906480.994186,693152836.5366745,256995287.9448784,44452472.0,214496667.62298584
2016-06-09,1719911362.188387,992706639.6972656,1128310567.763977,633869793.543396,169199269.73041534,2886520124.188843,2238167358.6714554,14784879941.65451,681812181.9550705,251402497.02104568,44484107.2,214750083.88252258
2016-06-10,1740240638.466158,1017823923.8214493,1168048813.1114197,643932877.7142715,171985373.1667328,2884447229.816437,2261415690.305977,15013983023.726807,687296739.0364456,250169384.02913094,46045267.2,212063760.61843872
2016-06-13,1735111196.2783146,1030259022.730217,1198583623.078308,658698406.6975212,154542070.11528015,2948731482.0791245,2284482340.059128,15216983765.549927,681136873.6954117,252191504.8761471,49867796.8,210013140.80461502
2016-06-14,1761721704.776926,1119246405.5346107,1226850310.4887772,677245787.5430489,153225371.88098907,2987676700.1729965,2317065512.238579,15640458662.64244,701751632.8791046,245775592.60783273,55626564.8,210110151.76656723
2016-06-15,1765171373.2890797,1136031789.1811943,1267262464.3923569,693670783.4549713,158721339.67964172,2885535484.0567017,2293483807.8765106,15603522438.550568,720477389.4586563,245869748.45048484,58050902.4,206146319.92341995
2016-06-16,1745567132.5847054,1119506294.3315506,1349884918.255539,700158852.1324921,159682182.74982452,2895794878.0139923,2319178343.781166,15881314162.071304,712063182.8013992,245961097.55243796,61438356.0,201311280.09483337
2016-06-17,1726177189.4515228,1170047746.4006424,1360458547.4599075,690380626.4114761,167763062.334404,2869549388.603592,2330351942.427559,15912208701.646881,725083505.4629135,253408980.6197815,60149780.8,202186505.06195068
2016-06-20,1761192383.069458,1203268820.0387192,1371434373.7918472,697548213.3053589,171795193.00865173,2830491272.3441696,2286761441.893196,15730983801.431427,736145278.277626,257646264.95282745,61949490.4,204570329.47820663
2016-06-21,1795949092.3522282,1244278654.8885918,1408063153.4362411,702056557.5839996,174497305.06824493,2890550934.262924,2323309307.6996994,15864035231.360855,732129195.1200104,261128155.31965905,63305933.6,207438161.7504692
2016-06-22,1812295794.5384789,1279260981.4756775,1380675117.0871353,702104403.8437271,176391930.63415527,2823707314.947357,2285947326.4073944,15887163286.590424,732085842.298851,266321534.26628074,64625944.0,210580392.6915741
2016-06-23,1840372674.9933434,1275521323.4011078,1383623174.9035645,689753776.2257767,180060326.10645294,2848100414.547577,2188001217.6825333,16130119244.229736,746101868.6824799,262643150.50618058,66900350.4,206397848.44535828
2016-06-24,1984713148.2567215,1400762107.0960617,1574702232.8639984,736539040.6880188,195255536.80278778,3142142915.4344177,2407362731.170082,18526127292.85721,807390084.5275497,268389839.22740975,74704635.2,214085890.2710533
2016-06-27,2059379541.3076115,1481742700.639305,1658947638.4949875,786889770.7039642,206765871.34441376,3313503674.3201447,2535521730.8727646,19915985013.22403,868618509.9325943,273758312.5240997,79468379.2,219321836.17370605
2016-06-28,2025376444.0714073,1518491165.9223175,1711700395.4502869,791513572.1108437,207304757.41996765,3351763995.415573,2548151226.374092,20318411247.286987,901390456.8353271,277167570.60871696,83835072.0,220861167.69556046
2016-06-29,2069473902.2036934,1546307679.6936035,1739886083.7876892,809452028.5635567,207138829.31934357,3384135183.2543945,2603185433.6964417,20904071845.612793,920657024.2011261,276557538.1434639,83459004.8,221504640.19935608
2016-06-30,2133313823.1794357,1576163530.9375,1814390214.1835022,845165550.6098938,210676192.75405884,3481630463.915062,2704555267.9372406,21812991620.169067,968717483.000145,276028265.78358495,84205115.2,218488125.63869476
2016-07-01,2105254596.5885162,1563844485.9957886,1823504268.8749313,853775914.6022034,225776025.87615967,3458973259.289551,2701108068.5923004,21854574686.035156,994996223.0289841,276812876.79349405,83500394.4,220504697.4810791
2016-07-05,2041550267.373972,1584626019.7730637,1887876923.2414627,843997119.7767258,231465386.0376358,3466776719.1360474,2742936345.5638504,22248166609.004745,1004761442.3597717,279580664.8343857,83061550.4,222957427.76714325
2016-07-06,2042102263.7112904,1609291671.8201447,1973679472.7496338,822356213.6764526,228403724.07970428,3482252682.1751404,2804665142.609215,22558716290.82306,1058641867.036972,278308924.6802387,82969966.4,229884529.21878815
2016-07-07,2004173273.7381458,1627695621.189289,2010461726.4161682,818515095.9268951,228723841.11400604,3441395263.3763123,2826951639.242935,22727139189.402008,1084039437.5696564,281485672.44974554,83316130.4,236990681.8818283
2016-07-08,2032658987.5535393,1641870088.5449028,2051737644.3832397,844832315.1291466,232354307.5799942,3515975244.69738,2888451647.6727676,23277460482.557907,1105710461.4564133,282107994.8835743,83246909.6,233311614.2181015
2016-07-11,2027420744.4478416,1632881695.734024,2037060888.4280396,853528250.9902382,236317345.30555725,3490171965.8259583,2825986138.099022,22933544304.16992,1113759518.0548477,278580937.66331255,80591660.0,236425808.60843658
2016-07-12,2079141463.230877,1643978667.2255325,2128050163.4310913,852058887.177372,250168001.27868652,3541167665.8726883,2813485276.008301,22820718887.657776,1160178854.192276,285035083.1489113,76030060.0,238579222.87326813
2016-07-13,2073733544.0755653,1561265329.713707,2103861530.838585,834875126.4826775,257798645.53855896,3516617759.780998,2799412173.440895,22517684636.59607,1157987384.0802383,294204116.81151503,69589626.4,243884982.16171265
2016-07-14,2131481044.647007,1552033927.109108,2088014704.3196487,819920249.4444084,259563064.63321686,3496869572.746544,2785118840.400696,22396875836.67946,1174295900.994835,292479380.80092466,65739272.8,245112346.40766144
2016-07-15,2151377405.9424973,1558578190.6073952,2013138838.6336899,796271762.7404213,258328564.4481659,3440385221.776123,2717728414.8632812,22061702059.780045,1172985994.6515274,288173141.0168724,59061668.8,247168168.5744667
2016-07-18,2185864103.8375664,1489541349.4451714,1970546790.2986908,775840700.166645,262957720.6166458,3381932901.877136,2681368618.794441,21573379792.96402,1160685628.0134583,278548361.78053665,56582044.0,242787234.83167648
2016-07-19,2158832219.5893,1449407248.7080383,1930333302.8551865,761614048.6843109,272914357.40211487,3343039946.5442276,2677629658.1775665,21340884757.615128,1165828723.2402802,272534516.2778759,53834391.2,237241707.90639877
2016-07-20,2125810152.4794102,1413609814.9041748,1916047400.1164627,750070409.3411064,276178979.0469742,3286418605.569725,2695560875.83107,21235342103.86757,1171850403.4174728,273805838.2915344,52185902.4,233283973.75555038
2016-07-21,2114932934.7245884,1359140152.8746223,1928353563.95092,752034219.8256111,278764511.45477295,3249763754.767647,2681587444.316864,21012680386.649475,1197147870.6693268,269180876.20891345,50683576.8,228508277.06415176
2016-07-22,2082718055.871439,1320995339.2785072,1912811116.0855484,754129189.0305138,276312813.5997772,3189298793.9157486,2692684457.110138,20671237345.847473,1182605850.4478836,269550800.03239596,47898900.0,231355839.31423187
2016-07-25,1937977623.9175797,1178679713.9032173,1769808872.7875137,714744788.1723595,260732752.8812027,2892427490.6897354,2430515499.6243286,18300456422.848663,1117036467.9283524,263190477.9929699,50988716.0,222513346.25814438
2016-07-26,1897839395.342083,1095320918.8430023,1683308813.263588,685164969.7511864,248104630.59482574,2718336418.799057,2313208207.1805573,16985559259.997864,1057585521.1580276,261387004.4318947,50222089.78613281,216433061.7064476
2016-07-27,1904962988.6764812,1041004148.8076401,1692293973.066101,680891378.8632393,248803265.99040985,2627338549.0470886,2323266834.7183228,16381595859.727936,1029148120.2993393,262309431.5474308,52480213.31557617,213447378.10323715
2016-07-28,1858078071.7697334,1002395947.7091217,1674533873.5992432,667829368.2478142,242324091.57920837,2546968687.1746445,2258609597.602844,15773293355.440063,1000229579.4986725,261394125.59499893,57946194.36557617,209233133.66363525
2016-07-29,1854069284.042654,948983608.2872772,1661878403.8954163,640747379.9788475,227550460.69770813,2491846626.904793,2196820569.185066,15036324165.822372,970139111.5158844,261086612.91134566,61070475.96557617,200572882.50701904
2016-08-01,1845285493.5667706,948241677.2373009,1611888701.1436462,645955015.7706451,214875043.53816986,2554173449.7097015,2172069970.8857346,14765492344.92073,940100963.0187225,266836438.5402748,69385018.09047851,196849175.22130966
2016-08-02,1876763609.045248,923397128.5164261,1538569108.7171936,670940508.9725876,214697734.00909424,2559014313.5543823,2180109373.4240723,14638150801.430359,945184053.2256317,264107816.2444725,77268211.37597656,197250688.76810074
2016-08-03,1855643549.9927616,907412641.2204361,1457902591.600113,681534839.4877052,211148750.7244873,2529770332.3713303,2136693528.6872864,14277853778.985214,893736307.8246307,271880399.8346607,80661293.36333008,195178802.68384933
2016-08-04,1890932908.9092922,892994481.1026192,1382682693.7176514,678923992.9821968,209949357.83470154,2518359957.7135468,2108854096.746292,13943393509.771194,871434489.5246124,267112088.15550882,83516675.20908204,187346043.73418808
2016-08-05,1869150741.8530846,871682661.1410713,1370949928.4732819,656144863.709774,211004664.6378708,2477299845.057678,2083645062.6636124,13398084030.564041,855891348.9081192,270656353.4921219,86324592.95136718,188238729.04943466
2016-08-08,1835585021.3544655,840758172.8831863,1343936560.3443146,637390327.5998878,204535948.0475998,2415524340.701332,2046261069.17408,13099444263.639374,839480363.9425278,276297117.00371933,88344021.01489258,184775705.9717369
2016-08-09,1807105125.6374168,837396814.5857239,1223707210.1822662,631848536.7599106,194249759.51587677,2249758103.788147,2004735419.550209,12648532746.96251,784963376.349678,272123893.76545334,93933920.51933594,184074578.78620148
2016-08-10,1807429600.8178234,817819137.9725838,1216201057.1240997,617408304.9266052,186111803.45603943,2204768666.110344,1975124717.0958328,12386285260.868073,772184265.1882553,268822327.8757149,97417333.5434082,185295880.2265358
2016-08-11,1788531255.9595013,801014727.6354027,1201287347.8194427,614964140.6868744,181909787.46578217,2216760918.7202835,1936954224.914589,12221725131.194077,755233999.2131424,273272298.4347595,101604576.79638672,190493593.88259888
2016-08-12,1753292446.0186863,762820953.8013649,1211254899.3377686,602052399.4013786,175567501.70539856,2156824443.873062,1949033556.206665,11807198463.567505,745531432.3418808,277036574.15748215,104395078.00771484,189373608.3270836
2016-08-15,1727475242.9002762,745260699.4486237,1186289197.3195267,607275001.7349052,161620042.6227188,2184693202.631607,1904947741.985054,11730738309.257736,741253108.3362579,284575222.24895096,107314578.9665039,190147949.5498085
2016-08-16,1742990018.8614368,734647711.0912132,1209144736.0858917,609440574.1876221,149409206.76059723,2190146503.5325623,1883215930.9410095,11724325823.431702,731230911.9128036,293729848.34900475,109839584.0003418,196777025.5337715
2016-08-17,1833924116.2356853,716752607.0970726,1212628036.2953186,627299183.2892036,147292139.50073242,2182618912.943802,1838336190.9251785,11885370789.590149,721323881.4621735,297839480.7784672,114190051.94125977,205976990.47540665
2016-08-18,1848837195.1635742,714219011.8211746,1214133250.4510498,620885822.6721573,144185996.4315033,2170452297.029228,1793532025.4115295,11755002634.145126,686989868.5404205,320449579.4730301,116590463.77651367,211517261.29274368
2016-08-19,1879746082.8838158,706669772.1717453,1233596071.5403748,613321501.7216492,145323274.84069824,2170186966.7980576,1790005611.4012146,11876273458.231125,685477158.3866501,326299730.4236336,119529747.37778321,213632781.1318016
2016-08-22,1910292508.3715153,700626168.2915497,1206285225.111847,589729634.6546173,146203288.8879013,2189583442.915764,1800628975.5243683,11931897527.013626,692617610.3731155,327643757.1851471,113147026.64594726,217304661.78941727
2016-08-23,1926178403.1278133,696199996.2962914,1216060004.0772629,572946512.3025513,142851495.16906738,2203294914.597931,1753758317.753601,11782952662.393723,701353217.0482254,342130347.30849683,111569210.69873047,229307768.92642975
2016-08-24,1939715035.1502228,686378828.8036728,1192339727.9397202,560366782.8503609,140073030.3868866,2207632761.277542,1702576830.4472733,11673081340.531158,688021821.321373,343922005.58998334,106835226.6083496,235421245.5841446
2016-08-25,1957804149.0652466,679474774.883194,1170625500.2885437,534383338.5484886,139231770.39546967,2212069967.0298386,1743726591.3986588,11714498661.655426,679959098.3163071,343197586.79544336,103546486.3583496,236305375.0815773
2016-08-26,2097763105.979271,675235530.0621414,1195462753.4085846,523140658.22841644,137326721.27563477,2195545751.450615,1753576616.8421936,12112897806.73088,700945026.7099762,345141785.2408455,104376376.14760742,242746521.44994736
2016-08-29,2087631819.8308182,651658976.1927032,1184652245.9233856,503102894.08807755,132897420.0876236,2086159011.0714722,1738989324.5019913,12091205551.16249,687853706.4710236,340727869.5233963,98535981.05727538,242293283.5572052
2016-08-30,2041185365.612049,629787596.9041061,1196551796.385727,489851185.9840584,130978339.86450195,2011649927.4781036,1732773236.556015,11783473668.333206,662528805.0635529,341345113.493721,93228420.41728516,240663799.4046402
2016-08-31,2124394970.9160233,632288405.2971268,1247198994.2516327,498962729.4937134,134774179.72633362,2075838149.0729523,1739837473.9460754,12075796705.881119,675601364.3445206,339504282.1461361,93414074.42993164,243960575.5561447
2016-09-01,2121078813.1108284,636630498.4796524,1296000600.3393936,507519630.75927734,137912222.50289917,2107553914.4018936,1784647861.7019272,12552334389.290085,694280510.3332138,354330625.266444,94392983.78417969,248148278.4015274
2016-09-02,2171874623.2323647,646442926.7685509,1264282332.5439835,511316273.72169495,134258720.8979416,2079808308.42659,1757101260.9154892,12621755788.915863,697789142.3726273,358157462.41852796,95749917.94990234,252578152.6757431
2016-09-06,2273850811.0977936,657004842.080555,1318394196.3412094,516603584.486351,134187934.03728485,2076321581.8984985,1791702474.949379,12780101224.079285,715877833.2118607,361042550.95291406,95342497.30727538,257515074.7877121
2016-09-07,2265367529.951782,637168949.874382,1327228966.677208,502733575.92962265,129813885.91014862,2107552771.5023804,1815816655.459137,13017935874.599457,715483562.5647354,366836730.5618313,91059316.20283203,255656541.95798874
2016-09-08,2289134533.299923,633548171.323967,1354778794.9996567,505974063.508091,129882108.42113495,2094791372.7359009,1845972300.8045197,13170492310.43274,759183758.9060593,381432561.25513345,90350013.48701172,248865864.85307693
2016-09-09,2347355923.7615585,641671025.027771,1371579068.5935593,552750232.6620674,129278932.6015091,2271033245.9957886,2046033088.0877304,14508156697.644653,787671401.9751358,380609314.81527597,98181114.48422852,256370689.1322136
2016-09-12,2442722372.4627686,676114387.6126099,1344020348.229103,587871891.4094162,129524783.47244263,2386174292.1181107,2155247443.6346817,15486658206.971588,792077456.5862656,378120051.60385895,104474660.41254883,268118284.47181702
2016-09-13,2591476362.1684647,709761247.3973274,1370806965.4587173,619413944.6805954,133715533.70990753,2519003040.2171707,2337274499.573517,16682217965.072708,844745258.1418991,379729485.4957371,110446168.12895508,279770950.7662964
2016-09-14,2628339886.27903,714612035.7105255,1351785985.967865,634880555.3184891,132030963.13903809,2572196604.6907806,2412467618.878937,17406396021.930237,848184258.0563736,388254037.1765499,114320308.51240234,280991784.6990013
2016-09-15,2597149204.1134453,732036057.0407295,1354639020.1243591,624116961.2724686,128698368.75293732,2619932187.3690033,2536472489.4836807,17940166251.776352,871864043.9566803,389118868.30955315,113146604.73144531,277803576.10277176
2016-09-16,2637208564.6608353,795488152.8660583,1412084254.515686,623496735.5281258,126826298.96961212,2703530788.7418747,2632946943.764496,18864079829.891663,890133553.9625931,375361898.74780655,113589322.90073243,283582832.56635666
2016-09-19,2623150772.943306,820950762.3048401,1374952457.5393677,629524213.7560272,122778796.95354462,2732692981.711197,2619017653.5243225,18894977643.33847,897357785.3194427,380642129.15931475,114623435.71689454,283697736.0914993
2016-09-20,2601193618.243046,850719963.4387589,1355408061.958313,638015741.4287567,123152846.58649445,2731614795.2682877,2638559866.503372,18960233126.060944,898918627.2919464,389492763.7640179,112082134.1090332,284032995.94135284
2016-09-21,2681942650.9195137,886592598.3361816,1384508987.102394,663813741.3809967,123872947.73212433,2782000510.466423,2747089225.1905823,19481073728.97293,917765423.9328766,385942432.09006995,113752891.11005859,284763588.71839523
2016-09-22,2683308453.72447,919984443.8247299,1395855362.4498367,677276499.5902824,122374484.76085663,2866308849.5306396,2776444945.3020096,19528394561.771774,950404675.4458618,397967517.66701585,114500758.60556641,277366447.14069366
2016-09-23,2684203768.696041,938800728.9207077,1407611449.3427658,691925955.7869148,121991796.33102417,2917507377.154999,2767365699.001541,19567306768.395233,950319344.8281479,411193105.47368276,113379211.34555665,281880374.4229698
2016-09-26,2490620006.8444443,948464113.8230705,1331631837.4926376,681832110.1514244,116585228.34011078,2881553558.158722,2727197959.222412,19257349819.013214,927668558.4256744,419110026.6731125,110391013.64179687,274886902.4202156
2016-09-27,2508820124.10635,969241803.9332199,1335888533.198166,677916497.9558372,116993610.98304749,2897795359.79084,2778347702.0363235,19325994858.84964,938569869.4907379,433838371.5012024,109500066.60722657,284214794.21670914
2016-09-28,2562919605.2492714,995317691.4715004,1316790313.4134674,665194407.8874779,108530364.1014862,2928227079.2316055,2752572043.67321,19597016947.952576,953041429.0626907,469059671.6405533,108094397.96171875,281978704.7265625
2016-09-29,2529572871.8468475,987404219.8018074,1280612243.6130524,656280921.7813683,104624456.35059357,2914174341.4622116,2814688760.8260345,19984472216.715088,957901481.8756866,487629895.6265106,109539895.28242187,280799749.14951324
2016-09-30,2558999209.901037,1011192477.1466637,1270325303.63163,649369818.1281853,104625036.19190216,2963772003.062401,2842449664.1651535,20163723303.05481,970657328.996582,481764220.3770935,108466885.16845703,288303491.7900467
2016-10-03,2543855798.854637,1008123734.6335411,1255365874.166336,642153603.6471748,111575420.666008,2939269778.3181763,2850163056.128273,20197619740.149307,965958476.7438507,483637067.1931137,105495785.26044922,305129657.43795395
2016-10-04,2520025785.0432777,1038335241.2320709,1305509633.3798218,638022357.8212166,123323814.08641815,3005904496.2342453,2865897949.4498444,20770935528.779984,982601787.7695084,498513545.000803,106387680.7991211,314459929.5773697
2016-10-05,2524474735.795107,1030965309.856453,1337569909.1888428,641211356.8012428,126169582.53887177,3040591137.8731537,2849820641.799431,20728955556.46408,999495146.4581299,506205443.2935711,105561950.3305664,328322569.3880844
2016-10-06,2481614293.7638474,1021767531.1776924,1377392510.403595,644055576.4053917,127401463.02871704,3054507597.228737,2806313373.976631,20620555636.67343,964646844.5444489,500966187.477512,103198859.90258789,337744178.7286186
2016-10-07,2416433023.1918144,1006841521.156826,1405476023.590889,608259413.6812019,126947689.98477936,2920518944.5547104,2646117887.681656,19434196526.099167,946699755.9590149,516529999.44936717,92909812.42368165,332564195.82279205
2016-10-10,2324455525.2204323,964779007.0220566,1362086012.8073502,573842099.3459129,125242564.42432404,2857455313.0252457,2540719246.344757,18365021638.656006,930732595.2828598,532724110.95997316,83543221.88984375,319686452.00429916
2016-10-11,2210862987.8114796,950999624.0214157,1342593854.4828415,541202520.5854225,125000139.00093079,2776970471.3700485,2446685939.444847,17895684582.925262,900017815.0155258,548367449.2453334,78779395.5524414,310994709.23505783
2016-10-12,2152336351.0539722,943919982.2610283,1334899625.7761383,525545488.84672165,124873275.05954742,2723475258.606987,2372516030.4245377,17353250637.21054,902487277.9826736,547627992.0764157,73971589.21376953,307086238.87405396
2016-10-13,2123219104.6069336,927999645.7906723,1297841378.081131,527569444.1724205,125719100.57170868,2705351216.6495132,2285971753.166542,17044871967.888641,888341528.1995392,563669463.271272,72257917.90722656,304928413.3943558
2016-10-14,2067756909.704647,866877859.3383408,1218318346.700592,523674867.72304535,131283893.32870483,2664460323.0374146,2251351996.946373,16478600469.427643,907030574.8796082,574580185.354953,71047861.50268555,295907682.3508835
2016-10-17,2041020229.1785336,841898720.5403137,1215832446.8491745,518667030.761776,135684310.836792,2632137992.8211975,2240234471.1260986,16275287142.311096,924136207.9494476,572215599.9248451,68702551.37236328,294906122.83096313
2016-10-18,2044800773.2459831,818177689.4309616,1209879175.4063797,518302789.42113876,137025639.47357178,2643722359.6118927,2247566528.014946,16342057791.456833,929280082.7511597,571681643.0770992,67878524.16166992,290770425.93322754
2016-10-19,1930991887.2099495,781825233.6476135,1159493210.3805923,499059917.08402634,137697154.19784546,2574739816.4367676,2148763236.6726685,15933354562.259445,909235075.6527328,576854614.7826496,65692112.763720706,278658022.3167038
2016-10-20,1901413526.6721535,743261028.1050873,1101837129.8184204,501309686.69591904,137521514.97692108,2483292579.518852,2122625717.80365,15894700776.877518,875478476.5553284,574540065.486261,63605473.02915039,277222892.30775833
2016-10-21,1866399334.6490765,727763792.3895454,1093202373.794899,489204553.664341,135809087.75932312,2452462269.288826,2086486705.5049133,16029956039.429092,891415519.7252274,571085099.5542259,63175599.75751953,272092884.3949127
2016-10-24,1838708354.9026012,703239833.6209488,1088980623.7842941,491077333.66729736,136375531.22581482,2426405017.8917313,2103516804.9443817,15759436125.84488,879011920.7030869,577888702.1787713,61651358.20683594,272942016.56230927
2016-10-25,1795691368.3310413,686520439.0671921,1086895342.454834,487163062.96684265,132544110.20904541,2421741002.8899765,2104746419.5061493,15645154771.435013,855278924.7400665,575906762.5723617,60560108.8765625,262615611.31092072
2016-10-26,1746265108.0585766,664800288.1062508,1067837180.5711746,494149775.4367256,134889721.22756958,2446874900.9239197,2135916878.3363724,15527206485.734787,842854365.4863358,557837331.7691787,60800215.14169922,266017375.01916885
2016-10-27,1704875305.0603962,648346055.3348541,1047121159.747963,509523401.8811798,145954481.69044495,2456584019.0851593,2091228727.5522614,15054923144.141312,848965049.2041016,537286911.0461918,57081605.63925781,268450557.12387085
2016-10-28,1679387775.840025,617418203.7641907,1047494700.6555557,528853983.9361572,143806500.26115417,2467266076.1756516,2143112821.3044739,15249135571.189957,825094300.2702332,529396073.2761234,58055875.95317383,261844124.8687935
2016-10-31,1651768433.0403423,619585445.5033112,1037906014.8361969,555477629.1089249,149345547.23342896,2471454828.8822556,2139155204.2697144,15035244629.977036,820794901.0407639,532325806.2890736,57754434.14868164,245522472.53671646
2016-11-01,1642312892.14427,598349070.0740242,972620496.5951157,593850289.8770523,140664882.48886108,2506240537.210083,2149178362.8860855,15041996415.790024,821847036.3705444,518101303.11658823,60460234.389111325,244657570.84522247
2016-11-02,1668531010.7334423,603124584.3576622,980748307.9145432,619300485.939312,140493365.65433502,2525547669.888077,2213961400.942459,15297602069.673996,819657479.1043472,517153569.3453331,63047489.59306641,242967328.348732
2016-11-03,1697717337.8111744,605272408.0351639,936275323.5737991,627106503.4536362,136564468.32500458,2537389916.271515,2340529945.570755,15511214604.63974,810046920.1655197,512309381.7089386,66257597.810107425,243253412.1635437
2016-11-04,1693324316.3250446,605580125.2688599,882518434.8242188,626901626.1737823,137001632.9071045,2561679319.8765564,2373306084.700203,15658866423.9254,797638634.931984,509376265.4358978,69559198.5175293,238290470.3640747
2016-11-07,1735063083.8914871,634051435.6497383,916562532.0616913,653244879.2713165,143811242.57907867,2613346019.072304,2408235077.7012253,16180832361.823044,793625929.6133804,496342013.9068779,71896742.72197266,246318494.77048874
2016-11-08,1742357923.6959553,631562541.4280701,937968209.296875,682795543.6822128,140442091.94095612,2578742034.7286606,2369377944.8051453,15968372876.49681,782349198.181572,475576811.2984451,68882575.69453125,245364153.75961304
2016-11-09,1951637187.6721382,660679780.594368,1019781086.3886261,725919363.0108261,163395681.48521423,2889367904.90963,2677511630.497055,17686296018.672638,892075811.3548279,469771390.775729,73227255.98359375,262583387.93849945
2016-11-10,2143895080.8270931,712522860.161705,1109992359.9271393,782387775.316124,181498003.51989746,3208197869.8812485,2946904117.590027,18360263128.685837,963394737.3067474,451596432.0652134,76689406.67265625,288019888.17811966
2016-11-11,2316253439.5451355,710254013.2769775,1190074470.771408,806003410.2556229,182866460.45604706,3616037530.6938553,3052823248.8427734,18440210437.501144,952973907.2719955,444688809.8838455,77310089.85146484,292526328.9051628
2016-11-14,2409018340.9133053,726821188.7813187,1281828049.4311142,838881654.3962479,192264998.40564728,3999788869.9079514,3167843721.751747,18787300732.134018,997409101.2279892,446348708.33326375,77934825.7993164,302026342.21136093
2016-11-15,2459853780.7367134,731143939.1177177,1306951939.065361,862738136.096344,191632737.61169434,4119056996.6537857,3234423732.9686737,18940464400.46463,1016817864.8760223,456355551.6396767,79717878.64868164,315682919.24575806
2016-11-16,2476488752.877102,750785423.5453224,1302529633.9108276,867442587.8338432,197824406.648674,4262286490.7403183,3249325034.469223,18942279213.07167,1024587620.1810074,449360813.02657396,79410082.28522949,335349740.6133652
2016-11-17,2505788630.6744385,768215600.349884,1323382305.3078842,865194091.8887901,204093864.0636444,4397922107.37339,3262952545.3910065,18922366327.577286,1045585008.100357,443966407.4437168,78896843.27304688,335811197.7989197
2016-11-18,2527396713.4350586,776622297.733593,1342990189.0406036,888590446.7523003,218844934.03144836,4524723403.880577,3266298687.0462418,18913197236.838837,1061323127.0533752,435532385.89566535,78806021.4046875,336553323.3679199
2016-11-21,2548199157.457409,788115007.478714,1348404741.3188934,899428157.1081352,220633768.7871933,4629592615.492363,3271616820.5158234,19042236696.913605,1058429750.4704285,429437215.5606922,79123424.59804687,334660033.26969147
2016-11-22,2586851000.7052803,799006659.4727135,1348032776.6866684,924322003.2291985,224767354.03762817,4774644264.2419815,3263047758.854141,19068867479.043503,1078509127.3919678,426794567.0757076,79060915.23513183,337179035.4006767
2016-11-23,2571954474.456749,801958575.1133919,1443254234.7078705,915813880.4749489,239170984.57653046,4866629068.190765,3276724583.274231,18911118982.411728,1111432947.5450134,408829007.9684216,77629620.16999511,343416610.6200218
2016-11-25,2541986887.504139,798503517.6655197,1447119356.3578796,870935011.5187073,227076317.5997162,4791357215.668564,3211251665.173111,18565609495.744247,1075940940.4648972,410357406.5319359,75413928.3303955,332362919.673481
2016-11-28,2511242611.206484,794035927.3287582,1408539630.0551605,863510268.5467911,231779428.411026,4796422774.870453,3092255566.401596,18008905477.209244,1078199711.8485641,424779214.0677288,71981607.30375977,330324027.0290756
2016-11-29,2473095145.809431,783714777.6317978,1403586495.263977,832656701.5696716,219791356.1831665,4853727347.7163315,3092873062.403488,18112290006.189957,1081961976.4868927,434603913.4203499,70599208.98261718,326791730.7665825
2016-11-30,2463708068.260107,792410555.8758736,1382499967.3174667,804744985.3165627,225129632.68119812,4866078968.989525,3132358941.843071,18072012369.20601,1115856845.1385117,476737152.0982307,66572712.44008789,325156257.8407097
2016-12-01,2457411691.0659504,802871205.9023285,1342581300.4649734,801501624.4809914,233240594.90146637,4944110502.311745,3202054142.1385956,17887190747.399445,1170756906.3782501,502712872.0139736,65357597.53720703,321277115.76669693
2016-12-02,2441981626.833315,809259473.4662628,1321436997.698555,793225376.1822891,237203881.40247345,4967827138.583641,3186835917.573929,17796107161.42105,1197459269.1949463,504923651.38631326,63476763.03989258,312164381.49238586
2016-12-05,2404386319.8604774,814538784.0291214,1324800802.0272064,790490867.1936417,239295728.75629425,4949671146.999092,3160140784.989128,17463708759.450226,1214361315.5799103,502738875.75223196,60308933.56118164,309767953.2055664
2016-12-06,2345924087.335348,810134457.6744652,1294465198.3975601,794936114.6112823,231952356.98036194,4945516544.566383,3164638305.1717377,17030172728.146515,1240046568.7408066,502410566.22426605,58450152.0829834,304906107.38571167
2016-12-07,2309382518.764572,828976133.4331703,1264212604.6356583,796808917.5424194,231998242.3159027,4999076800.515022,3198209100.5922318,17116246899.972534,1250246067.7556992,511141222.3899803,60056415.17263184,310043430.5168724
2016-12-08,2115808443.625536,821735830.5267525,1186718317.0705795,761233474.0324974,210186221.2141037,4878940905.910606,2914749297.9405594,15683614669.91806,1156850545.999298,508990428.96868974,56841747.54035644,295455008.10346603
2016-12-09,1911150133.987732,787500334.1137886,1111391171.8722534,694141002.1570778,200484341.35944366,4629354299.03244,2642671264.6595383,14938766849.406357,1115250601.8855286,510716063.54359895,52737563.01066895,272447965.89920044
2016-12-12,1717287036.4885044,784511487.9718971,1026170009.0333176,674982738.3852959,196298086.15543365,4300114555.103722,2549394447.528801,14995249953.426285,1111251178.0276108,517889611.7629322,50918503.56970215,269215393.8817978
2016-12-13,1640091168.9226627,789544481.58144,949793411.4858627,649940795.4682732,188677685.16895294,4022775833.841133,2663826436.057892,15195464327.087326,1068429083.0237961,515265856.23387754,50069676.18063965,262205972.05255508
2016-12-14,1648466491.5093899,814446394.9657631,965426194.1861343,644801365.8217049,199118044.4113922,4075520808.3135223,2652608041.4780426,15716940748.564835,1086946772.195053,506356678.7713806,50195325.885571286,254831826.67287827
2016-12-15,1655044341.623907,822468212.92202,1010827990.1152039,643410658.5149956,195620098.1003189,4082054622.2364044,2690359633.317375,16318315496.032562,1099629620.5812454,506020084.164307,49959290.56435547,237795005.61727524
2016-12-16,1648779236.7798805,836140450.8855057,1008036370.1299286,653664572.134304,192537230.22724152,4073209866.4458466,2724371610.0616837,17179713527.65274,1114531678.7571335,505786327.09107625,50533517.17668457,246497107.89434433
2016-12-19,1640680349.349823,838730559.9474716,976891954.5554733,623859203.402462,182308493.39797974,4035515830.4037476,2753307601.201439,17250156296.599503,1101162536.5773392,502517297.0508114,50721225.97668457,247089223.5298729
2016-12-20,1632289125.6414413,838306896.2794113,977894400.9313965,623043200.0237846,180574900.6129837,4041308411.0743713,2705747038.7158203,17443636677.158737,1102833211.3309479,490557618.98759574,50376460.599682614,252518132.69548416
2016-12-21,1617610964.7717285,839104947.2051048,968948458.6929321,625656213.1060219,180984720.49510956,3948960501.9807816,2640916668.34095,17467124001.739883,1077668834.7881699,480200141.76198614,50009459.292871095,255013342.12413788
2016-12-22,1623891532.6590347,845226836.6250229,876727109.1378784,620502880.9095383,169368312.33531952,3933492214.955864,2607726649.568825,17477793742.910843,1038736311.8579483,476738463.0972065,50285558.49287109,248198075.9437561
2016-12-23,1628088027.1530437,860806480.4082108,873675356.4012146,626409312.2921371,168835859.27036285,3957394578.9110184,2618716726.234131,17475328587.72377,1044496311.8796921,467509264.9290859,50777007.91474609,255614257.4497795
2016-12-27,1591976308.651123,861068330.2715683,861501023.0883789,598241823.0968475,163150572.49744415,3849497516.101227,2635301416.6761017,17168398515.244522,1028616806.7874527,445434299.33403856,50016919.76166992,255257277.1846962
2016-12-28,1587637426.6000843,872161395.1091766,847083914.9922943,592891552.7493286,161482567.1062088,3822164461.4450455,2633175323.463211,17126835065.903244,1024065008.2797623,422195991.52992135,51400687.80737305,255994983.58955383
2016-12-29,1533117156.722784,857181821.1406136,827748810.6385422,563739477.7737236,152910031.71016693,3761160184.5977783,2540578604.7114563,16528500569.523392,966275146.0952759,371380405.7705868,51350442.498095706,249413219.020195
2016-12-30,1505135503.7970543,864254300.2459908,819289374.2907333,536735226.139698,148631914.2136383,3700593497.1144867,2557685394.8132324,16834693412.873535,916320763.4569931,328603806.0594044,51000587.63486328,251390696.75811768
2017-01-03,1515105945.5706406,891363231.162281,819282653.376503,549567356.1431503,155204631.5700531,3740644299.7060394,2504863408.2414246,17017036428.722382,919825696.6093063,327418567.9647945,50337367.237939455,268233062.67751694
2017-01-04,1559808675.1511288,906120616.6420555,789648161.0597992,555803657.7093124,152009925.3313446,3789523993.345337,2499396802.9250336,17143523950.997467,895473992.9937363,312140461.21077996,48957708.781591795,277965465.6691742
2017-01-05,1579074017.6518536,914040608.3794022,812893829.5048904,541682650.2530289,161990153.7523651,3807106475.9983826,2467245243.0155945,17339351104.954224,904864194.5630264,307522691.0049988,49387087.92878418,291842464.8705292
2017-01-06,1537637156.8593884,906967951.8672562,828431498.1061172,505305162.65110016,163507977.9511261,3757034978.2244873,2457564550.4626846,16974781575.344543,895828307.2768402,292954473.9149262,48379093.89477539,287090419.1543579
2017-01-09,1499120313.5942554,886931205.1768494,827052199.4778061,494750689.34000015,163188028.5988617,3601703392.128372,2463044641.5901566,16471467650.77713,882374462.1818542,286222476.65315974,46301988.36789551,284907875.65912247
2017-01-10,1480115163.846941,877416032.3210907,803523105.6410217,508957254.9897957,155261360.90488434,3522851272.798729,2433880041.8088913,16240004528.73703,855944661.9608307,280618165.3790699,46285584.55510254,283548392.59103775
2017-01-11,1558632664.259615,911178232.6929092,825697453.5349655,518379367.5681305,156579519.80117798,3479535635.4878235,2423754605.362053,15981962592.708435,857229663.4873581,268148154.57393456,47563515.331567384,286107656.90618515
2017-01-12,1544361351.8472672,918639303.3938789,829898072.4483871,523380848.7066841,154769972.88928986,3533457722.778015,2229792432.522049,15608256571.672821,848818129.0917587,264401109.58361435,48114793.7142334,288084570.96824646
2017-01-13,1462115084.75914,908104947.0337296,800986682.2818756,506196506.318264,146149245.301857,3427073438.685913,2165984044.8604584,14843561921.90094,820345683.8640976,250335271.2853508,46601713.510327145,285062860.8184242
2017-01-17,1421548490.9219742,903651297.1014595,776511643.72612,499894929.6380997,144902723.6221695,3346353471.3074493,2121543445.2780533,14226831203.151245,801639324.9310684,239262617.7366764,46376234.506665036,286183344.2046547
2017-01-18,1369888677.229681,883398236.5958405,756551853.3506393,492694156.6573143,152728660.30658722,3237315221.232071,2046221872.9236603,13246121604.300308,776921497.1958542,236105362.8698761,45848043.70651855,277332377.1175575
2017-01-19,1384533534.973383,884275879.5048332,764501934.2978287,505520972.7321434,153405807.48241425,3237854656.496315,2000464609.4436264,13016749796.14975,782048214.7328949,233837534.8139305,45988799.70651855,276014750.6684303
2017-01-20,1417164749.828825,901446884.9387932,795579146.1336517,501116001.41355515,154862817.804451,3218955254.870529,2063373437.2004318,13402041519.710236,828185367.0386505,237932630.9835697,47147486.55534668,270735888.55802536
2017-01-23,1421426863.7650204,959381967.0779991,804496144.5212555,491335896.01465225,154338236.43230438,3200326886.372032,2124252891.593399,13472801577.729797,868058719.948349,233028715.82005197,48065116.95534668,265957610.99988937
2017-01-24,1422632647.376814,964897795.491085,811327735.6529999,488864178.91427994,152201080.884552,3198707566.738167,2133224812.3999405,13863671379.442596,883345572.5344086,231290987.29725534,48495408.15534668,267301080.1192665
2017-01-25,1443142225.7800102,994538502.0067406,822562308.174324,501490375.64374924,156340798.52249146,3273006821.585579,2170908761.2711334,14341672367.732925,913681238.4286118,235957906.4633217,48843020.35480957,264684697.37174988
2017-01-26,1472686475.7295132,1012748253.2999992,833083816.6999817,505910454.03894424,160834490.7678604,3325723227.5027084,2174147181.179962,14518106101.65863,925611999.8899078,240078076.75950623,49045876.11123047,265720504.56041336
2017-01-27,1471492604.2706394,999962487.9760933,843429015.9282684,508619544.81817245,164703194.80503082,3307044839.898491,2161893790.5023193,14487497561.21811,924189644.1384125,240994034.6600334,48028459.90341797,263173585.25604248
2017-01-30,1454628665.3739834,1007341598.1370735,845526817.8012466,518880318.4805107,167147806.01501465,3420254119.313965,2233813865.5046844,14798344929.854584,915124154.0127182,240822473.68132782,50010014.47434082,260169940.66810608
2017-01-31,1470583080.092516,1019761799.3109322,857107033.5206985,531562332.6180458,162845609.25060272,3448036507.86499,2113332342.5395584,14492665418.492584,927839443.0681992,242983553.0463646,49713957.158129886,272715992.2879791
2017-02-01,1460216913.1502247,1018902955.5868149,855462942.1033859,527746928.15509796,157919543.96137238,3448856101.8844223,2122757831.7252731,14381979447.887192,917470897.6703262,233841957.55275574,49726119.41096191,258679838.75087738
2017-02-02,1380619319.9695683,995508007.7504158,869921098.3372879,525146414.09973145,157501447.00912476,3357101710.227127,2100186720.9020615,14296896912.459335,918540038.2487106,234752351.4478096,50077649.62810059,253050721.9664955
2017-02-03,1344821224.8532963,977919909.926281,870747779.7092438,531224156.7687988,150553809.06352997,3323043961.450119,2083106250.846939,14328387702.610245,903531481.0694504,234337331.5714794,49397554.76105957,240042383.68700027
2017-02-06,1342727250.7442951,965317583.7486267,878105497.654953,531789948.8584709,150151905.01548767,3324741662.1663284,2014053452.1227646,14197954512.212906,903545360.4085541,239301172.8779846,48016267.48796387,237206167.3530388
2017-02-07,1341443281.117239,961551830.1857376,896768771.6798401,543864455.7515144,151284635.2216339,3362840736.725197,2009460912.3576355,14311318036.20781,901274755.8518219,248847789.33019027,47496059.972924806,236222597.86628723
2017-02-08,1331022786.8552876,963047588.0228806,919223939.1909027,542271420.4880142,159094115.1066208,3429379680.934181,1991012294.4675827,14198473631.458054,935770068.9366913,251077209.86104506,47304723.972924806,234404474.03211594
2017-02-09,1252576071.0252857,925400075.5942917,910890506.4652252,530209414.7216034,157804727.28675842,3435174497.1126175,1976201774.0316772,14123391405.380173,970038621.2612915,244428038.95376474,45386375.726831056,229678992.65428543
2017-02-10,1255672398.5380554,899166608.5451508,916065900.074501,511737079.70746994,158219772.2585678,3350933619.5602036,1946371147.5252914,14078074383.742447,960461403.3474731,243961776.80590898,43927606.240795895,224964933.6427498
2017-02-13,1256125385.9544182,881142039.2609024,917551721.7791748,508248682.5125313,154886654.4677353,3325566828.3512115,1963451846.2686539,14017992873.749084,968125267.5958252,246547663.81366044,43001648.08874512,226019471.86964035
2017-02-14,1285246022.521925,863165986.9072342,905097753.2823944,508881886.0407448,157592776.22074127,3324526272.984543,1978189866.2031174,14136938668.525085,991802044.1699219,247389356.22452545,42270558.300805666,221855779.22168732
2017-02-15,1308204297.929039,865891035.675354,909402542.9584122,503517757.1034241,153788284.070549,3322583919.873581,2014556833.7190247,14479824825.262375,988521552.4681854,241481775.3209095,43004127.934985355,222887923.603096
2017-02-16,1297442891.2526321,859648464.6942711,910123664.9228287,499100211.94301605,156418723.28586578,3272151590.1324844,2032772468.631668,14688159348.064499,980182091.8482971,240546517.47178,44607165.709301755,222798756.58878326
2017-02-17,1295303264.4970703,837846080.1361465,882766764.8138428,491334880.4670334,160376221.00269318,3262267197.117157,1999821888.6672592,14208587878.128204,938815506.4967346,233258794.32411003,44023324.90930176,220954851.69870377
2017-02-21,1285296412.2563171,767686848.3536148,882177325.8221054,483495704.83573914,165063522.6397705,3273116585.2692795,2012026264.494133,14383389978.032684,918121581.4638519,239519243.83555603,43626030.25856934,228342673.75314713
2017-02-22,1278335833.6284542,765987295.1779556,884466166.7045212,493062554.08203125,171295360.07263184,3158264886.665001,1983401702.8482437,14078891567.0195,916852632.0339584,241306553.60544395,43225312.21491699,226281377.2849083
2017-02-23,1287146383.00148,732585089.3492126,890924322.8250885,491180968.7043381,171503016.51546478,3132333337.5149918,2001592026.0754013,14003876626.93428,891025234.5349884,241611547.94784737,44165821.75852051,226393716.51082993
2017-02-24,1290968359.2144966,722292830.0132751,919104784.2525864,493965437.6485443,173624266.98417664,3148197866.3521194,2020850032.8066254,14251458277.297363,908337713.3908463,235683895.79297256,45103721.59091797,225453386.9807434
2017-02-27,1328168251.4538765,724742555.4368973,936221590.5410767,488349326.90071106,178000159.90211487,3206220353.8174057,2005486675.5736542,14239760110.640106,926713735.0465012,230286469.07479972,45005193.87866211,226798665.21230698
2017-02-28,1385964855.7393646,728254141.8666077,944443442.9367828,483895326.1589813,180515128.30623627,3210884548.9216995,1960301648.4576797,14445765553.939667,935983668.6808777,230686655.27318114,42992323.810913086,234833271.99394226
2017-03-01,1431205264.0906525,707287987.1157074,935900571.8370056,480106959.6381569,184040305.5804062,3235690073.553276,2007907391.2174225,15242340376.576385,924077666.0798264,228136560.56788865,42469991.757836916,221709171.24786377
2017-03-02,1446554317.143364,684578816.2502289,960555527.600708,471666751.28896713,183900551.80400848,3215384861.4536285,1995788837.4682617,15187602352.29004,911476028.3955765,228719855.01556778,41947865.221875,217835678.95332336
2017-03-03,1490960244.9315739,695130134.0725708,981580853.9563751,483207922.8222275,188459352.1574402,3286859322.20562,1991352865.122757,15345987251.443405,923234781.9233322,225491456.16192245,41499773.20932617,216461107.3673439
2017-03-06,1485626805.7948208,688593881.1151123,955177600.8029556,495190444.73939896,187151955.73200226,3283837221.1572266,1965129233.746109,15117380961.341324,896864188.6904526,222234199.79314232,41220753.59711914,213920701.37285233
2017-03-07,1506891659.4577885,689296109.5027924,944507029.3893814,521830077.01231,187507578.66718292,3321424401.6695786,1991381524.4889832,15212095426.955948,890366540.6258392,214504720.60759965,41175762.10422363,218824104.7886467
2017-03-08,1551900315.9725475,688338210.1771164,937718933.5537338,551438239.5580673,190988739.106102,3345087637.4087143,1984217543.5331345,15437239463.83461,902718100.2563477,228275006.36969224,41433080.9196289,223196949.99656677
2017-03-09,1591881634.344368,681137226.2157059,917483141.619072,577948103.0134201,187148329.0975952,3359243454.8783493,2037637050.0131607,15853109829.165802,876470128.5526276,238224074.01517946,41226964.7918457,229306398.5189438
2017-03-10,1602749569.3915749,692471248.2408714,915011564.3287277,612904800.0702858,186252392.554245,3425993775.548973,2068279488.7458038,16037369895.769958,839781773.5871124,249087394.8227436,41207375.03391113,238687623.7966919
2017-03-13,1608900731.9825268,708106791.005764,894984670.2005768,633949520.1041794,184896315.27008057,3387708525.3762436,2051381955.1585007,15965587540.727692,834146110.725708,254894404.27426642,40733570.49138184,243115883.25408936
2017-03-14,1644039736.6460419,715822960.0228691,882284124.6063995,647680824.4997406,184097050.9879303,3425872084.695816,2022828844.4053268,16023329394.72908,825291801.0421753,265543541.25871277,41165187.84343262,244381467.0834732
2017-03-15,1755960395.4613113,736568120.5134392,920389573.0506897,676603885.6851959,189937303.53004456,3449622394.131012,2065074390.3022766,16296342329.821396,831216844.6149826,272687434.14769745,41048792.87770996,257036266.9220543
2017-03-16,1899733481.514063,758301459.0403938,933170799.6969604,690368772.603054,189944541.8648529,3479063465.6246185,2070861894.224434,16222960919.632492,828852520.2558517,273163881.69940567,39497301.73737793,259084214.4268036
2017-03-17,1941926472.373495,773859249.1459084,922904162.3127747,693141579.1480637,184585041.17225647,3531825757.4172974,2110771540.5325317,16279018170.109634,816098877.507515,274543660.6522598,36744562.6173584,262615559.3555069
2017-03-20,1970441344.7712994,771362152.5677681,903229957.3280716,708879566.1292648,180889223.8710022,3483733412.184143,2078609216.0322952,16035455126.960602,804893781.0635757,273748517.13031197,35042441.060913086,262842837.663517
2017-03-21,2018368400.2403164,799251809.8589325,923631277.3160553,725488540.2984238,174894973.00457,3718908728.602028,2184238836.6181564,16462029986.901398,822669508.3723831,271785347.5508919,36555670.586157225,266041879.3146515
2017-03-22,2069661797.521,793846407.653122,931219141.3741302,733234189.125557,172471108.37810516,3902351852.862358,2289355524.81678,16818610146.172333,839314926.3565826,272617841.34051704,36729617.5161377,269000409.7340393
2017-03-23,2082599694.8411655,824653090.7772446,923272301.638031,739432846.5397644,175611420.70339203,3976845956.9620895,2307163154.285469,17075196248.56514,845860761.4651489,270827417.4624664,35913406.570581056,280643914.102993
2017-03-24,2124295570.7355213,846915773.9380646,905450901.1447144,740572555.3780365,174982063.74767303,4026667407.9250717,2334394277.178955,17373237162.677155,819883249.7122192,272469869.4718189,36245938.46130371,282360424.2074013
2017-03-27,2126039110.8570576,886007206.7034531,901194882.7525711,745899924.7164345,172124130.41820526,4064529862.3991776,2374540725.440979,17679795040.949173,800651182.5589371,277824081.64654124,36957856.919360355,285360967.0497513
2017-03-28,2099453955.0035381,894238629.125824,891499487.513237,775039606.1257362,167346438.5729599,3981169414.140396,2420096848.6397552,17643874044.3248,792962798.6115646,277188798.92800295,36451906.66340332,280338756.15608215
2017-03-29,2011905999.7369099,892869526.6840363,869131311.722374,779179354.512043,165778974.6806717,3892709785.370064,2346161237.0448303,16734922857.707977,773123130.6880188,280885180.61756897,35062719.26066895,270787822.5036621
2017-03-30,1967752853.7386227,893044119.8970413,845383016.5373611,798350286.6214943,163586101.0766983,3890567502.841606,2323969549.3881226,16594011290.964432,768186542.469635,283846185.498703,34076119.413964845,274976481.53484344
2017-03-31,2034433557.2730827,921497899.0443802,833295576.8181992,789472531.6013336,160251121.76704407,3879976196.086769,2363099810.9227753,16504155369.757385,748439433.740387,286040013.859766,33229432.927490234,283431246.09069824
2017-04-03,2083777000.954609,973327707.4340057,841231234.804306,799109544.1430855,172162097.83016205,3969162735.1696396,2436746422.024765,16807806487.90123,788784925.3139877,286084413.48863447,33204098.560668945,295595035.35526276
2017-04-04,2087285908.2875824,975474855.901413,829632746.4658737,776555391.8719864,171084359.00527954,3943827236.6260147,2425314205.9275055,16718458047.553177,789077026.8090439,292985253.5810356,32642539.662231445,297619114.4986534
2017-04-05,2064812338.2845306,1002074348.0488586,834271696.8093491,747032380.6003952,171962221.92718506,4006978441.4325333,2527148535.4654694,17026914439.008255,777773863.8319778,273381245.5724983,32134404.982495118,297678343.3693695
2017-04-06,2023793437.4675083,1013041213.6838341,825189936.8387604,710436354.6513939,168656950.09456635,4042890619.1153336,2516033578.660698,16805972856.76117,760639339.6141434,259898412.65595818,31520941.11027832,295732354.5593643
2017-04-07,2018567034.1150951,1006290046.7175102,853479444.0893936,670719493.0771255,168125643.7028122,3950948052.499962,2484779469.8791504,16723702157.689972,766834529.2808914,247982787.87580872,31562012.08779297,291316865.40779114
2017-04-10,2006100519.7823715,987062315.8084297,847779750.7980347,656563655.6508064,169991126.66755676,3959866476.850662,2515458237.7165604,16825559258.330612,760352852.6590347,239214411.53279915,31767516.302978516,285698599.5336914
2017-04-11,1991100279.4528294,994071534.032402,893000571.1403656,644345016.5279961,175874557.65701294,3977645382.704773,2637840509.2217636,17109751387.331772,769200453.0226517,230670685.53886643,32261357.3722168,284317027.5987625
2017-04-12,1880985112.9990387,999402345.3670883,872366490.7954025,615374545.8073616,170051497.7204132,3941191675.572815,2595306634.4480515,16949718436.476212,757396207.6937485,227292385.20135155,32207060.375317384,274286217.6474762
2017-04-13,1735979329.1099072,981303951.3262558,878600273.4759903,601318400.8973312,166551056.256485,3966103641.96373,2626181244.1477966,17079155203.047562,760987515.0574875,225340457.38576165,32612943.92434082,269740216.80395126
2017-04-17,1674448298.1327534,969154432.399559,902973259.7715378,593984268.936882,166328664.40639496,3871317034.979248,2577087427.213211,16860752402.864456,765842537.7090073,224317454.8496193,32736932.21520996,268764363.6981392
2017-04-18,1641073522.4953938,986787979.4618988,946429705.7778931,585871294.0404129,167832718.0060196,3902417438.141327,2593720070.4182816,17164544271.031723,795993496.6948318,225253676.40683594,34290700.06555176,269298267.015934
2017-04-19,1618601400.7606602,963179373.5400772,941289852.0120239,564484713.9225006,169419765.1228714,3743720367.3734283,2484810772.9906845,16525788264.215317,773203465.4955673,239459950.94561043,32479957.27019043,260310695.0137329
2017-04-20,1580071265.6885624,977197180.201683,969870719.1052628,548264373.79776,167246546.17248535,3663580425.368347,2442539314.2913055,16479404522.372513,756914410.1229477,243575720.42603263,32852420.80275879,256471806.00215912
2017-04-21,1545752950.351286,962263083.081398,1028527214.917717,550634486.1051941,168311747.95871735,3617110148.379135,2457995483.918953,16583077718.75534,772280979.4527817,254216903.87118188,32871743.804711916,244413029.56689835
2017-04-24,1537251016.889906,981357762.6243973,1054781320.1630783,551014216.166687,172821092.3404312,3625719217.8125,2458667873.7134933,16667952006.439133,783417913.8964462,260353504.54823416,32445615.600366212,251199755.11499405
2017-04-25,1535158673.403902,970477154.2120743,1066062041.2830734,564145237.3158836,170197013.0492401,3616711616.222458,2468186600.9879684,16575634224.664307,789299926.3697052,261330045.25641784,31184695.51730957,248368079.16389465
2017-04-26,1543233040.1048374,965035486.9812393,1082689323.1705856,538883741.5753746,170080912.73857117,3715745658.111229,2482502110.8996964,16497551978.404312,784852195.329361,266043919.05487213,30860485.00637207,248583939.0912056
2017-04-27,1552253100.9462833,953367147.5595474,1103151047.4686813,524814271.9469261,170700959.57839966,3725951397.166977,2500242742.1004868,16458903474.529419,778930776.370697,271447837.9742241,31077578.809106447,253720603.87399673
2017-04-28,1590779797.5670528,976576535.6868744,1117467749.1147232,501343608.53780746,187946403.92868042,3760979242.2586823,2545606573.6071014,16533254927.696,784826337.1185303,264505661.62784576,31141314.682995606,257840290.98379135
2017-05-01,1506205712.250967,957758594.0608978,1122725104.240303,497722966.245327,189490758.2024765,3711088773.9601135,2582183957.7584076,16471918876.014786,802035168.9923859,262347606.0669033,31438341.128723145,254635357.8755188
2017-05-02,1500786982.0429134,937801143.0365753,1115608376.3300323,471591895.4701042,178491011.5343094,3587307442.917137,2553302038.692932,16193761817.256546,772779192.8905106,275384227.999128,30806650.695544433,247363691.73610687
2017-05-03,1525255597.12039,929485849.81884,1151348315.100937,468955074.4680977,180839358.51455688,3598743028.752327,2623276298.8372803,16373023391.363144,782233934.5050049,280468048.3101784,31027546.56652832,249637738.8509941
2017-05-04,1585753909.5839024,916565946.7952156,1175316421.10569,494554631.30290985,175242305.34111023,3488371926.4751434,2518933309.525833,15902972714.502869,787630791.3635254,298213633.3938354,31122867.73737793,258763910.2792549
2017-05-05,1614647722.602129,922012523.2269287,1189403078.8962555,515410757.87914276,173050674.06578064,3388078833.6673355,2527025597.6696014,15841753376.718826,783549365.6674957,303496738.8586628,31139847.73737793,260744177.54692078
2017-05-08,1608787423.4042835,933704554.0776253,1147376619.161644,522913573.4860611,188834425.54023743,3344226009.855156,2509204932.988472,15586360628.393784,773334058.5606384,307733007.7225086,30536389.84958496,258932253.10523987
2017-05-09,1670774424.5343113,976271213.8714981,1159223803.5610962,530612078.1747818,187578657.7342987,3354240800.52124,2597105298.797989,15430063962.773285,774285503.2479095,305162115.00225526,30660712.9760376,267889497.90563583
2017-05-10,1676918323.9106655,978038155.0432968,1108644392.8870773,538495039.0526772,182323493.6209488,3278236100.1821136,2521746337.0764923,15098264622.011871,751358352.7479553,307916456.55130005,28871557.65550537,267361510.42604446
2017-05-11,1651164737.9606915,964493904.0287399,1087218021.9820404,538048278.6727333,177205888.9044571,3299858546.609497,2600584845.84671,14915276283.999786,731497274.9645996,303227538.487278,28842638.675476074,267056045.0481224
2017-05-12,1684093310.1988602,993607662.6800537,1058322016.9843292,534307875.83616257,177749384.2835617,3267619952.7365875,2584014268.2190704,14538541029.749374,726544161.166687,303230455.50253487,28004270.68621826,267776207.58073807
2017-05-15,1725020122.8302765,1007856138.2109642,1035955619.7357941,544120318.7322617,175853434.9368286,3349641441.9487762,2635521910.486717,14488084558.386078,712739463.3309937,313684833.41494524,27500789.967199706,265532272.84339905
2017-05-16,1715299342.7039146,1013168628.6304665,998072019.579277,554172591.4117622,174230611.80316925,3316010782.749405,2699266074.700775,14178365744.499207,688929711.4490509,314183834.92579,26531436.772839356,269405910.3084183
2017-05-17,1728002875.7863617,1056636161.9795227,1029977992.7951431,569048822.4493217,191050543.5085678,3411742083.3623505,2945377434.7856903,15240680615.305862,707284421.6202545,301171843.8349323,30581578.884558104,279141440.01903534
2017-05-18,1851841205.5515099,1056216615.9685516,1019530341.2223816,577249298.5534477,191164964.2375183,3486312886.1614227,3075007392.533493,15394623087.645493,709312533.7340164,296622662.0785931,32823666.09300537,281646822.34931946
2017-05-19,1905798970.3333664,1098638947.3026466,964599800.6454849,590246514.7714424,194263707.9837799,3576048795.3920364,3173081492.448845,15460011233.772812,716524033.7920761,289650162.101672,33640671.980249025,290271183.04294586
2017-05-22,1880493794.4145775,1057065760.3240013,928229570.2817535,585783258.6762428,185134851.4099884,3489052902.623787,3158851081.697197,14869289421.301651,697707795.2467346,288291936.5629532,32474359.09423828,280806332.3919487
2017-05-23,1863430531.9474983,1028042537.4601555,915506727.8282928,571086367.1542168,189481153.2876587,3386510242.0222855,3164487782.569771,14579893104.395905,697084645.766449,289983819.94832116,32520375.11923828,279276313.2054329
2017-05-24,1853217574.5471382,1016422376.8264389,898557072.7295685,574727104.6546745,191502350.49800873,3254996367.0851517,3107798685.53051,14194930965.40306,704933379.1877747,293307097.1040371,32047390.021325685,274525138.8360405
2017-05-25,1851403018.442421,1016186465.9901237,873317734.5708847,577845782.8645515,188848220.90168,3250316892.9839706,3163396284.5134354,14272421365.873795,712271571.2168884,317971175.3333214,32258033.221325684,269599705.2727699
2017-05-26,1812436824.4872093,1019850134.1021729,859093842.9149246,565417417.0800781,169687454.75269318,3180409882.3793793,3109775749.7748566,14105711304.804688,687952666.4199066,325965878.9520931,31989287.452807616,261115171.65060043
2017-05-30,1804293567.3561668,1002101056.8042755,830333570.8317184,552157304.6728134,171031617.04227448,3205316573.275757,3084645352.440796,13783002817.542114,669958283.8909149,325953664.3969448,31613323.7453125,249037159.48469162
2017-05-31,1847246323.2802963,1022636375.6695747,863499917.5806427,560517477.4148178,171810576.80042267,3302338345.988693,3186835579.031296,14149015981.310959,676757766.5122986,320647521.3000816,32097540.082836915,250548687.89369583
2017-06-01,1830718541.7741013,1055730478.0638695,852253527.3971939,592943772.239666,171492012.57873535,3411870469.8954773,3167551158.1777954,14120505006.422958,678164645.6480789,317460048.0442543,32002651.295739748,251682564.32966232
2017-06-02,1773572055.1150322,1073377808.2589912,823997116.5510559,563624129.609623,174037266.86805725,3543959810.8395767,3324332355.619583,14422131827.322311,697086760.5735397,299391267.59053344,31509494.66582031,240493469.40534592
2017-06-05,1754225367.6259995,1062490697.0685387,806518833.6576843,551782127.7868843,175983668.77231598,3525391828.9468,3305389832.821884,14251068188.348999,703551553.2934189,295992096.85833585,31472971.465820312,239070510.6657791
2017-06-06,1753494410.155239,1042494485.7307625,841236940.3338242,568932951.5868187,164200843.1526947,3580027941.7123413,3369725495.0061035,14279423513.762207,728339540.1400375,294371713.7538967,31427249.86582031,240395959.4987297
2017-06-07,1696413374.9042702,1012125723.1477547,857114896.6667557,576104273.4118462,165789482.59944916,3559366603.334732,3311926147.844925,14318102001.29837,764603867.3923874,312360395.8775959,30941740.258947752,233239531.50016785
2017-06-08,1700525034.7921371,1005423959.8325348,881914224.5936584,585534245.0001335,178290669.1116333,3649728641.4775085,3350100776.1519623,14450173796.144867,776487037.6904678,315152998.11012304,31137555.500012208,230956600.76164246
2017-06-09,1762718243.4924316,1012466398.2337952,887884521.816597,591041444.42379,178864517.86697388,3832928748.032379,3895487516.606598,15196814765.988617,766407181.3063431,317683936.87131655,31189692.487268068,235313402.84431458
2017-06-12,1741240262.392311,989097138.3045197,885791982.919426,593930320.4866028,173601371.41918182,3903552055.141716,4450546881.549988,15545857768.466415,752315101.5431595,320142635.4398323,31636097.633654784,238400691.34824753
2017-06-13,1717088949.899025,986436263.1200218,879202664.9081802,588592021.099472,173680959.52209473,3850925638.8630295,4654461829.397507,15537653035.541534,750961255.4487228,313952745.431633,31563626.90020752,237348041.39120102
2017-06-14,1765161220.4057121,978885330.9020042,976685320.0087357,578497244.1391182,184206887.7817154,3944339672.8663254,4906261606.749344,15835860261.344147,818063192.8536987,333455175.0594181,31508108.639074706,240804492.05091476
2017-06-15,1806363059.2704964,961405742.0543861,933759368.9170456,570111190.3313255,168536426.4974594,3810543474.3317795,4911015152.354431,14780674104.75708,793237562.9073715,334178699.2573044,27070991.06702881,231437025.9788704
2017-06-16,1698163829.8451805,975469947.6920128,910729886.350975,573720217.854805,176176248.86268616,3762713450.648918,4957545509.693832,14576137451.436691,786079311.0637283,333144610.2166931,23454739.293041993,232989433.05606842
2017-06-19,1706913079.219036,955751802.8687096,910398925.4367065,547808261.715889,165860095.15529633,3651674861.53244,4981907016.620102,14083248730.824509,759804314.8171616,331931924.45995027,21964802.989453126,229171740.59473038
2017-06-20,1748706093.375473,978369631.7925453,906913804.2155838,578120651.3161087,165157454.86019135,3654528203.0870056,5123331230.653763,14052241723.540878,781810319.0506363,340787693.7348496,22515927.980029296,228732962.08982468
2017-06-21,1774471644.8353577,974567697.0176125,885431182.0761871,631396730.9331131,157371136.5057373,3697483213.2315826,5231684295.074463,14141398768.64685,773635769.9187088,353473977.5009476,22776971.980029296,227759620.6957054
2017-06-22,1777750101.0014725,970589354.3527985,877975726.2297058,658876053.3457565,154767606.07227325,3679022508.8687897,5287090294.306793,14118994792.310638,771330953.7207031,350268672.12062645,22551865.59346924,238626268.78629684
2017-06-23,1788980393.2858849,975232545.7000732,908739588.1819534,668021069.0710449,155781370.1794052,3669652717.3891068,5272685128.693008,14156875691.940384,761987523.2608795,321940126.9478493,22146856.96699219,240623076.10437393
2017-06-26,1811673365.1590347,965257685.923748,906826356.0722733,686021062.0945358,167180673.51184845,3691295967.614517,5408757679.516602,14268925539.146957,775332084.0122986,322425862.37999994,22498331.514404297,250977243.50866318
2017-06-27,1845207227.7230453,973038863.9552307,913962924.6567917,712958896.6564178,164691882.22431183,3689323922.0318604,5702983717.411804,14763842377.738342,793222529.906311,327517753.51834375,23669353.1144043,257233630.96118927
2017-06-28,1768278994.5138168,961790025.1156235,876566036.3559341,702084612.9310417,163740963.7928772,3639419467.135391,5861306428.926849,14546517454.769745,790806415.0753021,324436609.382727,23239789.57687988,250197679.1863823
2017-06-29,1800620571.295948,987218992.4590492,869621708.9072037,689238684.7838974,164706558.72459412,3607158859.8620605,6302874048.817825,14942454698.841629,791626295.0927353,323876543.04061395,26111461.338647462,242993164.583683
2017-06-30,1854951833.5126877,1001601423.8817596,868343638.0147171,685662668.1123734,165094439.6898651,3459475145.732765,6498857218.1440735,14918497557.594528,776608893.7054825,324242575.96835595,27251875.94215088,243677446.334877
2017-07-03,1853741339.7917747,989435499.9894142,914619886.8230057,695156549.6474075,164343467.61634827,3412737942.1073914,6603359485.481491,14858975748.404922,797023958.6596298,320172175.4244335,27038518.483117677,238829698.44177246
2017-07-05,1879710593.3774567,1026241247.1033478,890238064.7344589,700251935.4877472,200249967.25177765,3393169341.8511963,6726008053.474655,14903346633.556747,789670194.1889572,338561850.22838134,27744400.083117675,241966165.63123703
2017-07-06,1902071556.7586899,1044438196.5447807,860771704.284935,705899849.5194626,200139793.3460617,3456243988.441391,6910106918.572006,15016480137.491531,779520679.1902542,330293344.9071396,29252021.294128418,244439232.09428787
2017-07-07,1934952627.3868942,1052628150.663948,875368244.880867,709916963.4219933,191097867.5322342,3372067460.507889,6978634674.505081,14931142211.044006,782028384.6093369,330733270.59363633,29147603.49090576,245232776.97008133
2017-07-10,1875229825.4022598,1027243341.8667221,861549059.1113281,714929535.0862885,191229605.6843567,3120319477.4342346,6418658395.026703,13925118954.816284,775735555.0148392,331203147.5971848,28053083.14161377,242702902.98475266
2017-07-11,1858779425.5507088,1016497351.740303,870269666.5725327,713054690.166626,192680151.46701813,3003636963.1599045,5941574079.104538,13548865692.571106,775996655.0703049,330495185.3819519,27649927.94161377,240346509.91954803
2017-07-12,1933515060.224018,1008760582.0750046,874461688.8528824,738595257.0964813,200264664.30099487,2986518535.76931,5842854407.070084,13545712293.41034,790823624.8316574,335837675.1363777,27911955.79071045,241345327.66073227
2017-07-13,1882160320.6505775,1018568494.5649147,771929292.2119141,746523880.8458328,193110483.76277924,2883551806.5433884,5654605239.55101,13134745498.945923,727751376.3702774,317575171.20019186,27579180.952307127,233049420.9629631
2017-07-14,1826306165.5279922,997788086.4446449,765174584.8440933,751577858.6249542,189840445.7882309,2810224955.459442,5525353713.788986,13077148102.235718,730537306.7751312,314969121.3392788,27264407.533483885,229435110.53541183
2017-07-17,1814211202.3643112,962542640.7787514,757096920.9592056,746821767.3850441,180350878.35968018,2685573510.9031677,5382067930.281601,12543379636.126022,720651648.3503342,316908423.8854973,29880587.488476563,224169854.36151505
2017-07-18,1785945590.9300041,925243701.5366745,759182812.8741074,754689056.8356133,183232046.97574615,2632832851.9119263,5293435068.252716,12307278720.00534,737398825.6972885,318018138.9576546,32457656.763500977,218547178.49214554
2017-07-19,1734282327.527771,897944267.4632835,750821506.8970871,727553792.9207802,188447366.44138336,2616328481.463318,5253600735.834732,12254094494.385681,720904502.5039673,308645889.4728535,33601260.96940918,217851286.32425308
2017-07-20,1706493994.3430328,905870806.0905457,755768160.0948334,687820098.9919853,193423628.8541031,2580490118.935089,5262070985.535202,12169239781.828918,751045160.0075912,291889251.57461625,34924948.37246094,219565312.5364685
2017-07-21,1682515332.8814888,919072891.5279007,781650976.0095596,661232381.4462662,195584309.73575592,2606918379.2131805,5371902174.654083,12586740937.31514,748585204.7192764,295509898.2261852,35815657.399646,209959784.83297348
2017-07-24,1671543183.1720161,925741619.6884537,748162972.1722031,643314854.3045425,198843831.08642578,2583145669.8986435,5410024520.319138,12379055232.360611,753277259.4129944,291139202.558823,36131098.62612305,206653494.36052322
2017-07-25,1661750422.0648766,902422457.7241898,746026268.2030869,637485289.1266251,193877278.5899353,2574438862.5512314,5373405444.3294525,12370040317.532043,772419361.1670685,288046430.5696205,36351982.500097655,195726044.61896896
2017-07-26,1656985074.878292,907910341.7390442,762929378.6849976,615991614.8696136,199267716.01272583,2508136520.45063,5071345461.384048,12019032496.882858,771999660.0478363,294169045.4800499,35766118.52150879,192955199.24972534
2017-07-27,1710357371.8455124,876778154.4394875,776085039.5553207,621410331.1560822,200627391.9960785,2504580049.98394,5239707597.313385,12038102623.563309,766522499.1627502,294226179.3259991,38834237.6260498,192596658.76512527
2017-07-28,1681281088.0414963,825792102.8508377,775117756.5754318,595427943.8316154,196339094.88700867,2387271063.851166,4921718459.339142,11453833477.756195,748703942.7049255,296768527.8934372,37930894.59194336,189881186.26081467
2017-07-31,1661555912.110157,807568866.5153885,756017667.6961136,600007337.7179718,192104433.97003174,2348096431.9065475,4703234031.407547,11247579817.055359,725699591.9995117,297976386.2588585,37811228.24116211,186361766.89258575
2017-08-01,1662852514.5734215,825458333.2539558,729951983.731842,603389338.5964966,195201163.29742432,2391825279.9682236,4629040464.599838,11427124946.745453,719394171.5264893,309216582.5593712,38906366.50019531,186321611.80149078
2017-08-02,1631394627.8214455,783128167.9290199,723659745.5978394,579529134.6492958,152489295.27763367,2378975583.0950546,4639432164.365692,11360573813.914642,692291121.4766693,291396555.22370833,39956634.50019531,177094252.7973175
2017-08-03,1631250099.7816277,755397155.6586647,723563334.84375,563894405.8927727,151647629.1483307,2311229903.749504,4511553004.77066,11115377515.597992,690889997.7415466,283567816.5660111,39604823.54216309,171345451.36350632
2017-08-04,1601895073.4574318,745146512.4089432,710991501.7840576,538935725.5273247,149433722.47406006,2285647815.1005173,4471049556.259689,11152592709.46434,687353524.3683243,272797995.49715346,40039884.3784668,168083982.0172882
2017-08-07,1580080257.616272,749235566.4297867,700278863.2021713,519854498.05698395,146492900.7610321,2235629435.808525,4430809918.083496,11111070950.31334,691721540.4867172,270181076.636998,40120975.11743164,161032956.11618042
2017-08-08,1569514044.6538925,750074260.5821228,705217772.2111511,545524658.5159302,147253344.60739136,2304662867.7384186,4433813339.829025,11244280103.879929,700589202.9246902,270549136.16076165,42131841.51743164,158306249.3900299
2017-08-09,1481947222.3264694,748553959.89048,733934165.8738708,537327624.5402145,142208224.274292,2346982134.929962,4440464742.479858,11285145532.656479,707793186.9251633,261531627.1596279,45586277.9821167,162283806.25022888
2017-08-10,1596527044.3718338,764660552.1941948,769900163.5377502,572370078.8008308,139348450.3030014,2492010575.9321976,4654940245.583725,12142122928.258514,723145365.9887695,264142797.8945961,58508074.347961426,167060999.21993256
2017-08-11,1598623813.110962,798025578.1263161,785341479.426384,585118246.2735367,137894510.852623,2594078166.8363953,4730716563.374634,12293313238.667145,719840314.7161865,259684111.66671294,67714564.34796143,167304740.91243744
2017-08-14,1586583831.6151428,805702962.513485,791808510.8371353,591574228.5628128,138363555.36548615,2630928039.7880173,4792619873.09021,12720762608.768234,722100044.5298004,260133442.24672166,68489160.27335206,165603429.83442307
2017-08-15,1551758127.813778,809552971.4151192,790251033.1484985,584916989.2030144,135652194.0550232,2627687103.624687,4792075402.5737,12856248589.847641,714166146.940918,256947329.19820634,67759739.52856445,163364371.69176102
2017-08-16,1561667097.7086067,813457650.0105667,821704916.1404037,594253754.3155289,134366704.4366455,2653348862.734337,4780043599.197998,12917103167.309952,715098172.9338074,262589939.4357277,69392835.63284913,163284028.7497139
2017-08-17,1613878998.139515,825289042.4327087,838887299.7613907,600065535.5887985,131478767.08229065,2741660872.5030518,5002056320.317383,13768308805.255508,701816617.5271606,260376715.82585296,78670590.98983154,160025815.40927887
2017-08-18,1672379396.329689,819863084.367981,861942362.0622253,614948377.7369499,129653204.90268707,2859444847.3119736,5136834390.052414,14327235841.534195,712815262.6592255,258074556.34690246,84027766.30570069,157101657.78455734
2017-08-21,1654856227.7812576,805244571.368618,874206695.0510788,623153934.0128326,122647943.82324219,2882543535.8200455,5201289583.669891,14518238288.281097,724511290.2555466,263400125.90465507,86511794.61213379,156551507.161808
2017-08-22,1644715289.558525,803304235.584774,877004633.2717133,638607081.0547066,116113369.72175598,2900254010.2663803,5254869574.550247,14601234984.968872,708032154.9121857,256815409.25139388,89101810.41472168,153700301.25127792
2017-08-23,1644632455.4321861,787320425.8634377,856791427.7815628,636180966.3718605,108555988.19805145,2925155150.7613373,5300656567.036438,14623235127.348022,704276882.1395874,245620859.47999114,91161459.40490723,150439115.49898148
2017-08-24,1629088461.4533234,785594100.4235268,844187816.5812302,627386307.8082275,111552220.74733734,2866090539.520035,5009179380.91362,14401041331.991425,701212590.3492737,240874380.7407673,89647449.93653564,147948328.84138107
2017-08-25,1648648315.6748009,785216794.5408058,875658888.5544205,631945771.9442177,111624791.46671295,2844596555.879326,4927980486.805954,14548512917.679977,710944539.7129822,231341170.81370735,89676757.49368897,145327845.81216812
2017-08-28,1608290519.7601318,765735495.9982872,924028278.8177872,619160482.5324249,111670059.65061188,2841102935.670891,4802574453.345642,14273613147.83493,706665869.6992874,230088745.61459923,90556855.0692505,142595681.1060524
2017-08-29,1624705222.616043,753357348.1158066,940946703.1030273,602579276.0202026,110154490.2016449,2840012813.7656784,4831322432.848663,14226050846.992874,697808744.9985886,218431617.6671768,93418185.46925049,137337206.98280334
2017-08-30,1657525483.0878448,757000684.2804146,944505988.0425644,619046920.8090019,113608468.39668274,2813477004.732361,4777286968.492126,14381548681.37947,693454732.377739,213577161.51093253,93607970.06688233,136908136.8230629
2017-08-31,1690123047.0942497,779901319.450264,992805928.9457703,627793751.980648,111252560.3629303,2873885539.9695587,4859220411.255798,15059494316.169815,682606721.9047165,214192795.59988022,94752713.65030518,140419994.14543152
2017-09-01,1704959289.1996193,783139658.4872818,1013997733.0741882,639113196.1488342,120886728.29490662,2880016871.326561,4813076544.775314,15080169146.1277,711086544.4596863,213007021.5681038,95634737.62745361,144351286.1109352
2017-09-05,1751356321.8780518,800051098.3251381,1071295765.9619141,651122417.5284386,131924014.27402496,2958765676.4336777,4996383925.672836,15712849109.509354,764498491.7460632,215218716.54797286,100200917.98625489,150462570.59446335
2017-09-06,1772210629.6314049,819990227.3764992,1091764146.5634155,625128817.3532677,133422642.36305237,2902899062.0404053,4996974846.480103,15671085204.205322,779634191.1562347,213785363.4169361,99183493.58625488,153513392.465477
2017-09-07,1792422700.1181412,819026129.3121529,1101517762.1298218,608329535.9101295,146847011.43959045,2851162152.6426697,4907059205.462723,15620724345.66307,803242890.4944229,215415571.1700222,96511275.37977295,147224132.25513458
2017-09-08,1687015874.3142319,787944788.0423927,1099239955.1797867,562240088.8058853,146208083.68053436,2737531291.5878677,4675630308.0820465,15028493343.11676,801552401.3895416,214773580.40516472,84580632.00616455,142022444.529953
2017-09-11,1678319985.3847885,768470992.3112488,1107588518.37677,536987709.245739,151902706.19937897,2679750961.2410736,4554950901.978989,15007094512.87178,861963950.534668,215388782.4892704,77422146.35042724,141338973.25798035
2017-09-12,1704027217.2657013,765460877.2981262,1123629801.1101532,515737522.71772385,159720923.48194122,2688798560.760002,4531728138.007584,14840111618.463287,874269426.9864655,210104638.95090714,74989249.016687,146885900.81041336
2017-09-13,1752828000.3333282,770009373.3107758,1136239892.0394516,529404509.87586975,161692976.94503784,2745582070.591812,4554905374.083405,14892224110.264816,871047927.9837799,211766593.60689774,73817338.3334961,145738706.49965286
2017-09-14,1741913647.2546577,772836677.6828957,1119489154.930191,523750903.4534645,158329850.4037094,2727637079.1786194,4580045720.253754,15320913580.660706,878179953.2993317,206678717.4642582,70898678.43676758,145590327.8312683
2017-09-15,1714537707.865715,768229383.6800194,1121933787.3431396,508169140.4134941,157650063.6246872,2677815712.4085617,4432050376.826324,15002121867.991333,880345170.2488327,207199806.60225105,60799380.21970215,149114716.5855217
2017-09-18,1665373962.8766632,762282857.1565247,1093528588.9300537,489715084.12397385,165456168.0122757,2578569770.3176117,4198532073.097229,14064031995.360107,872822638.4020233,201637669.5516735,56334225.47664795,153574746.61367416
2017-09-19,1734988931.4782333,755768106.5608215,1095769452.0374298,488486649.4678879,165248957.99510956,2553711373.817215,4095541106.222,13887228217.296677,862229081.8198395,194636889.63244972,54462657.37021484,154955727.9984665
2017-09-20,1825817429.463234,766451105.6577873,1126647065.3523636,480842529.6117401,171361095.43540955,2530515414.0283966,4085632430.456009,13864366837.820892,871442911.1840439,199460385.9909336,52655016.970825195,157715914.17219162
2017-09-21,1798739687.614193,760099863.4205818,1143330998.132019,482333193.9245033,176270983.17432404,2530443505.624962,4109585079.301605,13855904651.738892,864745807.3191452,197220313.59610558,50905268.22172852,170684400.27454376
2017-09-22,1776403796.8432426,748815420.7014656,1154735780.7979202,480013211.07082367,168873913.56609344,2597112714.7909164,4001630688.049774,13875796825.02884,865113608.3154297,195099796.2197117,50027129.92039795,178114117.79457092
2017-09-25,1830526578.2150269,745712583.7768936,1142514483.896141,473788162.56469727,172859850.98140717,2686029688.1251144,4195766342.464142,13811248855.099258,876817839.6858978,203440813.8043663,50559171.42880859,188103149.7537613
2017-09-26,1876336078.9473152,763410452.2507477,1123732926.068077,484031981.83395386,173445544.9010849,2768712414.6001816,4293036048.5948944,13968407210.746841,890589268.3837891,195511554.47334975,50189785.55180664,191193292.08560944
2017-09-27,1938216097.519188,780171382.5514793,1104491422.729721,480116866.1717224,183948975.12199402,3082699722.437172,4354842962.674942,14308858458.857422,911599930.2363586,194641842.90666693,47566651.23913574,198253320.5265808
2017-09-28,1952289752.3383713,783957701.789341,1101610117.163391,459603982.65823364,186361589.0120697,3178364058.161583,4290199787.2502136,14135285757.668457,931139684.8363876,195527526.4837181,46127646.56955566,204337284.61853027
2017-09-29,1967651065.879383,797497788.1099892,1089584879.7776413,449270591.4034653,190676176.01768494,3139911102.458,4321173432.153778,13957811704.318848,946253153.3086395,190085223.861903,44753123.528979495,207374067.54600525
2017-10-02,1990531585.253334,800790346.1736488,1087660539.9165726,456508837.8271675,189457050.6389618,3230719984.076004,4355850372.756195,13940376136.320343,914703002.2594452,191389845.35062104,44279541.094372556,210697039.17507172
2017-10-03,2001665854.289894,784950338.9407349,1034902595.548706,446640095.34204483,186911707.27546692,3285594339.162216,4186213956.1990356,13700839564.737854,868698153.7471008,184907232.7807129,39875285.613061525,219491100.8675003
2017-10-04,2004431556.098404,763131664.3628693,1010351603.7338257,437984327.9385185,189376240.92510223,3318805278.5858917,4158029325.259552,13698050835.08995,859687701.3856506,181143891.1701668,38876262.17275391,221855257.0631218
2017-10-05,2004836433.0553246,756535751.382103,982272832.547226,430381734.35876846,178136213.95702362,3357664365.5150604,4222096104.830017,13781920227.254028,830747463.7080002,177366326.74794084,38804304.17275391,225043367.68432617
2017-10-06,2011497428.6981773,759078554.0835953,985183885.0131989,425504502.2770119,182762059.7932434,3351661048.3903503,4196859351.7199707,13993806193.344421,831507005.843811,177371768.3169365,38832866.46586914,225750121.51248932
2017-10-09,1973990985.234089,722812528.8844109,959731668.0810547,412440498.28531265,176953669.18327332,3303006944.411049,4105828551.3333893,13618017576.631012,760396748.500557,174802068.50335008,36451262.921606444,225328631.41368866
2017-10-10,1968076218.4171104,735940281.7829132,963910057.810936,423747641.2802887,167961901.80595398,3306926146.9008255,4031322955.3258514,13478559395.77118,755397638.1662369,175779415.75339776,35602418.19975586,231329756.29922867
2017-10-11,1959201880.398693,742174902.068634,945266823.6104202,413462654.32661057,173299312.51083374,3249476446.9776154,3921950967.792511,13365623689.748611,743568829.1971588,171630437.83072394,34749586.829919435,234654146.21026993
2017-10-12,1959590814.998684,732044041.3879967,930305300.1416397,404206001.8393707,173126217.61657715,3248347320.5631256,3781085097.98172,12851707983.133316,745424590.1674652,166468055.63213882,34400825.48144531,234524121.99058533
2017-10-13,1988498882.9011536,723977776.16745,919963462.6987457,392332647.3486328,173280002.63168335,3204231719.296036,3590481313.866577,12423310487.05574,735227737.1645355,167811583.90417784,33671610.65253906,233023241.5707016
2017-10-16,1983106695.7273483,711946404.1009712,915303223.5289764,388584423.39588165,167309377.1192932,3185770357.6332855,3572918008.3999634,12345214667.572708,729684488.7630463,166577325.77056846,32512988.652539063,228660968.35105896
2017-10-17,1937350563.2313538,710676441.8844795,921995998.711853,389400241.4277077,167301972.52044678,3201352636.115265,3521666114.6302795,12183072771.689835,726891269.402771,167482127.99229813,32005446.864160158,226589286.6845131
2017-10-18,1859238716.8123627,702040849.5438766,873741953.8085175,383684280.4505348,164632196.16584778,3208816143.529587,3407667896.431732,11989119420.460434,716518624.3613434,162752227.59557113,31103797.328393556,224286653.45960617
2017-10-19,1895232781.4424896,702844501.282196,860224087.2702408,384763551.7130661,160850202.34802246,3211909010.710907,3404775838.5518646,12155550322.695847,730206126.353035,162797720.836425,31712254.25144043,211252818.0149269
2017-10-20,1910056754.7734833,714268826.1288834,874748088.9212036,383620853.7847328,168679242.26913452,3218867205.1540375,3468786416.9431305,12598965873.524399,761954743.5354233,162348639.6050499,31458074.116601564,206627231.05688095
2017-10-23,1843190320.282898,701517953.7211037,841756107.5208282,391756112.98986435,163355396.2410736,3122825801.5581512,3302584595.1794434,12693485566.669693,747420442.9797363,152515084.0636776,31139120.537927248,198061618.52903366
2017-10-24,1804313104.6279907,677615400.1035309,819377440.7037354,387091788.925457,165641566.5260315,3056953283.9922333,3244038484.43573,12855173616.16478,744586222.718544,154647841.20134163,31517978.216564942,196330348.21287155
2017-10-25,1766528033.5412407,661870019.6226501,803254015.1182175,412984466.3741112,156063212.52140045,2799553093.505783,3269108198.9949036,13126947754.776993,733306921.1668777,155247991.336092,33096186.51397705,195417073.77811432
2017-10-26,1769847897.1751404,664009928.9605522,805524370.0809097,426044363.86896133,156798607.91103363,2706809052.752304,3300348446.942444,13416553802.518692,729327194.8580933,153611920.0168171,33983194.17694092,194693612.54854202
2017-10-27,1744829457.9641724,648470732.0603752,783755026.6547775,439437743.8324547,153650336.20380402,2782304955.2339935,3434046008.7506866,13440597552.491608,724908861.1510468,160158158.20510292,33463380.069250487,190873103.9134407
2017-10-30,1687087870.6879425,643304660.9867668,743774479.8248672,419637441.36837006,147055490.40748596,2784915839.5635223,3473177760.9645844,13398898114.468613,730721307.9111481,157952295.99928284,33693873.13720703,186449496.53028488
2017-10-31,1707279087.1336555,676622827.8946114,744841539.8254776,423157357.666893,141240924.74525452,2743906036.9400787,3526476337.153015,13338357973.357925,722034321.9927979,159880477.70531005,33794202.80303955,179613132.4393654
2017-11-01,1721197410.492134,706917325.6908798,733756294.2601395,433346444.8853493,137447716.19308472,2805916341.601944,3556319293.847122,13329249794.366379,729479178.3505249,164817005.35175627,34097979.632556155,177666941.5117073
2017-11-02,1720939695.1499748,730446118.6186981,728899040.8071518,433667564.8110771,138397311.52599335,2841949314.3763733,3558896683.0475616,13257807332.03476,725314881.7325592,163699540.2844078,33815937.632556155,182844212.27909088
2017-11-03,1718532802.270317,723741027.5662422,706453367.2600174,436864239.5331764,139223152.82352448,2860438857.4726105,3584242270.0297546,13034513917.107468,729236706.0573196,162517825.45816725,33042244.95703125,182422244.24884796
2017-11-06,1730921862.3132896,742209468.0401802,716617789.4086075,461786894.9607277,139088293.32752228,2870676466.936035,3697219508.6640167,13198737124.34822,742640889.7023392,174728715.91012114,33190091.64174805,185132713.3203888
2017-11-07,1734176676.635189,732960603.959732,684854365.4571915,470036133.3769226,137425596.09630585,2917944322.1121216,3718260996.477356,13369530499.782639,742142865.7185745,177038886.11236686,33630884.1708374,179204918.85437012
2017-11-08,1708875306.0338974,731185415.3796768,684014636.9343185,497884518.5672188,129253774.39189911,3018830622.7080536,3758071796.085434,13409677356.595612,737442741.0082245,191067385.8951252,33589285.509973146,176610989.21928406
2017-11-09,1717487159.076786,762642902.117691,702431213.5931015,585845751.284523,127424477.57240295,3167568124.267502,3951490396.0850525,13958353261.954117,733574711.244278,194561883.8769928,35316490.89244385,179859228.53773117
2017-11-10,1660983761.307354,757577669.4622421,703306000.7199097,642273707.2968674,128835276.86630249,3181133730.543976,3968773402.3239136,14024301979.911728,753629746.1199188,191703434.8030281,35434951.178381346,182873832.88957596
2017-11-13,1694582627.301941,770072834.0181732,690781131.6064453,670144855.1873016,125354154.78412628,3139426665.9239197,3906438731.4360046,14164835572.865524,754072170.7162476,191219780.43595123,35009190.75797119,187536865.67899704
2017-11-14,1727201385.700531,784610245.8892059,685400175.3679276,687300895.6679153,129454197.06142426,3148045338.2263184,3996256794.7598267,14502851423.22258,759975155.3927231,194594803.1748684,35369343.337609865,193183749.2303276
2017-11-15,1749795995.0813866,801908632.312336,693355860.6163406,734492714.7982407,130086823.27339172,3166558650.435791,4054001725.754242,14951246762.085876,778276512.1842575,195179837.3600933,36017391.912145995,202870275.8783722
2017-11-16,1741016231.7503548,820322702.511406,676261523.6495972,797275163.6711502,131063625.19592285,3223200586.4746094,4114057716.1104584,15025232100.665283,763384404.0470886,195958062.63259393,35620376.12470703,212890688.1359291
2017-11-17,1741863260.1259232,852092882.2959137,689893997.1646881,821454206.0938072,123713030.74455261,3225412254.4926453,4110999501.356888,14877031610.109863,738096273.313942,199007462.72627372,36064010.524707034,212551823.7665367
2017-11-20,1740158628.2556534,884442581.847229,709707086.2210083,825985843.6899948,125626073.36486816,3280280057.757721,4060178409.904251,14704464234.917145,725731349.9677658,199547124.33027762,34372612.92470703,215634596.20897293
2017-11-21,1788600663.8993073,901896824.9957466,708795614.3822098,834152199.7304153,122330875.35125732,3362178808.927231,4066335731.3552094,14739934627.54303,721618606.5626144,196842166.40387076,33836463.541015625,217449181.61348343
2017-11-22,1800064164.30336,919421991.8646812,714768303.6931992,813731149.2937851,121614523.94004822,3276525092.0100403,3941591305.28862,14094480329.75418,694515291.4559555,198234271.4610401,31594146.20526123,214281863.96652222
2017-11-24,1747698905.5901146,918369534.6128273,686913908.0765533,792886102.6418877,115435511.2160492,3221226739.2929077,3806728802.2818756,13632035655.606766,671065288.8406754,195662791.98525316,29811141.55328369,206673341.28356934
2017-11-27,1735516823.1874657,914124912.9581261,677098028.8223267,784174652.7893257,118119533.25260162,3125565047.6634216,3544016022.619934,13263146348.345184,650809524.9536133,190322870.9027565,29532425.79486084,204625235.34736633
2017-11-28,1773713724.3860626,928322009.8801994,680499429.5913696,796462998.860569,116822644.44381714,3168765402.2180176,3503398021.9906616,13790652942.5,636557675.6305695,188177565.35984117,29541613.60977783,204503182.56717682
2017-11-29,1779077242.3413277,915073868.3875465,694364996.2804031,809136938.9282036,125513811.61453247,3281468171.37619,3837453813.775482,14002716410.288162,686378051.3718414,189738160.80458564,30677206.866455078,205459004.62093353
2017-11-30,1902596506.7323112,917506106.4101028,714274539.1330719,832527560.2017212,134025021.24320984,3293534349.6931458,4040430776.102371,14873389081.9384,689873992.3926544,188429577.58993873,31160826.27265625,209705489.0409088
2017-12-01,1995603150.4504776,951990785.8538055,761258518.7825775,858467163.5126495,144125498.00777435,3536123253.2066345,4248696804.6398163,16136993676.234283,776201732.7581406,191144724.41124687,35304575.76256104,208455657.61518478
2017-12-04,2040751539.6988487,965910457.9794312,765150547.7191544,879982946.2548065,143331876.13018036,3636047385.1781464,4429222458.484116,16549210537.797775,769921800.4528046,187608739.13212317,36504896.77446289,214606919.1783142
2017-12-05,2041974862.997551,976034443.3238983,783261917.735405,871801270.7713318,146458101.82826996,3732918724.0929413,4513872897.549286,16884384053.233261,793704596.4080048,177361305.45553702,37513089.06142578,218193293.37566376
2017-12-06,2104118784.2724228,974422668.6830139,797895731.3747406,866984728.9396858,149583437.2233963,3681437141.7679596,4566532277.757645,17107349263.089981,821046838.8988495,177938582.87541884,37773388.93398438,217987100.09168625
2017-12-07,2168527443.9029503,976946554.4436455,840478201.8611145,841821172.1125984,153913665.02689362,3680204077.308197,4677408616.292114,17426763233.58635,869172365.5342102,161864729.924617,38436263.53070068,223815599.09036636
2017-12-08,2173068565.506401,967999522.3985481,834387314.1730881,761895963.222599,160775254.4721222,3557592231.4424133,4587900033.252945,17242478521.51123,862002609.011116,156001549.08719444,37114719.843737796,222487322.87790298
2017-12-11,2199873109.917984,992321051.5501595,817971291.4333725,727317483.7797356,155789491.7577362,3621346976.737671,4594953018.896484,17532587796.969833,823085247.6478195,157655510.63684502,37127352.06821899,227349992.02653885
2017-12-12,2189659351.8935585,1000702884.1304588,827444904.4081116,707092790.277462,163068250.9356308,3699768485.0967407,4653309119.686432,17958519842.372208,831621215.7947922,163964266.3478405,37272872.66258545,230968295.92119217
2017-12-13,2227368128.6673164,1033946030.7510185,849929764.1901398,689918871.2047005,162440851.39774323,3775475309.8406982,4650930389.817886,18467178133.807602,843834267.5268936,162302490.09518737,36279794.45341797,230423823.16951752
2017-12-14,2231926410.0307465,1058680468.1380081,861256977.3841095,673938662.4423409,158329763.39675903,3840565169.617157,4653215401.614456,18730075146.11122,831005392.209053,159848752.46052703,35498260.50540771,229654820.40412903
2017-12-15,2271761817.1598816,1100776945.2692986,889165410.2856827,630208319.3911743,158761743.64608765,3961560981.5055847,4770230235.708847,19656296427.30423,838477913.7450027,158584013.45749933,35171808.90617676,228977572.98883438
2017-12-18,2299956792.2319984,1141074321.3976479,856603204.1769028,618678837.6097298,161641279.7934723,3946866612.2502136,4762916532.133255,19788007881.986237,840258446.8635178,156759172.87076074,34841279.269189455,236336726.39707565
2017-12-19,2309828770.049839,1187243290.8545303,829992871.1856842,624347959.4903564,176134502.77030945,3960933949.250946,4843790027.970276,20211837314.157562,873609776.7760468,154249800.4538563,34613105.717358395,241161641.63423538
2017-12-20,2267365484.2772865,1192166356.9532204,834327396.9312668,629159195.1109695,185485852.4899292,3892765650.11261,4986420214.138641,20326015015.86975,893402502.1424866,153146780.13361892,34343636.996832274,254978494.55205917
2017-12-21,2226371380.4506874,1206259677.1103096,831388212.708168,633871777.7292824,187303425.3299713,3912980469.504242,4998201446.4711,20602472198.401947,907165419.1859055,149205502.86203688,34678714.103155516,261686861.49003983
2017-12-22,2253181506.5581703,1225547305.886879,855523559.3422699,656020306.4192581,187633968.71936798,3960617409.0560913,5110882998.78067,21210104669.254913,911052205.4616928,147510464.72166634,34847797.13178711,277041270.1294899
2017-12-26,2218379079.4651604,1223241385.8286285,875128607.1076202,642680508.2505798,190376785.03707886,3918778066.826706,5106142622.500153,21146655686.806335,896548353.1335068,149978929.94788742,34357774.19474487,278907322.6855278
2017-12-27,2181582605.137844,1224929478.8787842,878813919.3377304,629446513.7077904,194236426.69834137,3782640840.251999,5085433936.412811,20688109747.890244,911949671.3881683,150212566.39437103,33407677.535333253,283012398.0818176
2017-12-28,2122145992.0703125,1229668549.3031693,876567460.5693436,613720516.6308784,187090562.6984024,3590031385.7619476,4750613476.070633,20329292856.15921,866977180.8876038,148385137.3446289,31820024.10369263,278636460.73099136
2017-12-29,1990790200.2378845,1208196915.317192,877058773.5239029,578144321.4876747,180844327.89707184,3512115530.71579,4580502402.979889,19973724138.16559,857641735.6262207,145252924.4497803,30992608.10828247,272949931.83574677
2018-01-02,1962675430.1285934,1191710079.2676926,871142152.6163483,555354541.906395,178861813.139534,3223567825.1750183,4394183904.57756,19097431958.38272,815845046.2374496,144229554.87700957,26246014.432800293,272768860.178318
2018-01-03,1949285508.7304878,1232026103.098793,878401010.3897858,571780057.682991,177878452.5459671,3126379359.1015625,4246563423.104782,19081971036.845703,810788972.6544571,147870475.60008773,24578840.66557617,275766262.70915985
2018-01-04,1994351088.6532784,1256592783.3742142,863972359.1074753,583987257.2351265,181469162.64347076,3024367473.5433197,4141473136.6114807,19146877531.444397,801801601.7188263,147746795.38092574,23486834.720892332,276635539.5698738
2018-01-05,1944906294.093399,1272403368.5879517,860060192.584343,583699796.9401169,184439433.39458466,3019602353.929138,4140636708.052597,19276771764.94339,796487265.2083588,144816044.34804803,22576230.172894288,281672482.0624542
2018-01-08,1888972161.5281296,1288080787.9162025,805980117.4768448,586355645.6998825,186512951.7962265,2947102440.122223,4081166914.554062,19075444772.946167,775381371.1360168,145746090.5390442,21759616.17617798,283646378.5387039
2018-01-09,1894353576.0779572,1290609093.1153297,832076323.3351898,598942106.6041183,200920121.66275024,2921139875.7146454,4066655123.3974457,18877627312.81517,830480709.9859238,153735910.8214653,20981048.883740235,286787015.5489731
2018-01-10,1951931799.9513817,1287559420.9352303,897973419.7982788,658427342.083435,207031186.1177826,2869295243.830414,4174375132.1121216,18748568938.99376,880760546.4925766,154632728.04949036,21154352.299176026,288802657.08179474
2018-01-11,1942341892.1365166,1291974939.9175072,888193437.5681686,669981833.8724327,203694267.91217804,2882395932.9914856,4183256377.5156403,18511811771.050034,904626769.4847488,153517551.28619727,20753539.455389403,289096308.29797745
2018-01-12,1940762868.6667824,1286677082.2520638,886865428.9178085,682909049.0434837,203406343.92154694,2849145566.4619446,4297368397.534256,18420913157.81433,910872328.1587982,157872657.40920296,21015962.04553833,292035873.3996582
2018-01-16,2009245661.7526054,1283136939.4604683,896679463.8209915,680932105.6423378,224453709.63817596,2822531355.6152344,4436405811.836014,18548449011.6687,921160937.1201706,164313470.0793003,22976292.83380737,293683129.66968536
2018-01-17,2017692699.1283035,1256205101.6466331,915689338.896904,687136671.8529129,225787374.36344147,2661746213.639221,4331067687.071228,18246810096.800156,925572094.8698807,168996079.5120968,24430539.235321045,294753090.4886818
2018-01-18,1971471850.3355026,1205028081.8101692,922628307.7737045,699562936.761322,232960685.08476257,2630733128.3298492,4336955517.557526,18496192688.69774,942134802.2009277,172115623.12831154,26015722.23085327,291871667.7096367
2018-01-19,2000656805.4740524,1160435400.0912857,954010266.9317627,709347438.7139893,225863255.59875488,2685435328.1811523,4409041245.766907,19264585758.409424,942764422.2293854,179205638.32951584,26415651.8267395,289122006.8588829
2018-01-22,2022748877.3034286,1153171881.9721413,950550614.0301132,723068473.4516716,246961565.77301025,2645626183.4439087,4325981392.180634,19498151410.243378,937562321.0403061,182872397.60386506,25892396.054333497,279731905.78840256
2018-01-23,2074577563.0932426,1136199975.1155663,960929352.4911118,724540977.7082253,245527790.48416138,2651476643.009796,4491817291.923981,19918080484.661484,963002549.8563004,187168189.17858276,26022925.689221192,279311249.7377777
2018-01-24,2133657586.2360191,1155910307.9265404,1002096847.1670151,723716627.4635315,250810809.1123581,2703256957.2867584,4750814329.226074,20669504517.67166,987150174.7898483,200602489.17784843,28158721.285089113,278209845.4380226
2018-01-25,2207606444.7598076,1179666301.1206436,1049405840.5263901,738433239.3338966,253919619.09908295,2766062486.2029266,4818927004.870605,21190748406.293106,1030784951.9369507,201040770.3976265,29652224.75765381,283428288.74170303
2018-01-26,2313166534.882374,1181652433.3945465,1061445776.7472076,742832738.9425468,258127045.99899292,2771932040.999832,4912263825.879974,21868447213.57437,1017080614.822731,217147379.25043184,29833412.94578247,284783075.0161743
2018-01-29,2371668855.839615,1202671261.4649582,1070527543.9038467,780366514.4016838,261333692.38433838,2832257343.8939667,5024032002.086029,22464088845.55191,1049571405.5179214,220120915.14157867,31169944.777423095,290264113.92282486
2018-01-30,2464518555.2778816,1484281615.394287,1083708810.54039,817354011.1192894,263254745.50628662,2861677582.7568817,5138611772.590408,22969516971.57959,1069567264.7877884,235240833.99782792,35608836.2029541,300945099.0617752
2018-01-31,2531670748.529644,1521421091.7111206,1095751096.1667633,832528657.4258041,259007435.50491333,2913070244.4664,5234633135.085907,23288090081.69464,1076500497.6535416,240793250.3618309,37436867.588531494,312461009.5281601
2018-02-01,2569215041.1200333,1517958145.8190346,1115927795.0624466,824813002.3283768,287379247.18242645,2912821919.864807,5314475673.526688,23332411757.07802,1122291964.2506027,243439614.00049895,40469269.47382202,316565192.34809875
2018-02-02,2701369335.987587,1553881161.0831642,1176047936.185608,855010805.9873009,300970830.96042633,3044720816.8151855,5660070494.847107,24464880054.47853,1189183161.9614792,254861577.99744263,50026406.64119873,333739147.0746803
2018-02-05,2896009028.0146027,1717099993.9977837,1226218210.3377151,904311937.220459,320750545.3155899,3256561588.9980316,6241915728.384323,26876404806.6082,1271000787.1984482,266554701.0185501,67669276.6171875,340857314.0976143
2018-02-06,3192500912.4713516,1887244443.4147453,1314659951.9961548,970357270.3141975,332809868.31459045,3594259419.0302277,6974514595.34996,30381326576.71471,1278940988.2294083,275476631.5768673,84961701.27805176,360733860.4973221
2018-02-07,3413346548.7508774,1954041696.2400055,1310974285.2015305,999281455.817833,327488312.49313354,3729017050.4800415,7474185525.309982,31657932707.666473,1276045123.7174225,284899634.0151283,98112165.91358033,367396261.48685455
2018-02-08,3576589428.805523,2059741600.687027,1264284104.7880173,976167276.4873314,342133433.85795593,3892630794.504318,7897302026.563034,33607805329.05601,1277292798.0213928,292139102.56874466,117521084.62891236,378494236.1242485
2018-02-09,3792948489.357624,2189864150.741043,1314902100.2327728,1068273793.2636833,352734221.5677643,4056835437.7939606,8580260561.311035,36106893905.59829,1288880615.3289032,304644854.69622725,124217850.64797363,398028810.8644104
2018-02-12,3854704491.3261414,2226396546.090164,1299913354.465828,1098651302.1617508,358472880.16147614,4126851564.4901276,8760400222.287521,36673110955.8654,1291059324.2704773,299669571.3347149,129637588.0790039,424111363.3187485
2018-02-13,3800105007.7573776,2211743883.551941,1282057352.7431107,1087197968.1707,344462956.2730408,4099362825.983963,8680538382.86644,36326027260.63362,1284460492.5901413,299309303.341555,133966430.62404785,431366168.7322235
2018-02-14,3858429180.786419,2236578320.947342,1323418034.6453476,1094438753.3448792,352370187.1234131,4214488068.412018,8816159686.939697,36364692271.99036,1299361642.9262161,310898315.9800724,138975337.82697755,437463825.8449745
2018-02-15,3984009383.1931877,2269002853.1521606,1330547324.8299026,1109870421.8584824,350964498.3139801,4251849086.963043,9013696287.050629,36463184561.0672,1284916357.234497,312170455.98060876,139473697.26843262,444497536.7525673
2018-02-16,4003040568.4773064,2277942003.9853287,1325996381.66893,1150379658.9274597,348089326.53900146,4223329217.7521515,9193251835.122986,36651799198.44208,1269476313.15979,312146151.426775,144909800.25789794,450606075.25972366
2018-02-20,4058876581.1925316,2303906282.2189903,1365378885.754776,1166480706.7022133,322938494.23656464,4296772639.977798,9273515560.25772,36547538987.64207,1264483904.5308304,316085031.32760847,149169691.92114258,452421184.61896896
2018-02-21,4064167081.6301155,2341212211.058235,1375674172.3807526,1176941092.8419113,324739143.9966202,4358269441.315689,9289831353.62259,36512440706.01158,1259991013.4472275,312301576.14002913,153322086.12823486,459718949.1858673
2018-02-22,4054320712.903385,2326828554.785919,1333248571.213684,1187040247.9960823,334806970.2125168,4324512394.697113,9146265286.058044,36148331362.59598,1259252723.0826187,307170506.3062588,155034723.85013428,461402677.1077919
2018-02-23,4013225386.359253,2343273601.2495995,1262605107.605362,1200175168.4101868,339331372.2004318,4304472694.212952,9314570691.797104,36215064099.56352,1242165452.6169205,307965861.67548335,156610299.4239746,466266848.9725685
2018-02-26,3946967937.533226,2345919862.0111275,1232669985.5509949,1210570947.7585983,336646215.70316315,4295179070.7079315,9372076773.467789,35914774394.41177,1251567431.587944,295924111.55102,158195593.04699096,469166697.4905014
2018-02-27,4012925289.4654846,2329938060.8475113,1232685518.0591202,1194238851.8317604,340595565.3530121,4289133835.9655,9408175610.489655,35982413126.19827,1250822228.7208557,296320751.9258892,161066319.29491577,474408617.8951645
2018-02-28,4032579215.5537224,2090192489.6185684,1199301767.5735092,1167136388.8723946,341234527.972641,4318259672.32399,9388763994.79721,35806011451.94443,1236562521.3607788,291312047.8234684,160090546.35495606,479153951.10012054
2018-03-01,4052015020.926876,2117348094.1583443,1194163021.6876984,1200174964.174366,351173578.1552124,4387784539.872284,9646424250.106659,36543278677.74315,1207469220.1625443,294529260.4924877,165902494.64404297,477095261.5229416
2018-03-02,4046631281.453228,2124259227.955532,1187314850.1576233,1202116473.7233162,322566608.54084015,4454970837.661743,9795376891.221237,37072367292.07169,1166026339.860115,292396460.14300615,167621727.3281006,478846390.22058487
2018-03-05,3920863741.1894417,2072835997.5374794,1117381881.0581589,1158612063.262272,307130093.5732269,4359926031.295929,9567958144.648666,36141134367.948,1079875601.7036057,286026818.3399025,162015986.0998413,462719052.8319359
2018-03-06,3739683892.6535797,1917694011.4325142,1086136297.7009583,1121569016.0974693,287794322.50320435,4130560807.416687,9014427734.823685,33675994481.227867,969633079.4065475,277754741.92506945,146937227.49449462,455055214.7629738
2018-03-07,3461812524.363785,1726107761.3400269,1007774986.1427689,1050625914.4279861,270477377.53269196,3824109832.9266357,8380392493.872452,30524354692.214275,938841003.6562729,278157071.8065132,132800475.98026124,447889833.17913055
2018-03-08,3249660101.673584,1646207561.4857483,976165322.5828552,1011991692.1214867,257365559.54978943,3738566528.921814,7897696916.837845,29362714451.37451,896021952.7575684,269331420.5540699,120945529.87667236,445096664.33179855
2018-03-09,3061892959.100418,1537279033.9430237,962079468.782196,967515797.2306824,240273795.45368195,3624211780.21492,7527557145.059433,27966579225.537037,855874289.5466614,264939473.2369114,102727707.66168213,433244757.82341003
2018-03-12,2876249436.6615295,1393521711.933651,891967465.4376984,867286746.3015366,229878627.42473602,3381685834.1991425,6996482269.5967865,25590978233.70865,810414648.7072372,250143956.03017083,97488869.87226562,417465496.61052704
2018-03-13,2795845959.298229,1344589797.6343346,878359127.2356033,855478768.5121727,225332096.31679535,3266824530.624466,6974559657.313919,25033980220.958557,794468819.4726944,255253078.89327773,93755397.66899414,390133292.4739075
2018-03-14,2790859737.2854805,1326666278.6041832,868552095.9720993,845142391.8524933,224952297.23453522,3228067393.9904785,7063721321.514664,25365276763.229523,804490676.4365768,255381198.03013152,89784817.2833496,382820921.68642044
2018-03-15,2730589262.5772667,1299892749.14217,801580825.8467102,816152094.3892288,219303008.47011566,3081280263.2724,6896376440.934067,24943660386.872025,780816800.0238037,240846807.00605163,84208861.3635498,376395022.22076416
2018-03-16,2669514779.4509697,1256970376.4857864,800988676.0054779,786125866.8545151,221651277.38025665,3173480979.6240997,6743758157.705078,24823537789.762344,771377917.2180939,246475369.6893692,82964140.12680665,370189934.60617065
2018-03-19,2655934439.697857,1257078344.5656204,777148500.6650925,744698135.1800919,223980001.78417206,3160926211.9600677,6823273483.631744,24202234178.989258,771871196.1666107,249801922.0894638,82847609.00932617,362121688.57276917
2018-03-20,2619267396.845894,1243523674.5483208,727906877.7409363,721438925.5184937,225939402.01789856,3076617558.3410645,6806314900.16037,23886863038.656387,758985173.3829498,248015038.48296356,80682721.7411377,362136762.96585083
2018-03-21,2645747970.671177,1208508422.2072983,757468255.9962463,702295967.6642799,230649646.10580444,3050537852.290573,6832317771.669464,23652776066.73088,749374881.672554,256236906.85696793,80438101.74504395,357471109.4071579
2018-03-22,2693122338.7085533,1264056288.0679512,757082882.8698349,705808874.4930458,233405667.8037262,3144745682.014084,7057247536.946411,24070010979.947433,763960228.7290573,254277101.39173278,85011723.99942628,352840921.0682106
2018-03-23,2764317626.220894,1298625915.4800987,807074350.4162216,721372669.1868019,225279605.92544556,3261518383.274231,7260529205.427017,25038645778.69957,756156573.2266998,254585707.28411713,91836366.82558593,359435875.7070923
2018-03-26,2803796594.9775314,1323762168.8349342,826451485.9770584,725111212.1962929,231431534.69604492,3351763747.957535,7391860894.712448,25642149885.149536,754256450.5825424,262087601.36386222,95623240.6793335,360926032.4790764
2018-03-27,2778576070.2267265,1359030758.9313316,821539948.4894943,721625634.7688484,232385924.8854065,3449780635.0147247,7650644807.245178,25940749842.41806,739865869.6624756,264798831.42606544,98116177.8314087,365227048.873806
2018-03-28,2728413363.5261536,1368465152.7937508,857664254.0607452,737611236.8354416,233501754.72587585,3426859236.0227966,7977137287.111893,26164125536.27838,731827193.7967682,259977619.54896736,102794672.1458374,365491121.3350105
2018-03-29,2670029120.702057,1325109406.2734222,821824898.997879,697614955.6055069,221924477.76176453,3318934092.121887,7900631727.1949005,25380221883.65715,720636397.2725677,254658028.7592556,99336237.2567505,358673557.0464897
2018-04-02,2667170696.035137,1368892472.621498,831838095.972786,697718315.2392006,224601396.84501648,3334751694.4345093,8080051705.648422,25851249409.635773,731614750.7089615,255803070.51746672,102507950.12454835,354006819.2744446
2018-04-03,2660417984.0218163,1399015808.3166504,834090282.612915,708614684.8076057,233830770.4354477,3401517688.3400726,8251749748.611374,26067229043.73352,752332340.6014633,249299151.25991172,103327078.18863526,366438589.2723465
2018-04-04,2680771858.315792,1411894365.86689,826541283.549881,695398606.1098099,233442062.67406464,3483841152.338257,8514684789.2500305,26555400267.785873,758655910.2668381,250970238.36150473,106163112.02073975,365400426.2640381
2018-04-05,2682828041.1232758,1433670000.48357,827658265.8487701,700821430.450325,235709693.99772644,3443551055.76355,8565879225.276337,26480541049.83185,773852857.6313782,246622359.6156849,104576973.27055664,350281426.6882324
2018-04-06,2737055768.291855,1460263041.0099792,844550091.4801025,707580278.0271149,240052923.26259613,3453623370.2677155,8802841748.79631,27730429314.319763,782926559.9100494,248369761.89548835,109061612.05240479,346185439.7366524
2018-04-09,2723904976.34243,1462908260.082531,839313943.48423,707820261.4860153,242099926.18068695,3404331542.117996,8801497695.126724,27552395652.433014,782612551.9010544,244465144.53396493,110811211.512146,341232789.296093
2018-04-10,2787982876.96537,1480416508.5630035,854697685.7757568,711540588.3328819,241050779.90291595,3456687411.331558,8860533035.947342,27882845862.022247,784408145.0683594,249385866.8099926,113823505.7510254,342971150.8354187
2018-04-11,2767069318.7999344,1485799044.1308784,903620135.0454712,680536209.4180107,244382904.1130066,3433252319.2282867,8724585700.883636,27825157984.621887,777719737.3775482,251179526.54346007,114422868.81281738,340252826.26873016
2018-04-12,2767786383.7922096,1497747716.03014,931424262.0398331,716680545.103302,242673697.20611572,3405414355.975189,8629476912.86705,27352867658.59474,761081391.438446,249839001.13161582,114176079.71098633,334898079.1790581
2018-04-13,2744768262.176647,1478288473.0348396,936610520.2812958,737980339.2669296,243459013.69419098,3442932194.570694,8736830025.45494,27339919754.49608,752774281.3285446,252191394.40912208,114698949.14022216,329698600.6635475
2018-04-16,2694761321.2122917,1477346528.6489487,919849714.214325,737699600.4787827,235280792.7192688,3319329250.4558563,8701694207.488708,26874348969.000397,745510529.4370651,244078709.8634804,115062628.82156983,327733115.77451706
2018-04-17,2677900139.3094254,1460377265.8626938,919507582.4689484,741884193.8073349,228933468.37242126,3270770045.616226,8415887910.8280945,26342704679.817657,732341773.6497116,238565284.517268,111060117.79876709,329249946.92243576
2018-04-18,2715469973.4921455,1451926369.5131683,941563784.6685028,740799710.2840042,226983687.3577118,3311068977.861023,8378404632.23732,26311994247.501602,745456770.9020615,245319044.5503559,110844607.88033447,325148764.3523598
2018-04-19,2688302424.1918373,1459775714.735489,918047731.8985367,770685048.1500816,226206911.47151947,3268058384.6927643,8302615318.795776,26294166127.057953,746274130.1958084,242103374.19696236,107178121.75583497,327987602.51398087
2018-04-20,2673154340.0237465,1423795502.8261948,950538445.9305191,776008237.8622627,214728058.05538177,3212803645.429001,8167052386.972122,25739669602.83661,724250335.1291275,240050975.8469906,100894145.78331299,326841941.20651245
2018-04-23,2656474351.0936546,1354226464.424858,917281133.0640411,760567506.4249802,225031606.46900177,3063795804.5724487,7818571648.169937,24422591793.270874,723015477.4069595,239541919.89673728,92127056.64273682,313294607.3617935
2018-04-24,2648986453.870449,1330750116.001625,907580997.685051,775627375.312233,220698757.5876236,3040244281.6362,7898370614.272842,24072344199.051056,722307722.2795105,236781121.76350442,89898457.51506348,310459285.82748413
2018-04-25,2615684372.281494,1283779475.3069878,905715459.1412354,782466460.7809258,219626499.21943665,2970519303.672943,7695157138.905258,23786448467.99652,709169070.3948975,232667138.95251387,85899016.02543946,296891198.63960266
2018-04-26,2550257985.947609,1253350111.4793587,888218628.3787918,790678121.463604,216256554.61551666,2894610021.382065,7359120245.492477,22904366674.31862,704159775.7448578,232141728.18671188,78408870.28347167,287533187.11589813
2018-04-27,2450558992.6229477,1202020245.43787,879029449.053688,781764576.1901283,215428499.00928497,2863445429.200058,7229857204.194412,22280331924.11354,682987020.579567,230256635.66897354,75568743.48081055,288527885.191555
2018-04-30,2403944125.0642586,1122797146.7006302,867596709.4337463,764475968.4971619,218417961.7459488,2737338498.0387115,6870826418.810043,21124565500.28351,664220534.5022583,237922014.12594262,68888166.79245606,289297368.0267143
2018-05-01,2445754906.9927216,1088664137.657814,875888564.4597626,780486471.4612579,208481561.77448273,2708559575.204773,6674753655.146942,20612515821.211548,654562056.7008972,242996359.12921256,65225903.40871582,276671385.89811325
2018-05-02,2438375040.9877396,1063506785.1659012,875617344.4332886,787161546.7236328,215183795.7263565,2622344601.5114594,6473135661.120224,20177354208.555984,644602326.835022,239425157.19186133,60612883.6237915,276404764.11073685
2018-05-03,2502176926.69466,1056655373.7887192,872256656.9230652,818912186.365509,232820118.77319336,2648216888.3530426,6608072097.921448,20787397678.995285,638479124.5748901,236762831.0561344,61123403.20808105,281074922.0039177
2018-05-04,2469241501.572361,1036270596.3686371,870210911.1791992,825145591.3795853,231530315.55652618,2599409165.3946686,6488186515.261459,19802042571.077576,616452891.7695999,234239032.12720603,56008490.82623291,278414487.5717735
2018-05-07,2473773838.9195633,1008658992.8687859,864804084.0412903,863980851.0295486,230530081.2769699,2585903195.572357,6431669806.943893,19239757793.238678,603410601.1162567,246353612.9790249,52774944.16556396,279444937.93325424
2018-05-08,2413357662.552147,990095926.6513443,865896166.951294,870155311.3007355,230587768.4077835,2546890590.8155823,6267541074.484177,18823999557.4971,603115234.9315643,267783169.40012437,49012883.50047608,271623834.2527008
2018-05-09,2399544457.9265213,975019158.6437798,814184622.0777893,877883924.2739105,231755391.86107635,2556484934.3627167,6183041601.909637,18473233059.657974,611357632.8897095,265181019.70805436,47443527.304187015,274275823.5521889
2018-05-10,2521883175.5856133,975880465.3702354,795304016.3393784,849191942.6255417,239981637.50759125,2569775288.444214,6166398851.592789,18529766231.88362,613234464.2858505,266386875.68043596,45590666.99124756,273803884.2275429
2018-05-11,2545677377.982998,989098828.2884216,778705283.1302261,827725637.6123047,239358220.85983276,2536097285.630493,6023479598.794937,18255520827.627335,609705372.9269028,266816453.54536897,44201622.62067871,271106266.91051483
2018-05-14,2528363295.390358,995572197.0977783,772712176.761055,838470838.8491821,252263884.84046936,2511947329.205017,5981849593.463898,18167669774.46167,611703516.0812759,269129612.5341972,43339512.77906494,269394505.29045105
2018-05-15,2564266873.2050896,997844405.0545311,812810715.4425812,850310427.3928833,274939811.4965439,2506040576.7795563,6094880197.305908,18437343337.673492,644745562.9797745,273194021.9412292,43437947.00611572,271205931.7127991
2018-05-16,2521427421.138439,988721571.5351486,799851351.0342789,848077823.7562561,285756196.3933945,2537936308.1983185,6045298029.249954,18401686810.196686,636226360.3082657,264482740.23882332,41900734.91422119,272017401.09882355
2018-05-17,2527964276.4113045,978383488.2332611,791721027.3382568,830934486.266861,279483011.4276886,2559763046.184311,5993254893.692169,18159189221.77681,623426040.5330276,264943892.19109306,41433773.791015625,264214132.32500076
2018-05-18,2482483320.4148865,962776327.605114,767700272.9188156,821331804.8565674,280800537.14523315,2537399341.859207,5822828941.901245,17754461854.156647,632518363.9426804,265798601.91718864,40166596.35340576,259503140.21844864
2018-05-21,2452036310.591316,951537444.0795326,749498241.9609451,796644517.059536,271690467.79823303,2559598278.9740753,5752491947.564545,17683363963.93654,620087505.0121689,264119331.88921928,40130846.48531494,258107780.60251236
2018-05-22,2375267449.786644,927154322.13377,747654723.1550598,764667767.7687263,266667633.5797882,2482810617.8020477,5379934426.985855,17011392996.986542,603745024.1756821,264708466.3956356,36982377.306359865,251991580.52900314
2018-05-23,2378856193.542633,941241540.3270912,753055117.6298141,759309369.0503693,274218817.5659561,2433912307.3122406,5201659799.882431,16584310989.56009,618137843.9287186,267013118.80542755,35127077.844055176,252302984.75118637
2018-05-24,2443990913.8710785,935153829.603939,760773709.1505051,745574319.0582848,278427842.2784424,2423496316.1156464,5093999841.1315155,16703614247.28386,626307750.5260086,266203297.58596116,35853847.80159912,246072077.21611023
2018-05-25,2454049854.425888,939673538.7844276,774090331.1379242,761878832.3076248,280272820.9149933,2381090080.131302,4922682875.762863,16709528278.82988,641082686.0408401,285152679.3981331,34896848.65319824,238786630.1173401
2018-05-29,2569038068.223171,1031388512.0782852,768367416.738205,764706948.543396,313272449.0764618,2425948714.7315216,4981152175.617447,17125721366.811142,706671812.8286743,282960371.16329384,37574829.74296875,233543136.71390533
2018-05-30,2560230289.495735,1053146846.6125107,749869864.3619919,754899942.707634,324392532.73239136,2438647149.0733337,4882222375.131683,17096308821.057358,725071399.596138,288689299.69151914,37455916.45534668,232989794.42993164
2018-05-31,2606236082.7669144,1137168834.459076,751189995.6812286,769627206.1185837,330756647.84103394,2531359520.527191,4873342477.67128,17211157442.497406,754954164.340744,295667944.37001646,38727100.283691406,233653987.90605545
2018-06-01,2574590098.3423615,1189060468.9988708,770364069.466896,745610782.6023865,338698132.8502655,2541760592.532959,4783469698.040924,16492719519.04129,766706913.486824,302469885.45553285,38010207.73493652,238271838.03022385
2018-06-04,2529377496.480484,1192762856.6100883,760314222.4943161,742913126.2273788,341892213.51329803,2526046967.569809,4627795855.968475,15973100457.60109,780418407.3365784,302281859.55456924,37647098.13493653,243421179.07800674
2018-06-05,2493904994.447117,1215435524.229412,781316241.7724609,708621980.8267975,352192756.3461304,2509850591.4930725,4577040302.99736,15942482335.337677,790015941.5158844,296731923.2473202,37675142.93040772,246280261.93986893
2018-06-06,2472259783.0023956,1250982277.0045853,771834085.1650238,690085800.6896973,361619551.0932541,2512277039.897461,4580759582.176895,15915379721.268768,798193303.0154037,270709326.9290573,37604029.654980466,245782091.5282631
2018-06-07,2555973170.36335,1279217111.902771,767180072.5746155,699437330.7160187,368265291.480217,2531079129.9630737,4676463090.037384,16098693502.209396,824540028.8230896,266199393.68765908,38032139.20505371,242241204.52075958
2018-06-08,2470118624.597988,1292270435.0414848,758294095.1578903,689569557.0344543,381572700.69438934,2549152308.4926605,4721629593.592758,16119218325.625153,823314467.0777512,265445993.7412983,38323495.70151367,239859125.61985016
2018-06-11,2408501746.567459,1310933630.2852058,751148289.4952011,695063751.9758606,377687257.048378,2565016456.2267303,4708361285.7886505,16122265975.986023,835523123.6603928,265234439.28911743,38342510.749658205,244334753.11223984
2018-06-12,2450437933.326473,1323283979.6874619,772490519.9850082,689001267.6875305,364856611.22211456,2579247748.8822937,4720405865.172882,16352196130.030365,840696445.4908371,266585936.12861595,37505924.54666748,243986117.95211792
2018-06-13,2490993491.6415215,1328543429.9450302,741808141.419754,661591783.2764816,350456266.25808716,2602654649.1521454,4643115492.680664,16281175917.908783,822662057.4476624,265458254.66702422,35739989.62637939,250512222.5916481
2018-06-14,2517429627.09795,1356061232.9118538,761029334.84272,664655111.311779,345910142.6641846,2595843200.347824,4761755174.504089,16581038790.058899,840589730.9849548,264740126.3466259,36010446.11827393,251260332.21082687
2018-06-15,2538164390.6160927,1396293354.4972801,801619317.5434494,673775131.1692238,363305553.62342834,2648585256.939621,4958782176.851044,17375993408.974304,845037353.5785675,270219684.7176598,36147130.56505127,272542691.5555954
2018-06-18,2579680344.1036224,1418820314.3352127,783062298.8589096,666647940.0617409,371658011.34521484,2661809466.5203094,5015907616.17775,17254165113.81073,823855436.9550323,273049231.16564214,36280325.43790283,281863684.30309296
2018-06-19,2690281324.2733,1462420725.572586,787542220.1178741,682320882.4299812,377416905.9590912,2733817323.5046387,5152390498.413925,17744589123.600998,832627560.2178955,273690730.0049423,37386852.2243042,304306123.807354
2018-06-20,2755861048.064728,1529707706.3442612,786862908.4651566,694246607.8213692,382050316.9580078,2784761690.9444427,5275329943.719177,17765331539.19754,843548946.6866684,272860345.5767967,37592591.04309082,316081503.07878494
2018-06-21,2775991046.460552,1528692798.563614,778034786.661377,680789125.2360153,372097605.5373764,2885441170.9381866,5424699054.255524,17848651181.03943,833195789.840126,273140336.11752284,39116201.02536621,315781341.3596344
2018-06-22,2712408455.949726,1539717153.52602,750358314.309845,666847687.584343,369321327.2318268,3046677045.3832245,5452569404.7846985,17602108551.25473,814145676.0475159,285144458.2914661,38167494.3939209,319870987.61110306
2018-06-25,2836955584.4734573,1596758959.3488884,757312890.9386063,670076990.6850243,391565795.2054596,3240928918.0623627,5865114979.093704,18579772691.427917,814065445.4396439,274474301.2401508,42585704.772570804,327177037.7388382
2018-06-26,2750963102.757683,1506246574.445858,753522128.8648987,653721615.8667755,360261298.75953674,3241291577.1450043,5853804385.988998,18029737261.114502,735513586.9726562,280705081.1130794,40491791.16844483,325205000.9928131
2018-06-27,2781361236.045189,1514784862.3490715,763729773.2800674,648313894.9535751,354120731.24694824,3257766519.7696686,6097101068.3004,18445929281.41327,719309301.2413406,289253437.6121853,42610975.20960693,324570716.16062164
2018-06-28,2794620052.3835945,1442212604.4439507,761208402.3535919,638610128.9472198,347361198.1511688,3245780321.1940765,6186954706.933517,18248438628.64914,702114043.6433792,295905469.3197514,43525858.060180664,320605108.4664726
2018-06-29,2863194167.6387215,1420631629.160328,759327056.8749619,651162044.7547531,325745660.59524536,3268163851.8608093,6110886634.81514,18561231308.754272,714396011.3137054,296974680.8731472,44246909.14147949,315402526.94280624
2018-07-02,2933854614.974861,1472702372.4933815,803344344.5278931,674874331.278801,329143905.39417267,3338581546.9343567,6202661053.537064,18776262442.27173,727087595.7520294,300045428.0039528,45375015.11230469,323308820.71683884
2018-07-03,2907986374.6175385,1466762104.4662857,813986179.7306824,673345544.7103882,317290832.0875168,3340552471.00029,6204296091.304092,18662231514.68376,718811807.673111,301032792.2265469,45801879.60854492,329190443.7215996
2018-07-05,2936920216.1927223,1446472925.5937958,818363945.4101562,689430357.3094177,308082536.07860565,3355891520.431671,6255390716.324387,18583561652.51999,700815908.5785294,306075077.6313511,46999009.8548584,339432667.4428749
2018-07-06,2890911295.477314,1420198722.2772598,813143971.9871521,677952216.7606926,303205034.9949646,3373574970.9231567,6236660358.188324,18502312736.894684,660758133.9193344,310756644.6963612,47505730.84592285,353744829.2849922
2018-07-09,2897415918.9603233,1412672552.1618843,813644200.785141,682842716.3165092,282007530.148468,3368570758.851013,6204175847.733688,18239759534.127197,657429352.1500397,309943713.45773774,48756600.78800049,365691361.0058212
2018-07-10,2941167616.738243,1392101144.5227432,816247924.7051239,674775401.5078354,292971403.03577423,3392166564.6460724,6220464546.919479,18158383507.09549,652969772.7999115,311745745.8747013,50480137.67324219,367373707.93460846
2018-07-11,2937461450.489235,1410061411.6641808,812567910.0033569,679381992.7610397,295303403.3377075,3450915259.7789764,6286624114.877396,18213699427.518463,657763305.9809113,326179774.8839634,52276739.21259765,373232991.3534546
2018-07-12,2844350341.0273743,1404341214.267006,803508884.9573898,680435141.2976265,287406211.2545395,3450605288.1435394,6209181918.236084,17988428879.966354,639469863.8241577,331338283.01047134,53221040.72131348,364688998.6951065
2018-07-13,2774716092.6493263,1384790497.585926,786077089.7742844,668922430.3604698,284455968.3488846,3421732693.1702423,6146123979.753418,17638144850.470505,611330343.9222717,336201638.90532684,53348494.81774902,366902258.4131241
2018-07-16,2671130641.614666,1340950829.641323,719455653.2461929,645547598.8280487,267572470.68958282,3353460927.2872925,5912011099.4644165,16761502744.861069,599986828.2059097,340009407.52847064,53493703.01748047,343685473.76911163
2018-07-17,2602449563.6647606,1303677316.845398,742327034.0442276,643285079.2653275,252655368.63681793,3326644868.9051056,5912546055.007629,16763186939.324646,594903025.054245,366174749.87505496,53783019.814941406,337172849.32186127
2018-07-18,2453278365.282364,1259481331.62323,743931213.5344315,644116334.3748856,240833138.27098846,3244274030.419159,5791307896.933289,16128526746.684341,596044811.2365723,371368089.6252972,52787175.97852783,319893956.0742569
2018-07-19,2456021959.446087,1226727427.7248955,798965998.6118317,634262965.1689339,245784392.5933838,3237840785.08934,5777565311.501923,16232656182.429504,593303019.8188019,373509405.5432545,52871853.20673828,311521551.68144226
2018-07-20,2437437974.618168,1240567258.1377602,810854968.0314636,637632630.1675606,248694054.55631256,3167177540.0709534,5719938009.259491,16389383011.797638,608946055.1063919,377692752.311319,51823427.86237793,310293513.8405609
2018-07-23,2453259877.2934723,1198051454.8208618,820075429.0534973,637854825.0843239,261153588.25836182,3006698463.450775,5658689795.4522705,16305268910.078125,644245009.6276093,371199747.9381119,51406457.222546384,310276897.50637054
2018-07-24,2376100174.878216,1141883343.9359665,792180782.6570892,631980833.667717,240852511.88606262,2926287995.6427765,5341297970.568924,15499511230.88768,647240942.742157,368329966.90954286,47968316.9949585,305140946.7238617
2018-07-25,2397629675.7065773,1161595784.299717,772422724.7141647,642890776.4599037,234629274.35447693,2912550324.9536896,5326635843.698654,15667116172.01706,656029716.950264,359820706.5014725,47026485.52415772,307480368.3181
2018-07-26,2356922358.213024,1146423114.5376015,770948469.0995789,632341152.8342628,232649670.40016174,2869457519.9282074,5250138778.771744,15140286837.482758,648792430.217514,346043076.1336845,44260255.29333496,307105629.7370148
2018-07-27,2288186725.229225,1168684578.575611,755435196.605835,624339376.10075,223029004.87930298,2886947437.201996,5374448544.347534,15177490248.779907,635938452.7225113,333749704.6290428,43216675.47940674,309642949.8755646
2018-07-30,2168766950.553398,1131942796.7778015,731998750.8124542,599674144.305439,227609378.27842712,2857929924.5767975,5578342219.0065,14795441608.25409,615720591.108551,330011075.1507637,42988813.805554196,305823212.8569412
2018-07-31,2192734888.1545067,1097612746.257038,693340677.8244019,567703579.9654579,223934466.2809372,2854270733.451767,5713939518.772125,14884551509.099503,601476020.847702,325500144.74880713,42234384.08267822,299502509.0290451
2018-08-01,2255955567.967396,1127080855.3437614,686255861.302948,605282257.8335571,240211417.5107956,2887647715.4837036,5819140436.3697815,15048202836.210556,645772048.1790161,322527502.52254903,42672235.45163574,301184317.1613312
2018-08-02,2261255161.6090584,1143137458.7383842,692304923.9559937,600858497.9511261,247227133.14949036,2885124049.8108673,5961746499.493561,15152852182.835083,648030578.0237961,318808015.9889504,42421422.49476929,293628261.6809082
2018-08-03,2210332607.31287,1136873372.7893639,708998583.8210297,593566978.8840103,242801733.40091705,2899577651.9615936,5900541294.506378,15019265558.319397,654456125.0019073,316412665.9305283,41773836.879803464,282819247.6527786
2018-08-06,2122555742.5487137,1113548221.1411095,717944378.6922073,582678635.5986404,249526697.75165558,2895990822.39769,5883699760.583496,14893856855.22583,645570841.9105148,321350356.33175814,40600723.977471925,276970104.13404465
2018-08-07,2076804508.1319618,1109665047.5817108,725341105.4849625,585410111.2914467,239870810.47424316,2866850998.77861,5940561937.607803,14798348637.966614,642932595.4478455,319340981.5373131,38807897.701898195,272406636.73368454
2018-08-08,2027524351.6224098,1067107016.4613342,706195961.3950729,574625194.1947365,242245303.02783966,2798124078.1845093,5882886463.410721,14386146190.140839,636210566.6883469,311931299.6686363,37482944.16254272,264210853.84296417
2018-08-09,1993591718.7684822,1049120463.6924744,703512348.1204987,563696241.614685,254571011.65878296,2728361098.621063,5807674870.57251,14093298860.861893,646814081.9387436,306223322.33346176,36559867.957250975,263218782.9286003
2018-08-10,2075522108.4669685,1078437696.0222054,710250320.1792908,562815572.5307465,260637712.73086548,2767224012.634659,5858371283.923569,14462684466.989822,667545151.1317062,305045046.0644989,38208247.21509399,261653057.8624344
2018-08-13,2151016883.0039787,1102293781.7596054,740360063.1502914,570058175.434475,260569515.67626953,2801532931.9613647,5899664529.618912,14687516817.814407,678736461.6847992,302476876.48448753,40322754.06788941,260822132.46479034
2018-08-14,2166176984.921627,1116120704.1605759,734259364.7767639,567641486.4061928,266707059.1506195,2821415477.8131104,5814139172.31163,14588965609.964905,680828942.6166153,277743606.8950478,40920435.44865112,258570863.83621216
2018-08-15,2330776224.4392776,1186868652.4437332,771832258.8484192,573074602.5574684,281355192.9980469,2923271296.496353,6114065391.082382,15318024131.912918,687078655.4561234,294171839.36655426,45638036.287310794,258946585.78697205
2018-08-16,2335735861.0360527,1177191443.5152054,731024295.2141571,595831569.4639206,274567851.39377594,2899872342.3368073,6086332037.368851,15436651310.681229,683110913.3253479,291123403.0696041,46588785.89319458,256023660.15392303
2018-08-17,2331867249.2032623,1167733239.0221024,732522380.5142212,612848533.4663773,273282949.12132263,2880985318.5077667,6089485146.4266205,15245276755.17212,649949844.6973801,288962418.7842552,47409497.20720825,260809464.72143173
2018-08-20,2316585729.545059,1183075088.374977,726227553.4628296,615075735.1890373,263440519.08939362,2882680830.0185394,6113151618.770676,15165108983.67691,622314260.8050537,284464898.0055229,48919536.29535522,262098182.59038925
2018-08-21,2319623616.486416,1176929876.4459229,726866752.7967072,608263377.2631454,260293343.74328613,2847230586.5322876,6022054696.13739,15169784333.642044,601974884.8111343,277675523.22556686,48703961.84008179,259422156.1512184
2018-08-22,2255805383.3187485,1131310197.3002434,730100815.8698273,599911811.9246674,260396342.67169952,2818733405.3823853,5873000086.728058,14747998930.628433,592816028.6331177,276664764.024247,48811034.13353882,254966654.08100128
2018-08-23,2250525581.1141205,1127151095.4815483,724010118.1518936,595924230.9405899,253214500.08411407,2759066674.5402527,5744752240.344696,14644026993.40828,586398560.4133606,273441875.83686906,50145691.9510437,249551421.77700043
2018-08-24,2257073137.3763657,1106641914.1123772,746248583.9592361,586732513.2995224,252704198.40488434,2636137170.9226227,5443549405.332947,14419315800.52353,594500383.2113647,272976384.45696795,49223099.76884155,247326188.50925446
2018-08-27,2356924365.7504272,1125575363.785057,747211955.3429794,578982931.2688255,244498902.7243805,2610303982.0034027,5199725394.329834,14361488671.118774,591889487.9135132,268321693.4818512,48120699.230169676,249155996.84875488
2018-08-28,2283462735.3380966,1110840678.4983826,749945767.8744507,572028663.4555435,238060424.6792221,2535868861.4608,4981137126.082001,14109994030.937424,583292713.9241028,264465316.4424591,48220679.620465085,246283450.8283043
2018-08-29,2275935624.71138,1091139816.425438,736294473.3598328,527454675.8019638,221605457.58663177,2503971010.1911926,4927763265.534134,14233794257.369537,547577782.394104,264692540.5010727,47545745.2262146,233666951.3298416
2018-08-30,2365579115.886612,1081317483.0722427,731631576.2354279,520502565.36209106,219263363.36486816,2476493692.728882,4784962396.420441,14227771676.504211,552157141.2551117,262801250.72703058,47506091.866967775,228455881.17959976
2018-08-31,2449509977.395706,1125383559.656601,726078386.9697189,528033346.52446747,219162770.2030182,2408633344.7174835,4791501407.948151,14400653315.61554,569515369.3553162,259119347.3703068,47670400.90065918,225406813.6848259
2018-09-04,2524283242.963562,1159678506.7974472,730222088.8886261,552069333.3217621,217366544.32582855,2425019979.377289,4834628049.307098,14643085674.424438,637377416.1351776,255449757.98392946,47906219.33759765,225614688.54299545
2018-09-05,2588130613.152828,1182552855.799923,725763270.9705353,566044814.512558,213849351.0609436,2428729460.070877,4947920612.265015,15024012184.486084,657111165.7329178,255170702.86626512,48317881.34465332,232943144.50429916
2018-09-06,2658931622.2431755,1211808410.0097656,731047148.3922958,574628525.9200859,209205718.59859467,2445135996.0834503,5149944883.863373,15332591474.738464,676282238.3298492,246209701.925296,49787640.733996585,237211898.7488556
2018-09-07,2701208342.639141,1238975976.3428879,727674499.4699478,591609622.7365303,209605618.73783112,2498927422.7269745,5388272911.464386,15817950690.948334,695497593.0329514,244818520.5293228,51263688.86361694,238841758.1626892
2018-09-10,2650038721.929512,1204282251.2530518,702026920.0217438,584724537.147255,204435208.8903427,2428816185.9825134,5323828671.856003,15492172255.656433,685344814.0766525,239180249.1091091,48964874.52658081,234697449.2944908
2018-09-11,2645131990.709343,1185081302.7078438,671805186.7720413,605837890.0833511,211105789.8026657,2383112669.163971,5362343329.421921,15317867328.245697,673127999.9018478,229060662.18049353,47140945.848638915,238610020.76236725
2018-09-12,2745536623.9881325,1176388941.10075,667799365.8019257,618098989.2075729,206490067.75997162,2415098354.929199,5496128349.87709,15532383848.517914,668682923.1049728,229591764.9562866,46658191.57348633,237471269.86370087
2018-09-13,2674244614.8054123,1137279939.2928123,630927459.2904282,606251795.976181,191521405.1896286,2321023670.1483154,5270657558.416824,14905534785.035248,654861558.2173538,210809521.8970337,41987234.94547119,233399611.45832062
2018-09-14,2652257094.111023,1132068522.2413445,619728021.5591812,600981300.165329,196297094.70752716,2325594694.91745,5306856033.791962,14734947459.164734,655275710.8768845,210082448.29135323,41260649.34547119,239145735.11844635
2018-09-17,2647786766.4919662,1100800664.4815826,599088789.0167618,595602920.0896072,199416683.91368866,2364171315.4686737,5283359177.587433,14781009752.205582,663931211.3695908,206540969.56833076,41151796.15048218,238163531.485157
2018-09-18,2649064418.5874176,1113286675.4668427,596023238.2464981,628978485.6314278,207907198.28754425,2368624350.70549,5347361423.590088,15075148274.518356,684408860.5830002,205273600.0596447,40155780.41832276,248381463.71274948
2018-09-19,2622092577.651005,1112756002.8551292,591575536.91288,643759973.6097336,220278093.49769592,2344019533.6100006,5398764985.834732,14855158025.399704,723948843.7221909,210903390.13415527,39969521.67359619,252004723.30739975
2018-09-20,2707422749.181652,1144215190.9278107,581422613.3202744,663891543.4387207,222519889.1159439,2364122353.4654236,5535789759.809952,15589496243.459015,738647957.3238754,207346962.21033287,40277281.76199951,256089064.98638153
2018-09-21,2770344814.8462105,1137503379.2287064,589331831.7298508,673110924.9306107,223100204.0201187,2515151754.93515,5651346789.872208,16336585786.12503,741600548.7361908,220332727.48849908,39392625.431396484,270571207.7498245
2018-09-24,2741984639.8368263,1134502604.5104408,561897997.263298,681016636.7253113,227568263.1609726,2544094349.704666,5756638695.054703,16296098397.02713,737601153.5333252,228839628.43424797,39196174.81600342,270906396.9665146
2018-09-25,2653351789.674244,1120870519.0480232,553969236.2916183,702737344.5005226,231721894.6654129,2526455644.4299316,5721179698.526459,16137639618.263092,737549419.9769974,234935649.55719107,38738626.064013675,271512355.6787491
2018-09-26,2712554313.490696,1140323362.6900673,566189368.1145859,734937003.7785721,235823512.31243134,2559575907.1287537,5860939429.219666,16563051239.68689,758417089.7331238,235553637.76751596,39221091.054541014,283597632.99100876
2018-09-27,2687661500.7950783,1149650944.6162415,577166545.643959,736727058.761158,256359053.89400482,2567209256.9992065,5894974950.254822,16535578726.087494,758388781.3163757,231554834.35753822,39157238.82644043,287219996.515007
2018-09-28,2588236245.6342506,1194184027.9648018,580248338.0527878,761352685.6868553,261034515.488739,2630404978.0321503,5883621604.048691,16654851536.769714,792692053.3026886,235352853.2853611,38244753.800634764,296407333.2903099
2018-10-01,2484190989.068489,1186963530.671444,573503939.7041321,798644320.9184265,278759342.0652008,2745145652.140808,5872063553.93631,16610180181.02829,850277814.851532,248177442.61424142,37549546.25596924,307692499.1702843
2018-10-02,2450791811.3121033,1170259662.9130363,597495368.7831116,792084873.9636612,276506102.6980972,2817794897.9144287,5841926105.005188,16483993378.331451,801089640.0947952,249910757.38005716,36683610.25596924,310370376.44901276
2018-10-03,2449613576.86924,1151861024.0469742,610080630.5400848,805344422.898941,298354700.9185028,2895942934.0838623,5728214927.45285,16396218180.145416,851697955.3438187,261668091.02734643,36265401.847766116,314659823.0260849
2018-10-04,2548542758.7034607,1187242836.14151,620458208.3315659,838873207.8445816,317978474.3778229,2986213373.781204,6029412289.252319,16991165753.963165,879719547.64431,271335772.2650105,37610913.72255249,322793897.32652664
2018-10-05,2579053030.100155,1201549624.154625,644919533.9280319,874639996.837368,322874157.59498596,3083019942.1562195,6342700363.722534,17411159873.827667,908207647.3488235,281936832.73452187,40963377.209832765,324388113.64046097
2018-10-08,2576101389.2585564,1224693102.205143,699965908.755722,891070394.8537445,317804563.7274933,3154166307.164917,6686964440.418549,17893802627.477722,904123475.0242233,290386312.46148145,44225440.152038574,330452332.1459961
2018-10-09,2551446119.369488,1238633992.7622414,725526807.5870895,895395991.070118,316383839.36027527,3196042754.9328613,6844742771.44577,18197306020.23285,930824661.0987473,299756910.46921766,46125818.205682375,335604891.82027817
2018-10-10,2513230988.443775,1352333498.8933372,749136908.7635803,926122040.8129311,322943541.9658661,3362902372.937393,7466437707.238312,20089255014.54422,984298218.037529,299877574.5416447,54141542.36156006,352731359.4246483
2018-10-11,2620256197.6335144,1583044126.3381767,872288207.4251938,1002119081.9198418,341788132.23594666,3730544810.756378,8348645923.807678,22758656303.73169,1035190944.3335342,308794334.1604363,69411370.5244629,376344131.50413513
2018-10-12,2702550531.639366,1695368137.8506088,916460471.849289,1055062851.0880089,337045786.68144226,3981480043.8970947,8922729554.509201,24297332695.195465,1039896429.6339798,317140547.207502,76973424.44815674,389140961.0074043
2018-10-15,2660714437.615204,1741439440.2353477,958211764.0550232,1064217069.0811157,328782488.73161316,4056963193.5968018,9169674356.51886,24671071379.935837,1046891368.4932709,323634243.69897807,80401337.01386109,399866183.86234283
2018-10-16,2682050576.977463,1778080697.5876045,986528085.3311157,1061279060.7500648,319222840.4663849,4212781889.5861816,9499959966.078262,25348069494.113693,1021087142.2857666,326873862.61962855,83346278.85009766,390768183.9742279
2018-10-17,2700191055.0325584,1804587744.2260742,1003462740.1351166,1073059503.2945633,310020473.3127594,4250753114.207382,9788860256.274796,26094985785.541916,985666139.0755081,337249934.30373156,85671524.91096191,392186749.53201294
2018-10-18,2707909754.9181366,1858619520.3846931,1024573537.0418549,1109841906.784401,308352091.7145157,4338037015.965271,10176619242.110672,26444541383.949203,971315412.3180008,343725029.86446345,90098053.34682617,398757678.65499496
2018-10-19,2656971834.161072,1887412457.654152,1029045106.2176895,1136546407.5531387,327035989.76291656,4325193601.548004,10522601129.70604,26793572373.570175,991986061.8780136,337670772.2933628,92162118.73251954,392167169.1681099
2018-10-22,2673242069.358597,1904161867.1328545,1033968923.9089203,1149784536.9787407,324075619.0296173,4399890501.978149,10654715519.953613,27110278678.33351,981067904.9892044,331713383.69352835,93985498.52086182,401414940.1080704
2018-10-23,2733342594.3850327,1986553906.409359,1090826239.1919708,1170806383.2872581,330470442.85671234,4550300670.862579,11072932340.791397,28317308098.316723,997156333.1294632,350545553.0894474,98995097.1420166,407278315.9555054
2018-10-24,2722830125.266323,2065241366.8684196,1093875480.1438904,1181973883.8323402,340425696.71691895,4682393747.517242,11565964311.507187,29387272288.178253,1026016103.454895,361163129.9370197,102268435.51324463,398298479.9575043
2018-10-25,2772828668.5082054,2123415640.5093384,1099155601.1050034,1241780758.4975052,328746761.62734985,4790726728.448715,11952829647.695847,30279522394.826893,1056632967.1497345,363101737.57952344,105619064.06612548,401961517.7853203
2018-10-26,2881425035.688839,2197714606.4009666,1157069159.3711853,1269535054.668522,329990553.62190247,4864361177.988358,12743581059.513168,31751759529.188,1082137430.2204895,364294488.98484725,112348266.36558838,417370935.6188011
2018-10-29,2988005115.2083206,2269290413.4218407,1185943513.0146027,1270193723.7029076,319026549.1481781,4873679553.563538,13370286897.062836,32832585124.39033,1013176716.6286469,358378600.841972,116085956.55600587,416737006.69950485
2018-10-30,3047324669.9672318,2343658717.0121384,1166467178.1883621,1298700032.6487732,330867935.0305176,4858490853.501511,13875020479.824219,34090726246.75697,1019915585.7180786,359479606.0709492,118940127.72125244,426397618.0128479
2018-10-31,3064576476.70187,2413518999.216957,1194305134.9198914,1311988613.837986,319902265.6059265,4912936151.459885,14214008795.645676,34795481184.20517,963848342.4125671,360453005.909969,120560207.92239991,429799224.5956421
2018-11-01,3042114197.086544,2418301776.9782066,1236440014.4830704,1334122535.3756714,313455981.0284424,4892622734.080582,13946319896.72203,34569889965.52719,917711308.2423401,363939142.62487984,118669274.46504517,427869201.88705444
2018-11-02,3094377854.4329453,2442299966.747303,1242259797.184372,1318534819.3181038,311796915.0363159,4849106265.117493,13844265462.47734,34696536829.36508,886727419.8059845,362662219.98637164,115555001.96526489,435512492.18608856
2018-11-05,3092020990.160866,2435991324.789963,1210714917.043953,1316788170.8924103,313909958.0654144,4810747461.304703,13592645548.900452,34371313693.8736,881804268.1185913,360216294.93584174,112587502.61121216,439933691.04974747
2018-11-06,3058006991.5813446,2423775726.821308,1205876650.6140137,1303101517.1370316,311402226.77303314,4769176905.2230835,13451671239.60083,34156340360.70122,843588092.1599197,361304178.54332465,109879710.83962402,434852626.3835716
2018-11-07,3035349352.2318077,2346304662.4933815,1194899002.5035477,1306487654.7773361,312646847.94979095,4593791375.089722,12943563091.699524,32782894320.815052,816219956.1137772,364328229.3197117,101812264.57008056,431768951.7032051
2018-11-08,2912871571.7689323,2126092794.0859413,1083911716.7737198,1259313583.3317757,297484086.0006714,4220378221.90979,12123022178.201218,30274524001.028137,773493976.576004,359652765.07285005,86543945.05521241,407122578.8688469
2018-11-09,2854146034.1373444,2027318053.2097435,1090409200.828476,1228075486.7724419,298014069.10827637,3991822611.3674927,11689119983.823929,29247099838.75763,771771503.3719635,359046088.77143556,79023928.81289062,388564967.2085953
2018-11-12,2878830294.2619705,2021589422.7701378,1064419026.0015106,1243380088.1550598,305742718.96118164,3912680710.626526,11652692257.222595,29207383287.689137,770356375.6599808,363861658.8458031,75306548.2421753,379264504.2813873
2018-11-13,2942398679.0368843,2021590835.5863953,1062151566.1266327,1253573388.8110924,308135045.53539276,3782728630.1641083,11553637089.538422,28920600726.89568,778338671.7214966,399490605.2388691,73814939.50767823,378513666.6566467
2018-11-14,2985938975.6326485,2081391657.2551727,1101132557.0768738,1324961629.410534,313665565.25959015,3776176784.596405,11580222890.43663,29046924602.178272,791268636.5551376,409223931.59198034,73028159.2776123,377430643.0988693
2018-11-15,3059900942.0309067,2096270565.0995445,1106106110.8103943,1334298433.9003563,313894001.043396,3726205550.603943,11486365937.173462,29033303408.566822,801176376.9770432,415415821.484795,69296255.02022704,376854277.2741699
2018-11-16,3155982568.571968,2092310721.824646,1112453401.2421036,1456010905.6374168,321303402.5091934,3690261784.908371,11324775252.21611,28856539133.99712,794120567.7097702,418571284.8467449,67907732.1784546,374346602.0795822
2018-11-19,3173600993.9416122,2095474846.6025543,1131573661.0012054,1514581833.231392,328798518.6087036,3639789776.304016,11405797336.610718,29081941915.392223,811777431.5220261,426661347.9673176,67146251.12121582,374277066.745224
2018-11-20,3186767757.205658,2059586671.300087,1110127409.5080566,1516235829.61586,325795041.0015106,3555167051.620865,11543761110.554047,28898834569.78462,793934484.2908478,434526285.30447197,65782270.75129394,369927999.065361
2018-11-21,3160714059.0537453,1988273935.5348587,1111354199.909668,1495483540.672264,313347678.7887573,3407696033.4602356,11061101810.78537,27691502371.298065,743318443.6272049,437564131.7216511,62635354.75749512,364779259.0394974
2018-11-23,3081757757.5296593,1904339465.4954338,1084599252.7506638,1439619331.7531395,300720368.4536743,3263716412.193451,10559444523.485794,26534479221.053543,699669359.4083786,456708891.5804596,58960287.27071533,354845495.2537155
2018-11-26,2985337687.8573227,1806647161.1184883,1015977096.1187744,1417943460.4688072,292885758.42926025,3120442699.7385406,9846146002.508316,25107514310.047684,644644167.559433,462491681.42860717,52760648.92479248,334322444.4896698
2018-11-27,2960146779.9111176,1753992803.600521,1020777889.2090607,1392565238.9006996,286918942.0301819,2998033700.8550262,9261688807.17949,24122500954.50157,636924657.2911072,467247562.41747206,49109908.62191162,329006119.15618896
2018-11-28,3008102262.6807594,1731123595.0195312,1058444666.4117432,1390769780.3902817,277956685.6634903,2981355767.13562,9093708329.194107,23810040951.352768,627404802.3237991,479452843.30786055,47139879.65515137,328535842.0539093
2018-11-29,3035351628.2369995,1687313435.037899,1030251329.1992188,1376397600.381012,279647508.4328842,2835113719.194107,8856165341.507416,23269313537.9747,621467186.1955643,475395854.40336454,45673074.85515137,321437181.9403839
2018-11-30,2990824071.7116165,1660040908.2013512,997771909.2995071,1325527745.9247208,272435105.5721283,2777225662.239609,8720543473.739777,23262958822.094727,635924624.0613937,476250398.57097703,44729061.02655029,323948051.5727997
2018-12-03,3019823003.0779266,1671919973.2226372,995760715.6791687,1346094186.5133667,276089949.0003967,2754294607.5315094,8524523165.857086,23061697077.6622,630588388.5100174,475469815.3172886,43696242.49516602,324569493.89663696
2018-12-04,3150779890.259056,1736753661.3643456,1001235424.6520233,1400739559.2697716,298916863.50593567,2911065602.633972,8763140947.769394,24402898885.631104,694778624.1829681,477604634.1448509,45934569.768261716,332924027.0651245
2018-12-06,3361046549.2095757,1880020272.1960068,1013330575.6363678,1436115599.6595001,328974338.21235657,3052890763.416214,9054025413.580704,26117927074.229965,753256594.2871475,483198417.1296894,49133916.71135254,367388252.6607895
2018-12-07,3443752810.271778,1922768766.6441917,1026067729.143753,1442100071.3121033,346620089.3288803,3081269213.4296417,9244239057.942886,26721169809.74991,752206034.3529129,490318719.1307789,50888234.06386719,375265250.69828033
2018-12-10,3462429632.3840523,1990347612.4930382,1029612440.1338577,1448643355.2471733,376297652.4359894,3175097244.536667,9483715970.393372,27681517662.457275,762990343.9474487,489605907.82172585,52404254.58666992,382222266.9960785
2018-12-11,3497223444.7873306,2091006561.6607857,986150943.0500412,1443485119.1492653,387362467.1776962,3220976678.7195587,9530517427.950745,27888156459.561615,772163205.9127426,481421267.31724966,52978867.349853516,387587252.4972153
2018-12-12,3536192257.3600388,2125694141.9262505,967900081.6663742,1430173344.1637802,387778297.699852,3254309157.435379,9457575921.788635,27836610622.554626,770279769.5599747,473892055.71389425,52458097.47532959,393429454.78494644
2018-12-13,3482301356.119766,2141287266.500969,939258940.5346298,1410676952.1365738,391687181.12766266,3278490454.3081665,9313893748.872375,27789537839.705128,766851271.0154343,453988304.2015831,50586565.673303224,397221241.2878609
2018-12-14,3479066109.4790077,2134164189.3410492,903203843.7446213,1332009957.3571396,387391794.0439224,3265369561.6471863,9155561643.807144,27638301855.889282,765993931.2046432,440197218.18462294,48392692.132348634,414802952.4484825
2018-12-17,3409554738.866825,2136976961.7329216,901899321.4513397,1308818978.6200905,409077670.8955002,3324512848.2650375,9130227760.585938,27877312466.1084,776539690.2894211,437569184.2075264,48725933.24105225,454474657.86548615
2018-12-18,3349008235.239773,2176417048.358803,896875365.5989456,1198856167.4578285,397860933.31970215,3385786781.1709976,9088776529.419937,27861270912.569733,782325648.5039902,446853712.0710449,48429508.197424315,469354538.52746964
2018-12-19,3550541468.4235573,2262093502.281399,928855779.7888947,1185462895.4633713,416574406.55643463,3531230741.522789,9171882852.413788,29030155196.742706,862351560.5176544,445167023.9347809,48939830.5614624,478977840.75878143
2018-12-20,3690688810.597172,2390232635.4788017,987353163.9814377,1311220660.6862068,440964709.5268631,3707167625.163803,9111845959.373627,30202992322.122345,923278556.830101,425943330.2679981,47573881.816430666,500975593.6848831
2018-12-21,3810729257.8740883,2524689330.624695,1017083136.7437363,1416883333.355999,454169713.8250351,3934234125.4600525,9775249410.32547,32061574328.894806,948786868.177414,422542372.1996082,49269398.68662109,535218459.9094391
2018-12-24,3839522298.575344,2598994818.7602615,1053939848.0350113,1440542467.8245354,479452893.4318924,4023332094.898834,9981870555.021057,33104531200.033417,975727916.370163,402501775.67026746,51368808.55146484,552089325.6931496
2018-12-26,3870202360.3178406,2684268423.5311127,1116222316.0748672,1453759834.3030167,493127103.6255264,4160446337.1056747,10376529485.514069,34558935716.65329,1001879193.5973358,401441466.50736463,53810517.92698975,586361336.5791512
2018-12-27,3867822855.998192,2768547291.5538406,1132222490.519371,1500394682.6800919,503125592.28725433,4301446614.091721,10718787015.513687,35724579440.34805,1033071809.0042877,399278681.3262035,57152685.22713623,604655093.1498146
2018-12-28,3779544446.645794,2827402461.275482,1094226933.4749985,1516778695.7608795,507721929.91737366,4338713284.512787,10724071488.066483,35862769672.04636,1045377403.8169098,384143802.0939209,58356963.8286499,614092208.5655403
2018-12-31,3721452886.9457436,2896962323.4611893,1107955712.5670624,1505376239.182949,520942152.84503937,4412333698.314285,10755204409.637451,36472560876.33865,1096937564.6082306,379868738.44262695,59137491.426367186,641200833.100071
2019-01-02,3657020444.624653,2908113791.1411667,1138266751.4627838,1536745379.9570656,589304644.6370316,4439073538.721466,10892234583.973389,36689108347.46323,1152314505.0680542,371053046.44563293,61389292.54691162,656351484.8164177
2019-01-03,3540685046.8198967,2879720851.4193344,1183490882.59758,1550140769.1253853,610464276.8835449,4452004821.757736,11010869456.356659,36982117893.86726,1212233035.5247498,368721869.5886189,61762224.05032959,667580199.9518585
2019-01-04,3483308051.730976,2869621272.8339195,1222373129.6384048,1568078550.5906296,606292694.3208313,4397831663.215904,11011168027.424545,36453270807.99629,1190347005.5412674,373328497.10347784,60859948.35430908,665611041.5439987
2019-01-07,3332406373.4054565,2751461139.283428,1213629441.7493057,1597815191.7430878,589751439.6887589,4340475031.293793,10834321114.815598,35176661219.41879,1159287846.5618896,364808220.21318513,58407858.790490724,645023481.0796547
2019-01-08,3228250986.4468765,2685726028.824768,1198648817.2876358,1604382720.0166702,588226024.0107346,4330348785.924988,10592537072.44339,34466759013.79234,1156172868.6989212,356067389.15626603,56460875.5475708,645543270.1011086
2019-01-09,3271573503.7721634,2623718108.1048584,1215437698.7252045,1654537994.5069504,563558910.4443741,4297412385.058289,10375341412.31926,33784584939.522095,1159887810.028572,366365296.6853622,55138620.697229005,646455077.447052
2019-01-10,3246735780.456238,2536620481.096096,1218414355.4107666,1743754231.402626,603418254.0267944,4256866463.76297,10215214400.66307,33478600087.169872,1161224648.6645126,366704640.84812546,54820395.60880127,656271355.9796143
2019-01-11,3204410119.602165,2524399903.894329,1246561088.9370728,1750576455.732193,604164015.4564285,4220252949.8625183,10024160838.673782,33177568404.42169,1160012242.7931976,368083684.38330615,54833121.613134764,650548389.1843987
2019-01-14,3212659862.1035004,2485520816.4482307,1261820022.2532654,1762838684.8125458,600037175.2541733,4258954818.744812,9893161731.91986,32853252649.446484,1166270187.5938034,354932560.5263878,55652241.649584964,646496222.755661
2019-01-15,3190857647.770233,2451030513.8407707,1263693747.0373154,1787091740.3349686,602964338.5354233,4273306213.3298492,9776413688.01178,32490768634.483643,1170876771.0871506,348722836.2725304,55825541.75974121,631145184.0175629
2019-01-16,3154887845.2536774,2406584060.609436,1255914055.9217453,1795261704.8893547,591206415.8454514,4182792545.814934,9477653696.701813,31517772711.694183,1153584762.0092392,345867698.4544277,54246029.10471191,590681516.305542
2019-01-17,3134748175.174408,2361653879.2134285,1263608295.6074524,1795104258.8693047,595119181.4122009,4047269592.7218246,9304931004.976349,31122475231.53717,1144798723.4445572,338041575.27528113,53626715.75938721,575629246.0393715
2019-01-18,2974989134.7553444,2298564834.616394,1248351823.317604,1810323770.5820465,590454697.457962,3946219982.8509903,9153898342.546005,30244661485.708996,1100275501.6506195,341863987.84766847,51936153.447229005,563709151.0904503
2019-01-22,2848108982.787361,2160021840.2505684,1185320094.151001,1696135969.5262718,575850232.1108246,3781804242.0742035,8874615448.03688,28832576119.455944,1053186022.8784943,340863777.8479927,52201692.80634765,544015442.7062416
2019-01-23,2730198733.6795044,1998507911.6805267,1136097393.8002014,1596972262.3842812,569846582.5009155,3570253497.060318,8178182582.117004,27097071096.20697,1032839735.1950073,338296806.5185707,51109314.75524902,509272814.436779
2019-01-24,2782404424.9466515,1945216307.8656387,1111952864.247589,1597099812.779274,568516967.9712677,3518888372.316437,8045998790.269241,26250898860.91072,1026648405.790863,340544128.6276394,50203933.607666016,496426269.08945084
2019-01-25,2812625161.49704,1860400218.3755112,1094642423.369217,1576681038.969574,556948151.3331223,3426846566.0590744,7613467591.747284,24996829450.544662,1001470031.2303162,330254010.909248,48057959.632788084,466286226.41500473
2019-01-28,2829257747.789116,1753074547.3799133,1075592705.4405212,1531916144.7738647,550624966.259613,3340405215.163269,7247177630.435715,23940068526.118546,973974545.1057434,328488593.1588333,46354534.564404294,449212296.2970543
2019-01-29,2808299826.5774727,1651921336.7437363,1106012308.9272308,1502975746.4048767,543274412.6188278,3203040757.7679443,6916059212.621384,23022694525.3244,953850412.3958969,330335463.9894741,46231984.36821289,428427858.8918114
2019-01-30,2918834635.389843,1580729409.1311073,1130250210.90477,1538476753.469429,537064811.1906433,3196894590.6949615,6852667993.488846,22516398634.508286,920162606.8141174,328386059.61222345,47055998.794921875,404785533.1354523
2019-01-31,3042798393.4168053,1572672377.4628067,1116425148.6850739,1542468122.0582962,500388199.62062836,3214512953.3922577,6718663307.540054,22351878209.694443,880754649.7393036,327715739.50625116,46013199.29620361,410375492.8263664
2019-02-01,3059674112.174816,1546652493.313942,1099626528.749466,1524015368.421917,493773292.5600052,3153948285.2557373,6440479619.356003,21813601634.727936,834079321.5485382,322677021.121661,45712039.986572266,426858916.77898407
2019-02-04,2969531147.876911,1485245402.4336052,1061297901.0068893,1462623215.7865715,496583503.66119385,3079481618.946724,6099513706.288605,20942373705.904083,813888648.4259033,314269708.5918484,44006214.804101564,443414898.17028046
2019-02-05,2990745533.6717606,1486714618.3392906,1054854150.9948349,1451497588.421173,487360168.54537964,3011627347.251129,5936508383.424683,20740616500.84236,806323192.8902435,310065668.7115013,43215067.96791992,449853718.0508995
2019-02-06,2977062590.991955,1472377444.0237617,1049115812.3163986,1439391969.8880386,472743241.1887741,2929569035.1197815,5788083898.356094,20275060373.361893,793818602.995491,305623363.2186424,43006309.066381834,445258253.56983185
2019-02-07,2943212226.9451714,1472073361.1176682,1021284145.0209808,1401883289.9415207,488963465.5270767,2917669218.7065125,5768747168.62442,20332521776.144333,791351719.3317032,290747033.5504562,44034501.61884765,454691201.54735565
2019-02-08,2910185615.892353,1442554909.547863,1007024431.6487885,1307116784.4564056,437882896.6415024,2859748857.7464294,5702433832.039719,20128237499.48242,780531734.7473145,286680937.10958254,44256405.642651364,451078262.8005791
2019-02-11,2876423855.262966,1399137971.9827461,984312737.9652405,1280168943.9136696,432771537.83561707,2825661698.217621,5643256844.990692,20096040518.8546,773764419.2763901,284060158.8970436,44313065.1128418,451904397.4590874
2019-02-12,2864620663.246784,1400956773.219452,971229159.031601,1281630993.9811897,433764289.3941498,2781362733.2048798,5652231622.609329,20165705362.006607,780060525.3333282,277430502.95636904,44317497.876391605,464637824.9378967
2019-02-13,2875359143.4347343,1372566891.200161,972578410.3625488,1283799751.0061455,432173497.96669006,2722127276.457138,5548407368.458252,19976349436.7881,759831739.9691772,276060036.51492155,44717421.03973389,466875341.37672424
2019-02-14,2894407569.5619774,1336585555.040245,969462275.9008408,1264765200.3235054,457463628.87096405,2712856782.4510956,5534235585.8815,20091581212.762375,759413652.2221375,273539708.8939907,45716731.20758057,470646293.6980057
2019-02-15,2873642421.728573,1340715478.201313,993274579.7497177,1264524903.5696602,464436987.7281189,2778674373.4046173,5493961252.113647,20165571554.675293,747168788.2320404,264756373.908477,46368477.685107425,473769999.494133
2019-02-19,2816615423.4677505,1291989055.793705,1026257573.1960678,1194438631.7809105,473313162.81131744,2701850138.3368683,5203122602.461929,19375944047.326584,708257729.3523407,254085370.06998557,47372826.640527345,473796375.36087036
2019-02-20,2774629576.7601967,1273791096.167183,1034524542.4430847,1151251089.8188019,468912094.1144943,2649942119.4944,5032704048.16246,18971624630.34813,687149031.2359238,243781992.9759384,46781622.20473633,480939924.23568726
2019-02-21,2744961835.7699013,1270831187.4800491,1056828586.9795227,1143535587.6740646,471784807.89676666,2639078122.161331,4944251554.151459,18754832171.023636,695163729.8511887,235596154.9506752,46361661.122839354,484257568.21668625
2019-02-22,2716549747.7155685,1267543660.9719849,1056677216.7663574,1128620307.915821,460252335.2312088,2673634628.9302063,4920600723.59436,19032226381.116943,691709457.1927261,231132308.9980526,46050488.504046634,486257288.0248451
2019-02-25,2650173862.489872,1244786771.6746902,1019076223.2980347,1120667882.9081535,460724894.9411011,2653583117.8520203,4902826270.130386,18743535975.692978,691139479.1577911,237639749.2627926,45690669.987286374,484706914.9765587
2019-02-26,2606053642.0967293,1233844604.302826,998898064.2797089,1125510310.2593994,458817503.34487915,2655319965.051956,4823968701.787491,18443683033.40851,689573996.8603516,233409293.41264305,44249324.585430905,483109293.06791306
2019-02-27,2632423673.130989,1225868085.5656433,976400931.6996765,1115478993.0551147,457533432.36637115,2705230080.276947,4795041759.093552,18375316914.357376,699154568.9715195,233482990.25566635,43607936.49431763,493830346.469059
2019-02-28,2558304378.6821175,1220832464.196949,949367175.5377579,1103125972.7451706,453866200.54267883,2663092140.0832367,4675419166.431122,18131972194.326477,693857643.5974884,230232580.1536438,42647416.97623901,493909462.992363
2019-03-01,2509055039.8895454,1205827674.2855072,985698316.8339539,1102504326.9261742,448263332.96016693,2616779395.197983,4637987188.63266,17865552413.38913,700671028.866272,233065479.18657988,42125636.75101318,486467355.35051346
2019-03-04,2559617600.495453,1207849278.1807137,970412940.8799744,1078288057.7155304,423512734.8313141,2667310503.716049,4697975542.404633,18160234651.648254,689415374.2012405,235075069.58856314,43997023.940942384,458536708.1162071
2019-03-05,2575904177.1255875,1214373468.0403328,971110448.0294418,1074579927.2372627,401075653.8463211,2640258621.7045593,4667722923.148651,18159071560.97534,672966091.4664078,235920611.33637506,45045166.68938599,444538596.2545395
2019-03-06,2536476913.938923,1176234923.6766052,961327995.360527,1027870157.1014404,397070472.28183746,2720671433.5343933,4663154561.380157,18118141108.039246,676652461.850357,238691105.8702324,46886298.14226685,428982960.60482025
2019-03-07,2579050968.5491753,1201244427.6234436,957615542.4058151,1034566369.60495,403008506.2656021,2811669539.8726654,4757973405.041199,18573507745.150833,691409582.8903961,238321284.83592492,50511084.65819702,428802107.4784851
2019-03-08,2569950695.010872,1171324875.6448174,984939536.030426,1017687655.0121689,395573443.8855362,2797231134.9684906,4741540479.168854,18473046411.20262,685199441.0958099,243356551.4944973,51926547.43202515,430112565.9475708
2019-03-11,2568485094.5900726,1159682126.8506432,999640400.3077316,1021684701.0151672,404595983.46393585,2851905501.9423676,4762581807.547531,18366927555.01297,681424362.2990417,249008985.14526328,53328491.24277954,423383150.59129715
2019-03-12,2570519438.0172157,1184695425.027523,1008518272.8313446,1051356711.524601,414811241.9765091,2872572111.8175507,4875046252.773056,18539506151.822052,691714582.8229141,245796799.63342094,55111614.44277954,427057215.34448624
2019-03-13,2563061570.6339836,1160246089.8797607,1027742636.2501526,1064592821.1291695,407931897.00626373,2897959853.777542,4991083854.896164,18668226226.704712,674383406.1595154,253508512.3290371,55652857.44277954,413777811.12573624
2019-03-14,2521547894.7252846,1156617597.0147133,1022098185.2920151,1028455658.7376976,402556632.9098892,2889357815.5054474,4978422190.160675,18714426788.081665,691177888.1517792,254669022.45332947,55611467.2953186,409636989.96248245
2019-03-15,2613693413.0050087,1213760383.6588097,1041034739.1326523,1036004484.9815178,390903344.87571716,2916793682.1738434,5055712172.7378845,18720506854.468536,683517359.4303131,248986954.12013283,54947452.2953186,402889334.1938591
2019-03-18,2562495741.65617,1211194300.595932,1012850760.0288773,997284598.285389,379179410.7965088,2896841004.0254974,5069851954.694595,18304918233.759995,675470700.0786209,249346985.48320922,54609548.453265384,400123492.5854683
2019-03-19,2545002564.01165,1246378786.4794922,954396691.8106842,1005552258.9229393,351136418.9616394,2915217568.2881927,5225503595.117645,18715408527.312546,672119989.4335556,246493951.01271552,54925111.09784546,400726808.97188187
2019-03-20,2579465993.2188034,1261977535.8346558,968370351.7910767,1067873454.4879532,366025861.70181274,2990135279.019394,5388254023.144989,18831588890.201035,700408883.8681412,248579593.91720468,55380259.07557984,396393201.14759445
2019-03-21,2624904328.6974335,1302396383.3459282,962245437.2916412,1071138725.7237244,368462439.58976746,3091010095.150223,5552200370.104294,19052358137.612152,700118064.4917679,250006878.55215567,55343771.553790286,403972671.3391876
2019-03-22,2732217856.413803,1344914101.0377693,964523191.6501617,1114088192.8689575,374842632.3516083,3221845355.849533,5927858650.007935,19615880177.74681,734862362.8438187,256096489.31242982,61596806.011572264,418077793.34632874
2019-03-25,2705583299.280205,1359095777.024746,979439334.0123749,1143054408.184166,397365893.7993622,3274030943.7405396,6052690220.593491,19825597302.84088,753312286.3700867,251638067.7476898,66421234.81157227,422882817.98526764
2019-03-26,2701691419.085579,1393959263.6170006,978506053.012085,1151293291.4224434,419166937.3776245,3267987060.2161407,6155472773.209915,19975807101.80069,761587059.8168182,250253138.65226898,67856910.73605958,435864724.4791794
2019-03-27,2705292158.574047,1399011566.2857246,969805141.8465424,1157122362.9037857,424036960.1648712,3299803220.1395416,6262583477.301102,20172350255.11795,796432620.8973694,249269220.92900428,69467513.05526122,433955826.0741043
2019-03-28,2622051933.439884,1370552096.9220161,993774747.9371643,1152991928.941574,419361036.365242,3305886996.2049103,6314154227.381134,20018149737.299194,797054227.4742126,253526363.5399273,69035990.60656127,431720192.29766846
2019-03-29,2580490306.268482,1363651737.937889,937038188.0986786,1141779147.1012878,392579749.6605301,3365023665.8259583,6354983390.28595,20071766893.86154,787513834.4200134,246080344.9815777,69160586.08429566,443507269.97356415
2019-04-01,2541008366.853409,1393523979.4982338,956998665.7250214,1157860981.2299156,419172797.623024,3340477539.219208,6307669261.116867,19737580925.24536,823242410.1129532,247730898.48670158,66908114.590106204,449112901.25938416
2019-04-02,2531378471.517334,1383906134.7496414,940958762.4415588,1160187575.133381,442512159.2924881,3349736790.093231,6319582642.195969,19514618040.262146,845228793.1262589,250583387.7045231,65859657.041662596,454654643.8231468
2019-04-03,2557109514.9385834,1415091823.9243126,949115219.0332031,1151925084.440918,455102985.8682251,3281956927.2499084,6372300962.691345,19461906298.710327,859544504.6882248,251208917.82640877,64689809.80339356,454257206.39585495
2019-04-04,2496742460.9544563,1402726974.6919441,957965250.4119873,1113209305.107994,444145532.2002411,3209926236.7851257,6300468228.544159,18926890626.35765,857133201.0972214,251941027.21986237,61341608.86397095,442020524.12216187
2019-04-05,2419125063.5803604,1421991262.6597786,925111655.279808,1094409676.5192413,429041255.26290894,3222226341.3398743,6206048195.385437,18633623425.92842,851954973.3111191,246939793.82257462,58550362.4291687,428821036.1727524
2019-04-08,2362782341.049614,1437343160.0294113,910268867.4525452,1076315320.1760483,424549769.8405838,3177573798.8093567,6152443952.587662,18517838698.9386,848945895.5389023,249585533.43366012,56140206.993060306,428985733.30921173
2019-04-09,2378560623.1614304,1401716261.7398643,900214794.6514511,1073999910.5630684,417069850.41721344,3175581780.46402,6093814362.484741,18375635668.73047,852519047.8033066,258082105.61930162,54077465.21201172,420983740.06816864
2019-04-10,2363900356.0731125,1422422982.107029,893723211.2150192,1052243442.8299522,418698195.9542465,3141451619.7655487,5953180424.152298,18042147396.28128,868780129.0776062,251707039.631353,53058673.59138794,421312938.6053848
2019-04-11,2361646089.29348,1411673208.766346,923544448.8394547,1078345882.2797775,414531896.81251526,3129166889.9359894,5935586210.359192,17906388377.18811,872188131.4387894,251288802.1805912,52892321.16881714,417087883.36948395
2019-04-12,2209314106.4935303,1380045313.0889893,897794027.947731,1066696106.0770416,406642679.77336884,3075581566.196823,5832498699.198914,17787747023.77121,885831282.8279114,253708385.5123478,53219603.96881714,415625403.80031586
2019-04-15,2202502893.5926056,1338476422.7161407,875766372.867012,1077400602.190895,398991830.25814056,2980389241.8683624,5738728016.618271,17644912951.895752,881976464.9550247,252842635.8802372,53730991.522296146,413891503.3390808
2019-04-16,2186923286.642666,1307521039.4948196,896150048.4462738,1070635890.4933548,411664488.8261032,2969622164.365082,5665374249.792557,17179527394.2099,900556988.5472107,252262399.8794033,52801138.33786011,417697622.3490906
2019-04-17,2126851884.5599937,1283474951.5980911,854187038.4872818,1014525680.696106,386354348.59622955,2885355865.9444427,5500010179.00795,16867024049.571838,880656407.4610138,250297143.128994,51150041.92767944,416507785.3090286
2019-04-18,2101583326.7077446,1250758085.5451775,830942188.1309128,1011776503.3386421,387497923.5764694,2824979796.012039,5385685799.864578,16744666186.741943,982330542.5561523,249262251.31720963,50728586.25467529,409423106.8160629
2019-04-22,1955896425.7070732,1214612115.313263,808079240.7315063,1005585055.538311,382487954.9303818,2657674863.999405,4942308580.99823,15729547299.806747,947251397.1022034,249287695.30343476,44890143.320654295,396999695.7897568
2019-04-23,1921633970.5373192,1193230135.593872,796038769.1643524,981633187.419281,358410090.6909561,2644470623.63266,4853772549.643631,15344220750.943832,929014053.4220505,250016173.36810416,39609366.220739745,391676423.17310333
2019-04-24,1946206697.004757,1168223345.251217,789751172.6475525,962209234.1577148,339515755.7468796,2627002002.6354218,4795679264.033127,15145412536.692352,927670778.8050461,250085536.61478728,38223650.19229736,379437436.82971954
2019-04-25,1929334246.5013313,1154301030.4457474,778136836.2205887,955913323.4263802,330063966.27132416,2603437910.5693817,4748952286.165314,14996004782.397308,882135680.4343033,250164100.59036142,36440605.36040039,367910418.23776245
2019-04-26,1958488860.9726715,1158634412.1126938,742287352.5914383,933689820.8114433,322777059.2818451,2590577190.1512146,4730323156.173477,14957937752.043,865206196.3114166,264971029.86512947,36482708.502752684,359656485.67222595
2019-04-29,1894550379.0937996,1143278634.0856552,726012291.2429047,890738572.3174667,322538702.71110535,2492204039.76326,4626214693.633804,14670077487.299652,860858598.754425,269437186.6293125,35417258.01845703,328254032.41889954
2019-04-30,1893811631.9285011,1153783180.2849007,672452067.3444366,861281389.5243645,296785443.9973068,2524738911.901932,4642089798.131714,14744786534.250793,817574605.431366,265931404.1820709,36159266.005212404,318377410.7552719
2019-05-01,1986184435.174923,1174526627.0309067,719396478.5341644,889370063.6884499,294780212.48882294,2523046602.9613495,4758607572.645798,15169590859.371185,840776459.2687607,267867352.70452422,37490424.2052124,309279707.7138519
2019-05-02,1947919423.510456,1163101076.0603523,722466901.6205597,922608186.5367508,285554039.66911316,2547897251.04126,4877406180.731735,15142153137.74765,821802050.7670212,279203210.8010559,39174420.00149536,311414505.2197647
2019-05-03,1966229639.400196,1160051820.1556587,727384233.8333893,935007118.3369446,287026100.39756775,2582550873.5248566,4904462264.473343,15256914209.579163,815231681.534195,284833508.08488655,39743137.79547119,312915471.102829
2019-05-06,2020025234.2761803,1151620444.4586182,717209420.8501816,949062097.9499435,294250764.8115158,2584944506.281204,5026288407.690811,15907141116.308289,806031001.8431091,297287827.4838955,43401556.77891846,312862493.5224533
2019-05-07,2132517204.0920067,1174415137.6683235,715355482.1604156,1004297819.8337173,296036570.14328,2666028335.546112,5349227280.4613495,17084322368.960419,829346644.394455,300361890.96959496,50344929.82434082,320620064.9372101
2019-05-08,2171613382.4121857,1210134574.8377228,711995894.970932,1029113424.2224693,300613390.1955414,2650017961.6252136,5453279820.556335,17413418363.70392,828973966.2340164,297024098.7714901,53311845.2053894,328505761.38542175
2019-05-09,2306343150.081291,1218418263.2381058,703201167.3928833,1070354492.6399422,310316400.36621094,2694144169.706497,5724534399.85405,18064689660.00061,838844480.0209808,298007919.1828346,57694044.835113525,327374924.4299698
2019-05-10,2364055813.685093,1266548909.9744797,659737854.4972992,1107865590.1306152,316192296.7020798,2796354482.179184,6059595475.59082,18806530440.326385,825979880.6761551,297570522.2624046,60163804.66663208,331722666.4358139
2019-05-13,2527006940.2822304,1290559373.1002617,695889966.9454956,1157784387.7468872,314896927.8340912,2881214566.707382,6411327023.574982,19503718924.65721,844769393.6592865,309834064.01348305,63483584.95610962,336944569.8984909
2019-05-14,2611821313.152218,1342523502.1556664,704054763.0155945,1169592079.9920845,315762303.4762573,2911342351.4058685,6598409929.995422,19838019995.145187,858434814.4443512,312405755.13062745,64338457.87443237,341084852.9537201
2019-05-15,2667211806.8732452,1390259527.2462654,706235198.2227325,1192682610.9117508,318481276.75388336,2920111618.0706787,6714366695.534363,20105295449.841232,863220555.8968735,317695062.92158777,65302756.14578247,328842486.61972046
2019-05-16,2664130530.95829,1398905260.6259918,716581864.2874146,1244085269.5275497,325615312.16739655,2895631355.4283905,6796388119.860535,20339589065.364914,872041306.8735123,320347690.93751603,66136674.80513306,322518044.0873718
2019-05-17,2700501055.0671005,1432786611.1181831,731713744.0784073,1278473066.0015678,313535490.0651932,2880491437.4549103,6931571422.096863,20733053907.63939,758949538.5865784,327520242.1886398,67049150.421691895,324685847.3892975
2019-05-20,2724551802.2950363,1447946134.4285011,744380567.5866699,1252402680.0998116,308442693.6627579,2899476279.2768097,7102648350.325394,21011452714.564438,758869831.2506485,327699891.39755553,66786606.144873045,322472386.40823364
2019-05-21,2765787921.471939,1454721590.5238724,734041138.938446,1251966514.6936226,309529900.5040741,2813007134.4477844,7071151620.420303,20926999771.354446,748381284.7251129,324591755.49311525,66899411.44439697,316921451.90647125
2019-05-22,2713528777.720337,1443817277.5150871,731400774.384079,1260841047.0401192,311020682.4399948,2779670520.3343964,7055191039.786301,20900375229.083633,740914564.0597153,331861118.4123848,66728567.35418701,310408194.8720932
2019-05-23,2746868660.724659,1475890614.4929886,738923316.353569,1272141573.6086082,332498350.4666519,2821022327.6564026,7172910199.062119,21393876724.294205,764519912.0157242,347528117.2385532,68051024.06359863,309217460.2376938
2019-05-24,2756140918.9318466,1489199245.94738,716473866.4311981,1288336125.166912,333854614.0198517,2808974540.7917786,7153277125.131836,21424845801.932526,760515762.226181,333102079.45222664,68256869.87757568,309407799.1109085
2019-05-28,2859075921.6864204,1527433646.6371727,715472185.7160187,1325869188.1389046,353740231.9351959,2805413521.8175507,7165095027.238312,21551089540.437164,751765238.3904266,331927719.44837075,69040078.50936279,310715548.645668
2019-05-29,2869852006.7007256,1513541661.6773224,711614065.209732,1366962192.1856117,361453348.89987946,2784249780.9817505,7234688127.229004,21791999044.876556,781400382.0880127,342879937.0151604,70439610.35108642,319151456.5338516
2019-05-30,2807405933.2772636,1518722659.6443367,684574095.7157898,1353878838.101101,346672463.4500122,2777105472.189636,7176894719.296646,21636170538.467712,777955547.1165848,343196090.816774,70022609.60267945,306903235.4379654
2019-05-31,2856025194.6100426,1549527443.736267,738797380.5975342,1381644825.140705,360402728.5913849,2782966412.9732513,7158137748.663635,21859687600.977173,846186728.3400345,338453462.767392,69287358.4762146,305882128.7005615
2019-06-03,2881492921.7655754,1583822244.822731,776700467.1881104,1497948328.405857,458461387.87254333,2812540397.112732,7497475802.10556,22302239680.88745,911128749.2632294,339815215.8378704,70035682.86356202,311305195.62820435
2019-06-04,2844825250.6972885,1606789043.8513756,805723797.6729965,1542087612.4597168,468710772.16960907,2801989436.031189,7548744571.482544,21865384372.24846,964466368.3752441,327567650.67719686,67027637.3666626,318286897.22335815
2019-06-05,2786312352.2049713,1576157617.0627594,829333316.6227722,1536514925.703659,486382566.3171768,2743724583.3555603,7314852725.018082,20897952003.346863,965576460.4546356,330908946.12271386,60750849.577990726,318131310.0746155
2019-06-06,2736857970.624008,1569355331.7951202,839013408.8951874,1524915893.4693336,478522913.7228012,2770478414.395523,7238745750.8255005,20603468282.65152,981808808.5555649,333460695.78820306,57210753.17799072,312404816.85272217
2019-06-07,2616580967.327347,1575472570.7422256,860178952.2189331,1522623843.556385,472571755.33309937,2708154006.956558,7146932371.87088,20230733993.306885,995058250.7213974,335854296.97489166,52705518.373406984,311252412.6370621
2019-06-10,2556880595.399914,1540609506.7254639,866236818.6442566,1474900056.3045692,487638374.70558167,2649347307.9839325,6991607682.599258,19564851097.611847,1008483687.2987366,336816501.55995446,49430709.333221436,307094027.01885223
2019-06-11,2414198761.160679,1491784838.2413483,827744514.7859192,1474945644.145317,474807976.113739,2569029477.8150177,6779692994.412689,18719822694.3116,982050753.2387543,322713758.47987443,44987000.37178345,300952701.3991928
2019-06-12,2355606974.7349358,1453782455.1805115,829940259.8672485,1475708511.4608002,472748763.7110901,2542921380.523758,6647361124.4670105,18349605420.85045,981153003.1522751,328310860.89782983,43213790.25346069,294657006.0758209
2019-06-13,2322725140.789089,1416423019.4724655,800938013.2714844,1476086895.6661224,455719459.1276169,2517137496.1792755,6496871386.882019,18039236042.528915,961829030.0186539,333031743.259689,41271848.566546634,292830478.87802124
2019-06-14,2342675958.9858246,1441782630.3581429,820744992.5670624,1416045160.8485794,456105975.75042725,2531593410.187454,6348990421.227112,17727206373.395615,953928400.4108047,334188675.94231415,39799443.17714844,289585498.7953186
2019-06-17,2284562158.0978775,1408765710.5466843,811118149.8138428,1367778923.1593323,460549423.75061035,2468555496.477585,6136746867.975159,16948191723.979874,962040071.7718506,335800447.88967097,38143335.71525879,284051731.0554123
2019-06-18,2394372524.0327835,1426586291.5174866,850432103.3622742,1388581122.127533,470685180.4825592,2495001803.140793,6233986282.063293,17268380961.61415,986763110.9059906,341992103.9190052,38396359.12609863,285474912.18006134
2019-06-19,2482195699.70047,1439132488.3965874,901852988.7890625,1428782195.6086922,479727390.4111862,2523782379.4731903,6242498370.396194,17701205379.1259,1030769199.8746872,355644081.41777265,39412155.73530273,288535054.8507309
2019-06-20,2569934640.2443695,1468012994.2580605,1001527552.8074646,1529963473.2658577,484941932.0094681,2552030567.3593903,6401446584.206772,18615661188.09349,1059643476.1181259,365690215.4215454,39990378.308850095,296039446.66477203
2019-06-21,2524746839.1973877,1460294281.2327003,1064279488.0429077,1543564590.7681465,476877688.94390106,2512134904.925003,6375392316.633911,18469892509.17076,1086642523.3003616,352850799.501984,38135367.199438475,312242659.76882935
2019-06-24,2479950900.512295,1462068612.7303505,1169733688.9673615,1533292110.8605194,480048267.0141983,2568612861.7523193,6329419781.995239,18398523917.821045,1095158793.6568832,355679492.2034794,37118467.32022705,314690037.2880554
2019-06-25,2425067055.879822,1443258153.8422966,1309955551.5434265,1551314199.1948318,472481644.96601105,2593649536.5740967,6419887097.792206,18593859636.773376,1104740711.4014816,355269827.8431522,37366794.29104004,317516381.15493774
2019-06-26,2367047452.8246117,1394645982.0219612,1364867592.9092407,1535483600.5115128,479512605.9697342,2549078703.0571747,6266010160.058746,17957973479.738617,1103785906.3061905,354717080.1494808,34834906.75871582,333353902.6740265
2019-06-27,2325117538.3480263,1359465778.2993698,1373547941.5219116,1515032476.3799477,475526257.59490967,2586101022.8528595,6185569499.783783,17705253031.505585,1087512420.4712296,353612791.2173519,33867980.8314148,343412115.9966278
2019-06-28,2299492357.5505257,1346902235.6531334,1332580153.3825684,1457694799.3198204,468075514.60617065,2666911012.150345,5997055667.476959,17416094394.651337,1030206228.0356216,348607205.9932766,32422179.546984863,357999571.04507446
2019-07-01,2303502622.6942635,1322219027.6681328,1330895093.5986328,1364503457.6109123,396270282.98172,2652877386.1375427,5661437631.240997,17277140112.773285,1010352063.9987564,349567909.5556507,31487288.795977782,369652258.95706177
2019-07-02,2316445155.01873,1304440381.6703033,1369451490.2205276,1326489556.4208984,385516757.32494354,2642647786.7253113,5425855851.197968,17126844164.18892,991453336.024437,365875780.66482276,31603612.787390135,372639582.3856354
2019-07-03,2263252698.7042427,1294563323.4737587,1363972672.9050064,1291984355.562191,362282935.16628265,2583190960.4140472,5280753076.657715,16773809159.089508,974197947.792511,355062237.65936315,30426999.763616942,368544794.7125244
2019-07-05,2275336133.3592415,1279263850.0111198,1405251960.315361,1275380400.3413963,368266384.8799515,2542730226.059723,5222768823.751221,16581743487.500916,988825969.3993759,351157147.3799366,31045975.95067749,373284142.2240448
2019-07-08,2233082587.2181892,1240662778.1277275,1406398199.1116714,1236895751.93861,370390439.4052124,2494102808.2353973,4985474306.599808,16236197275.44281,962924185.958786,351477989.1624683,31442236.63945923,376918004.28668976
2019-07-09,2183479186.1227226,1215619143.1447792,1416193956.1163712,1242516678.5046768,352101636.37535095,2451210914.2103577,4798367631.691971,15998322395.19638,952505059.08638,347250482.24579847,31726157.457965087,383973084.6739578
2019-07-10,2158716608.428631,1197314467.399006,1479564582.018242,1214357592.9361916,359645648.8882065,2468595784.7877502,4698349650.355072,16025130780.069733,976221067.5802612,357752619.8066006,32100793.025097657,394804173.08662415
2019-07-11,2142835092.9172707,1190121756.9604683,1493344836.541481,1217972722.5526047,372109248.0749893,2487126837.3072815,4675200982.755356,16101713692.903595,1023057445.8489609,350295604.73488504,32334512.01308594,399229808.30825806
2019-07-12,2093553231.9091797,1165579090.9080315,1501447729.3164444,1224161735.9848976,383423329.4092941,2502716499.3681335,4654650164.8703,16012285401.720734,1030508467.8351974,340630408.7803661,32867846.01308594,399813094.385376
2019-07-15,2020642769.1786575,1102156515.9770393,1469948564.2969131,1230161220.590763,373631419.3035126,2477556662.2766113,4600337285.190506,15792577665.331573,1031609979.2987442,339924598.0395336,32826577.240618896,400574856.3060379
2019-07-16,2003511016.6112328,1106513363.663578,1492560371.8663788,1259207914.7564888,372367013.8291931,2498086279.0719604,4608179109.792709,15778895418.02536,1032072215.1991653,344613133.4808235,33324565.737347413,400615872.84210205
2019-07-17,1862347367.9691124,1052463767.912941,1502991524.5840454,1220120015.2677155,363435667.33161926,2442073262.8741455,4333111762.58934,15140968487.313232,1028486861.641922,342051670.9808235,33440708.094750978,407200563.3628845
2019-07-18,1788066762.1494484,1035845567.2768593,1554318331.098938,1187298908.1259918,353482621.92432404,2442751536.8216705,4316012875.390015,14798453733.657837,994787620.4247284,341042644.4435383,33018372.99210205,418447984.42337036
2019-07-19,1774304096.1829948,993251582.5302696,1553703568.18367,1086104955.9603882,340271317.20378876,2438653353.9092255,4215465960.1223755,14036236029.233398,967983878.1418228,328094926.0348835,32571002.106915284,418527244.911499
2019-07-22,1727523956.1603737,967238304.0235329,1505161852.2473907,1057295739.937973,327940931.6617203,2400511534.2061615,4029820100.1062775,13517381098.703918,918468736.9709015,327399800.9089066,32521482.320422363,402242573.63349915
2019-07-23,1728259676.7344093,964576308.7090492,1452329014.9866486,1058203576.7310524,324597897.9917526,2343054720.6850433,4076026217.655182,13490227230.593872,927480794.7777176,321966015.47928584,32881467.20930786,403717615.5065155
2019-07-24,1690186423.2015991,930070088.9353752,1331223626.3271332,1018322688.309269,310734624.0694046,2393796132.7576447,3966381074.5381165,13055994718.513794,909908569.9223709,328302651.3457348,32799525.238494873,395596221.73446655
2019-07-25,1708607242.9320908,959732785.3804016,1329437991.3217926,1002810974.8654556,294547825.1001358,2412576107.758484,3982288497.491989,13129777310.672302,888911016.6207123,318296062.58401906,33495240.869000245,372032546.0871124
2019-07-26,1691203714.2742538,965616436.9921875,1315322006.8714905,989540132.7528954,296663548.54984283,2358447257.663269,3997350880.7375336,13213399007.653809,869498727.1601105,312101085.897308,33460113.94470825,359436604.06147003
2019-07-29,1628000965.521202,922747228.2168388,1323160071.1447144,989787422.0578194,288119472.11078644,2202762856.113434,3998563900.374832,12947218079.841614,858874678.940506,308144755.60597956,33608698.55703735,343757915.2681351
2019-07-30,1595920554.2826843,919975470.783844,1300018939.9755096,953318150.418148,261853997.98877716,2039274599.5474243,3890848087.324753,12519140482.961426,813215940.042038,302097548.7400776,32890721.125714112,324168865.7388687
2019-07-31,1647144254.5913124,935326943.9256859,1336619446.4035797,961541072.0981789,278305264.3027115,2194226796.441269,4107886990.002365,13095810855.852814,841791341.8063354,290044543.9251602,34563065.88380127,318532503.4510422
2019-08-01,1832898072.589302,997230408.3931923,1483244798.5785675,998982851.5525818,345636035.4568863,2398177338.4944916,4539471722.510452,14442802058.375702,959667511.0108566,311049228.28370935,41973430.296246335,328384108.61400604
2019-08-02,1898756984.4382095,1036733595.3791237,1500468599.7109222,1016667838.9690018,368657486.22112274,2507357864.335022,4839187076.077347,15288796797.854767,978348550.6116104,319052164.6401585,46462889.90918579,326331299.478035
2019-08-05,2048669632.4328613,1132741921.1415863,1568465544.5748901,1107885541.7107773,389778680.7613754,2704174941.687317,5329213665.815811,16964775744.797821,1048441978.4127426,330850976.686467,54041725.41588745,333746302.7287674
2019-08-06,2146228952.225933,1187929014.1706467,1590550243.4091187,1135955650.6160927,410947931.9260025,2782227719.566803,5521836698.952484,17981698094.232788,1087736293.4580994,338890687.5541069,58886021.05109863,343212053.2859421
2019-08-07,2229211868.884754,1254467016.0183334,1685458479.0322113,1175728075.6887627,436777218.643837,2822540061.2628937,5701437589.118195,19021254719.539185,1223194948.1044006,347222462.958268,63962025.98657837,349165145.28686523
2019-08-08,2287436966.9343567,1292158137.3228836,1728357182.7816772,1199234466.3607407,439438697.0229721,2857032657.9157257,5829191009.403458,19497158713.449554,1232812973.1948853,348930455.8730297,66419327.59859009,355470271.4504242
2019-08-09,2341694192.284279,1312930520.9688187,1753230715.5113983,1192442271.8095016,433974843.55083466,2871028845.792923,5942124903.549118,20183785165.92758,1256481184.0499878,355935824.84084475,69273487.7985901,356868796.9823456
2019-08-12,2422253054.329586,1335455559.8775864,1835202340.583725,1212196626.5366936,448508369.31941986,2893010458.499527,6014646149.943924,20575689672.933197,1306455485.7647705,356277669.61916316,71933239.21242066,356177809.6138382
2019-08-13,2541896366.736717,1351306289.9403,1994023030.3932953,1241761246.6470146,463776386.35715485,2936119756.9680023,6191099240.640488,21325108545.69336,1366564175.8237076,362856386.05559886,75660718.16799927,359626060.0500107
2019-08-14,2651898468.18182,1414815736.5758896,2065616882.4098206,1301811196.9235802,490533810.72055817,3025165310.166397,6483419040.044708,22578937190.52643,1404246954.3135834,369051733.5656284,81940203.86079101,353653589.80960846
2019-08-15,2665226938.571453,1467442838.7410545,2036492510.495758,1331321613.0395126,504714888.3870697,3075191659.835205,6538077879.508514,23164964036.098328,1515369184.320755,363709993.3141037,85277359.77982178,345489466.26010895
2019-08-16,2603524402.050991,1480265559.10429,1998668910.676422,1334262357.774582,520540907.63237,3109260443.6590576,6560457969.723663,23460313808.328247,1586571604.616127,362438624.6666206,87072484.41425171,342323482.62397766
2019-08-19,2622355870.1672935,1498304894.024334,2022231473.0036163,1336429580.488968,530648513.197937,3124444525.7366943,6588698578.717575,23580436576.246033,1638679919.502678,362644680.210392,88241510.60074463,342852031.67900085
2019-08-20,2630387532.4687195,1494162488.2587624,2008686680.2456665,1342511748.3198547,535066372.4833679,3105674048.508835,6546116529.850845,23652528135.795746,1639598120.0504303,366413179.07621574,89516181.69202271,337426798.8005066
2019-08-21,2624349343.7138367,1530516780.0391197,2021087602.0563507,1359403128.199482,548144008.9279938,3026633839.7304535,6539694279.522781,23663884329.32617,1660607780.3662872,360162680.59612465,90287748.53069457,337057873.3984375
2019-08-22,2594140892.672367,1518259856.5828514,1991386953.8388824,1378823894.027481,561499502.9039764,2988402636.030426,6541054208.987427,23595578609.30359,1694462941.7456436,361187369.5257778,91754237.6253479,327209534.4792557
2019-08-23,2668080854.419651,1560728257.9871368,2095829359.0727234,1444067846.8397713,587045997.2058105,3132122697.956543,6833040516.787415,24899026730.189514,1757827257.9972458,370189794.4283962,100954601.35925293,336767662.1213913
2019-08-26,2707427910.7847786,1600199031.6742325,2122124097.620697,1442588471.2799644,611909613.2574463,3166874862.153778,6886749500.340042,25321779734.01001,1796706067.8048706,371345507.3085079,103183308.14692383,329726998.19324493
2019-08-27,2709521378.5118484,1596599984.1262627,2151773119.894943,1445488361.6981506,616047996.0186386,3329838494.6572876,6960648831.288071,25562742711.07025,1834513167.486,372239106.88513374,105512573.9621704,328027236.40003204
2019-08-28,2616821630.594864,1574626235.8633995,2109695884.281845,1416212829.075737,597210797.1762848,3174705659.186554,6772684380.09697,24941559857.37381,1809878441.8075943,373130108.45202446,105344808.77422485,319909338.15784454
2019-08-29,2447256570.847435,1522557741.858635,2027011554.7020721,1379022985.3023148,538144646.3694,3033867313.2365417,6424607470.235062,23807633216.69815,1716000345.159378,353946561.23885155,100879706.77422485,300867202.4528885
2019-08-30,2384602798.9931107,1510871513.3110619,2002868750.2217865,1352088325.2692032,515775520.13175964,2950780097.526703,6165285713.156357,23095801258.626404,1713083166.984253,349881197.5492107,98626595.96016845,304528628.12381744
2019-09-03,2251867578.997612,1459739313.9683533,1995961864.003067,1272799193.0306625,536418731.76483154,2823781979.5243835,5764072076.0359955,21712529230.519104,1702236635.1306915,338819923.2377251,93481247.61497803,302733997.3755646
2019-09-04,2217328509.5943832,1440162828.3666039,2012939149.4353485,1228167596.1820793,522410261.9000244,2746357713.6626434,5590957821.837997,20766567090.869904,1677385762.7082825,339009343.1455883,90314367.37752075,293421574.208107
2019-09-05,2163488169.5207977,1391636761.8569565,1970119649.4184875,1185787137.976799,498580539.71897125,2759587028.5485077,5461388664.865646,20058489359.89853,1605842679.0455246,325647470.9125816,87026915.84507446,285267705.3596115
2019-09-06,2109725795.6371117,1372472671.0326195,1977812776.2210083,1181071448.8918304,488928027.9253769,2724465536.0782623,5293677320.407028,19562985473.016357,1577792855.9440231,325891142.27899665,85858162.35772094,275852228.85074615
2019-09-09,2067747131.145153,1355031154.07156,1990867470.8808136,1177098289.1772842,498329716.9389725,2770636737.599945,5216926536.757965,19019097344.71344,1609952613.998413,323685331.37656325,84291306.51571655,277791792.2714615
2019-09-10,2021342059.9634743,1349571570.4063225,1970530309.3293,1167789759.2237663,498446299.1652298,2870426350.0837708,5216148675.391846,18946831668.885803,1607385092.0835876,325288287.20578307,84321779.45855102,286551498.2734299
2019-09-11,1945014975.203476,1319467660.2774239,1811529530.9958649,1120430767.8710747,492875297.19379425,3028725407.6206207,5083942665.130844,18634256694.69818,1577294088.4550858,319364939.23947984,81546246.1855896,284787798.34308624
2019-09-12,1908595869.8113441,1301282446.3790703,1753529076.0871124,1102920125.5769348,494672099.0176773,3117873858.249893,4902897532.4518585,17887726658.471832,1597021732.4205399,315925285.90662,75896181.88085327,281252346.8490219
2019-09-13,1884043009.9367523,1258208224.0907097,1751025718.7870026,1126066175.1396942,582664107.6272964,3180309344.235611,4837263683.42186,17452549275.58487,1560807800.4790497,307010883.34114075,73531099.65565796,286862259.7716522
2019-09-16,1908709188.3560944,1282968473.544979,1724490262.8672028,1149008705.3479385,584175667.9970169,3193313611.8257904,4732505387.960434,17158515613.401337,1520520826.5649033,345605886.1997765,73771417.12888794,289667231.3203049
2019-09-17,2011993895.7006264,1287202437.5143814,1699667905.8345032,1152844967.628975,605233873.4212494,3242104331.2358093,4722778124.339066,17014963603.937378,1492082565.6493378,391995152.3737358,73382935.57045288,291369540.7439804
2019-09-18,2062142160.653782,1279514748.6549377,1752209567.7682495,1152991974.5952225,614429119.296341,3292604314.590454,4819229856.291122,17336656892.814636,1510542485.7177734,398567106.2116302,75238497.45028076,302627167.9867172
2019-09-19,2087309193.1741714,1263812114.8001862,1751610049.5052338,1138405664.9967003,624498280.3442001,3353646438.933716,4875305617.28508,17723424870.698853,1530704644.4578552,403065831.7769047,76000221.37164307,303374591.2799454
2019-09-20,2167598368.2252884,1305816161.154232,1789761519.7467804,1147013864.3701744,643531980.3799057,3426165465.0556946,4922822241.295853,18253134331.092834,1516182203.7152863,405190577.67822266,77719985.84726563,318980233.46191406
2019-09-23,2107737232.5577927,1260188250.5309677,1708291501.6536713,1103151044.9162102,666659394.9713135,3286081456.280365,4645320725.300674,16923016452.590637,1508150954.6046448,398629269.335775,69312779.72075196,311503942.7309799
2019-09-24,2110571640.4624176,1275022880.6162834,1696784932.8100586,1126987835.7504845,680157425.0817108,3350259458.758087,4769355671.464081,17254403363.06732,1508833680.409813,401559603.52099836,72635005.72075196,315185821.1371994
2019-09-25,2081279260.9681892,1269171608.311901,1685903775.9228516,1128595570.2111626,704382245.9222794,3342643378.236847,4838551292.789459,17360882905.240784,1522400687.8394318,400278690.233292,72505570.99226074,329259629.220314
2019-09-26,2064145899.0441132,1272177252.689495,1659389073.6454773,1129679121.4281464,712406319.7899246,3352209399.0506744,4889215612.544403,17339062033.815918,1517593262.5737,394964008.3116001,71777710.9802063,327791437.74993896
2019-09-27,2127728100.9035492,1277860998.8396835,1622159523.6528015,1121169830.0509644,713644247.9283905,3364135817.3778534,5027059385.273666,17709678018.726807,1524819761.600914,396550181.0193199,73218878.86300659,333012704.7954178
2019-09-30,2106533162.1416855,1259086378.4727287,1660196468.2286072,1143801315.528469,709369753.8979721,3354057101.7393494,5029120511.696167,17574569370.74402,1490179826.393814,393325160.7291924,71372493.76467285,324427279.04232025
2019-10-01,2104758213.2801437,1283604005.780983,1633503291.5745544,1165561016.5164185,693442515.9502411,3447661212.1424103,5071404010.158997,17841154699.838867,1493404724.5191574,392272717.04754066,72536510.82991943,321914666.17614746
2019-10-02,2062324279.1169548,1328769710.1314926,1634894482.4356842,1226266949.3434143,695498430.7954407,3527453415.065155,5305608625.506134,18819661380.58304,1521257129.1067123,390804206.24230576,75651264.22901611,316812804.73602295
2019-10-03,2043337134.296856,1373016026.9766045,1577606376.371994,1246810351.0715294,702959735.6124878,3522646296.3602448,5345725449.829254,18823504116.417694,1486466005.8787918,390887388.61054343,77490937.53912354,319046432.86247253
2019-10-04,2052537108.1071663,1366173587.6309395,1545493000.5245209,1223672297.2232819,710747090.524826,3549890553.1179047,5455929978.899536,19025276331.007996,1498907982.4698257,393166760.95391273,77047135.6303833,316250693.0693817
2019-10-07,2083378229.2366028,1374272163.499012,1508541185.918045,1214498754.974575,703107082.1998978,3478328760.2967834,5424067709.46106,19127551377.570343,1471324248.8016129,390116723.40488434,76340858.87238769,316015354.28733826
2019-10-08,2097225773.4158325,1395888784.8435783,1494026601.188202,1218309365.405426,701131532.5115204,3391766761.6485596,5495447812.445145,19600052380.267334,1478043253.6446762,388083995.036739,77861741.40159912,308168535.4825592
2019-10-09,2057255254.0415382,1406867971.7276382,1490675762.45018,1210040379.9418068,694752873.4572601,3156503818.73703,5445445643.721542,19490972855.463867,1466104129.7836685,378779730.8795773,77947722.19813232,309097114.39720154
2019-10-10,2009984124.3946266,1392952938.4709167,1466612011.323471,1172974572.4476051,672821621.100235,2989394821.9848633,5407883894.965515,19234701181.040497,1444451049.2744446,370072469.5483223,77827299.52929688,310096311.5031433
2019-10-11,2074282856.4967728,1434033337.788086,1451700027.0868683,1125294694.2072296,600821562.800827,2967575327.164383,5528640002.453995,19717062617.65915,1490095086.6594696,383022493.7839142,80287646.48092651,300765897.6351547
2019-10-14,2013643836.239891,1385011984.2038727,1422668677.4388885,1085170907.1100616,584685455.8158875,2872967975.9879303,5479394251.521683,19470725968.28293,1462442083.0517197,344302559.79078066,79184534.03637695,290898633.08322906
2019-10-15,1927568759.6140099,1389166212.7638817,1436756557.728119,1120575138.4889984,577429186.1967468,2824028349.341278,5501909152.847824,19541048134.96689,1478558868.0337143,297466712.0054512,80690952.36917725,289324473.572464
2019-10-16,1874305275.745964,1418463658.0956268,1403562892.0754242,1108050742.239647,566128023.4897614,2773890451.6553497,5416757796.006241,19205811472.100983,1460135843.840828,287864936.9747486,78511708.61538696,281427655.54504395
2019-10-17,1882649143.4644127,1440181404.6141434,1389749414.6543121,1112589026.0718727,547612585.7320404,2713098301.3074493,5353113058.393173,18785987010.997314,1420218820.5083847,279294499.3883713,77278957.05535278,282749087.1054077
2019-10-18,1873208350.6095123,1403660120.1292229,1348253463.9559937,1106683476.9738007,511994498.17207336,2653040730.1917267,5342138776.0456085,18443354569.671936,1390275498.4598923,275805709.4444946,74728166.33447877,267122731.97486877
2019-10-21,1868339086.4011765,1441201809.1957664,1341575427.3176575,1090401200.7120514,457652057.04093933,2670295730.2134705,5283170338.833694,18386616756.183777,1347418282.3637009,273166106.04699403,74410907.9270874,264047674.5055008
2019-10-22,1864705373.9902496,1413356561.5001678,1292353070.9805298,1070876591.32967,423520116.8664551,2565410253.7286377,5120971573.675766,17772595701.86859,1312619751.3067245,268179306.4964218,68903208.42607422,260482524.225502
2019-10-23,1866871677.9699707,1395582892.7212143,1238945656.5104675,1052676247.6647949,399207741.9594574,2472040506.0853577,4941036237.0360565,17269919265.331726,1265006299.9802017,270432881.8793621,66398468.36381836,246153682.382164
2019-10-24,1911782767.785492,1392833818.9203072,1226034809.3139648,1055839611.5891075,391633591.170578,2391836517.112732,4874137244.559402,16996154015.91278,1244023173.4656906,267523759.51008224,65028407.53060913,246909571.59545898
2019-10-25,1864493206.5655136,1385217471.2104225,1199525357.594223,1050590901.1453819,381264032.58197784,2326597514.3413544,4709963787.911835,16479120945.359497,1215555190.6542587,262296149.1593216,62096022.647808835,247417269.07497406
2019-10-28,1890954464.94421,1362930779.523182,1130453244.3523407,1016955781.2563133,395466637.75177,2319605163.903885,4649968610.381241,16363531403.619385,1232828468.0838013,259068594.7172989,61692944.51119385,253632876.89510345
2019-10-29,1868852982.433567,1292901120.748787,1070246393.5063934,965811837.1556091,364971125.8646774,2173348622.6789093,4533686885.595703,15798951332.428131,1165092779.2969894,254558808.61315575,57834356.64367676,255029106.69071198
2019-10-30,1908490322.3907661,1243166097.6742172,1035402635.2725983,938980334.7990608,371262385.5862427,2108651811.9486237,4310485371.460648,14882819865.598297,1151552154.966507,252716853.58275262,54435463.64367676,257097670.41793823
2019-10-31,1901932451.306572,1201130351.187439,997665291.3234711,922081161.7624855,368176259.1352844,2060310869.9835968,4212138275.6468964,14709544696.703644,1163203405.3470993,249164911.8456253,51332163.31422119,250496636.11694336
2019-11-01,1941163512.6742935,1241449297.3770714,986856968.2811737,941707647.4422836,384274789.52957153,2066402147.1805573,4134363715.569687,14828354217.593536,1160232627.0742416,249073155.84048042,51739829.25378418,266356893.89282227
2019-11-04,1958054500.0848198,1248141657.655449,977446859.9365997,940977621.4702797,388557836.73648834,2076768301.2360382,4125304571.4173126,14880877214.978333,1158230429.043541,252363150.18955,51225693.95454101,267174189.03446198
2019-11-05,1975383199.8848915,1219998022.043438,985831122.8370667,961344135.0257492,400110810.12714386,2055492453.5564423,3981658221.0642242,14226303077.319183,1147758829.3278885,249086048.53475228,47470969.87496338,288558940.07045746
2019-11-06,2019182637.6811981,1206249572.803154,981687002.8009033,954473462.3401451,403587135.90991974,2098162470.168686,3989735165.175705,14050005383.85849,1149805996.8993378,256101284.13303185,46301656.99581299,289640316.898613
2019-11-07,2116320429.7061539,1198563529.6795273,1021381760.0364685,966857289.0953636,412456424.90219116,2085218458.3132935,3933234811.975708,14073160482.443695,1168921620.2062225,259795793.13627243,45166135.119189456,293714261.35593414
2019-11-08,2074726189.0150642,1126755085.9031296,1013318509.6115112,945957512.0799065,385445559.34833527,1970771782.877884,3704591629.293442,13433641801.073914,1074193051.0538864,253221100.52059174,41112727.93887939,307386917.262764
2019-11-11,2110035492.0358086,1116863002.4718857,1033380028.7361145,931154538.8104057,383575893.45867157,1973909287.7803802,3665096906.671982,13392064606.945648,1065140495.1657104,250543930.22820854,39448626.88360596,313073397.15168
2019-11-12,2125041358.015194,1101488539.052124,1013971482.845993,895951344.3147469,372981101.51786804,1961509214.2533875,3592195525.7074738,13409741009.208069,1029510885.625267,247094541.09413034,37058881.30924072,321449686.8875122
2019-11-13,2167077864.220333,1082929439.4122696,1001993231.9297028,906699357.5264549,371543740.43914795,1975642070.532074,3555259461.7778015,13503430574.342804,1022578271.1169815,249219122.9887665,36193041.26827393,324405166.74468994
2019-11-14,2154550030.678997,1059851495.1070213,995056859.6053314,907142480.8253479,371492032.3797989,1977641134.3840027,3542152964.971161,13601713588.604279,1044829788.2396317,251436606.80005723,35130045.08206787,331012788.0052948
2019-11-15,2137839217.8334808,1067335215.2804565,1019838940.8942413,881833695.7097435,370003975.5046463,1971824912.4058533,3466710994.6505737,13609771662.525787,1034238907.2759628,250893891.06625253,34478005.96600952,331880557.3680115
2019-11-18,2164902634.244766,1045966029.9277115,1001413522.2866058,891116547.4210167,370752927.88871765,1926634654.3255615,3499071334.457245,13775125581.969757,1022280563.4967041,255958188.63451728,34072670.766009524,334039692.47612
2019-11-19,2143529163.1625366,1040254978.7404633,1007671628.2675171,905246875.0147057,394321924.2980957,1949439574.1571045,3458041590.2659607,14075363483.923798,1029210295.8520508,260122502.490189,34085477.0670227,338987020.1742935
2019-11-20,2160409628.4420013,1058674537.8335571,1026291800.9781647,945792433.6307526,396900240.93460083,2042857218.2357788,3676776767.1813965,14727336345.20462,1040572631.0691452,267941807.04984778,35883715.22285767,348408550.6102371
2019-11-21,2129556673.7202072,1034275369.0371513,1011556509.1550446,954615909.573555,398754765.0370407,2090027051.8087769,3672920178.9674377,15013593787.593689,1039728308.0423355,274943256.9617378,35781388.33999634,354624838.9042282
2019-11-22,2082521508.7026787,1028819915.3439713,993849946.5659332,981189745.611229,396403368.2525253,2113062776.0979462,3637461773.0067444,15027774291.663818,1034332851.6571426,276013297.0734848,34753289.33999634,357490254.78694916
2019-11-25,2084781670.3440094,1037539185.4222107,999555696.5193939,1000137883.4716797,385835322.53364563,2186343458.469467,3633017475.960388,15139405461.582642,994135332.8992462,276340930.70475614,34605029.83480835,358180516.3900757
2019-11-26,2114177427.3056412,1063417028.3052444,1005196898.1169891,1002677435.1162338,392479720.30807495,2215177738.6540985,3603424664.8322296,15065572994.81308,989124921.1433792,276186983.72663534,34331949.807366945,355600292.33638763
2019-11-27,2058780548.7652016,1048622632.3570824,984052363.0940247,964110101.1282349,378606645.9266281,2210143750.033722,3565372672.737198,15016713719.484558,950447513.5806274,271597082.46553457,32753102.430749513,356396155.8111191
2019-11-29,2021348404.3772125,1020283578.3597755,964970926.663971,924792385.5962181,365820500.2191162,2160449632.9403687,3408754163.740616,14588371384.983063,894823382.4569321,274652135.72551346,31466827.95189209,351880505.75710297
2019-12-02,1995610756.9919014,1038020179.8475456,964313950.5237579,915938474.270401,359237577.2192383,2153152362.018585,3470425806.747513,14671504248.401642,929585412.7127457,267445176.8130993,31593454.456445314,361534741.5682602
2019-12-03,1970910552.397747,1058624286.2976646,989616734.3292236,963267107.4926758,370862485.9846115,2144165029.2356873,3588557517.5182343,14864703984.303131,942094511.0710144,266732402.32024497,34565091.24686889,364485325.34439087
2019-12-04,1939667134.1259003,1075346086.734581,951143693.2047272,934289400.2194214,348384522.61520386,2123550100.0228882,3592604392.0887756,14960157363.984528,915482592.4503326,274625006.0002842,34865268.31697998,346746694.7883606
2019-12-05,1903734140.7036781,1087548053.744812,945500747.9338074,962411395.2765083,343359591.37023926,2091829239.2377472,3549111220.9404755,14888764090.427704,904121352.3023605,269036027.5750946,34791610.71697998,348066336.3317871
2019-12-06,1824534276.833477,1093114945.116043,900281845.3561401,965784033.6950684,328561235.45490265,2117156201.97052,3540451123.430786,14828898556.908264,842393551.0308456,266496050.3693138,34756549.71954346,346715331.5145874
2019-12-09,1765454504.1099548,1125478194.8902893,847647393.0210876,985331751.9975853,323446986.99077606,2130326423.9433289,3530038816.79718,14637832323.606873,808672926.5018082,259897739.39626083,34832421.79625855,335148953.00323486
2019-12-10,1742227960.263195,1166878839.5588684,821777435.9779358,1016638033.7874413,324175242.17494965,2156080498.332367,3645582874.248047,14885876749.051666,811519098.1832504,255684949.89520073,35290209.64702149,341402903.7374878
2019-12-11,1748571963.352642,1161523433.5517502,819819117.8812408,1015345106.9926071,314987420.40309906,2198131793.6396027,3687429041.481018,14996331117.920227,815335811.3479996,254799532.74108887,34846655.24024658,339529554.527092
2019-12-12,1883977654.1378021,1189724928.9819145,820287207.1778107,1027103090.6496811,329163653.4093857,2280012172.6869965,3858157615.8447266,15626831644.055023,861930636.857872,255170092.17067719,35591511.77131347,351947245.6454849
2019-12-13,2099126895.0421524,1273545565.5693054,832538880.6277466,1037387239.8149681,333770508.8933945,2359975292.20665,4017824198.561554,16080710595.961761,868919956.1074448,253715999.84642488,37395700.83129883,357453782.63622284
2019-12-16,2130982763.8962173,1305647336.9384956,794996212.5253296,1051875126.6193962,338087141.23477936,2416261906.2249756,4052286628.3058167,16402725692.979889,894468004.1836166,247097769.23065108,37366659.695935056,365721789.1588974
2019-12-17,2186877815.3287506,1328417167.251377,785165716.5937042,1069662068.7462807,345471838.265419,2436503289.5879364,4034028958.1900787,16591615042.20932,895760182.9013443,239781959.58844033,38213472.28242798,387650063.10878754
2019-12-18,2241689719.598465,1329421193.4069633,776787342.5754547,1106444374.6935081,316648557.6034546,2442397463.7023926,4024156726.8198395,16330041826.730194,885712009.707222,230662025.2765705,37743890.67192993,395361825.2579117
2019-12-19,2261553682.937622,1346157289.5957756,763640730.8830261,1129425899.3147278,307606349.3589401,2378193462.807617,3849458754.995804,16452453404.827423,877129102.3899078,212750846.4254898,36093671.56318359,396597650.49770355
2019-12-20,2316044400.524788,1416577063.4802628,765820218.236618,1174205961.0103989,315103599.53113556,2461548092.958832,3957593210.4808807,17834091347.953033,873530117.0215607,203507352.32432595,35616948.07925415,412871507.1313095
2019-12-23,2330402087.0856285,1435939921.091137,777140558.1017303,1142398812.8598022,314677992.5120163,2466090505.275345,4033347338.080673,17977339677.41501,875824040.3800964,197402457.48849526,35030631.3115387,413893228.61660004
2019-12-24,2261851352.071743,1398987218.6448479,770629350.3973389,1106058308.5275078,301744827.87994385,2315473042.005539,3931529903.615799,17582713051.37741,878184851.2126541,188228308.9221607,34155336.36176453,402490642.5343323
2019-12-26,2219370353.6345863,1355292037.6298332,797482665.8364868,1106432496.4012146,290769888.1864166,2272330098.2800293,3961908804.9822235,17502522975.33676,883271077.6580048,182745945.4164482,33761829.13666687,393054439.3091202
2019-12-27,2258363220.7292175,1354615734.333744,805756030.2843475,1106451108.6702347,287965142.8935623,2267336610.157089,3980493435.439987,17492408055.657196,900905477.9083252,179470897.52018052,34128902.399441525,393246425.26348114
2019-12-30,2280823856.8984222,1390926931.3126945,808931280.0209808,1110202571.3143349,283894843.6339569,2306913716.322174,4106248841.3371277,17698495314.569702,909841161.0790253,169704262.43132514,35542838.26700745,393020469.02305603
2019-12-31,2264860385.544491,1341238221.9675064,789887693.0271912,1072210757.6989937,264804846.2337494,2313039276.585388,4019137259.5319366,17464879599.081573,868899305.7020569,169009594.24967727,34252450.58099671,376457159.07154083
2020-01-02,2330461742.535019,1335228943.7090492,786557252.738266,1030907760.9445,252509433.12618256,2343753992.887268,4040470900.779648,17302619464.55612,855312490.4654694,163359081.4062172,31571396.489816286,377768802.1059036
2020-01-03,2399567255.21513,1360124573.3418274,832148088.291626,1047074023.0897331,260910744.3794632,2410736138.574829,4175411918.354721,17751210906.988678,876812869.804306,168266286.86228028,32270061.77007141,381063240.2661514
2020-01-06,2398667765.4091454,1366622673.9845276,898876282.2020721,1047427311.1753845,259286496.3829422,2456743392.6392365,4254339467.9276276,17996043084.34326,899984072.2229767,167440305.53495827,32705707.37007141,381345152.5849533
2020-01-07,2422585879.633274,1344946891.211338,897940742.5666046,1028193564.7701645,256114481.49158478,2423185932.347641,4321012842.493134,17893001670.424194,902379884.3723297,163645981.3713295,32243807.567507934,388545451.32045746
2020-01-08,2524298263.873596,1324708804.9224281,1042658382.0973206,1023103983.1637383,271020906.13422394,2428012194.366989,4459857979.679947,18406963299.4899,939305784.6254349,190853307.99749678,33691866.40213013,398523542.7636337
2020-01-09,2565509736.0864067,1299005624.8713875,1095450950.9213257,1028695780.4989815,280375231.9701004,2416400450.1473236,4494571246.164322,18379949159.456787,952985495.3145599,201672363.97824937,33710036.01002197,394907578.3524704
2020-01-10,2587772012.776413,1349422212.1274567,1098517147.7617645,1035791874.2556953,281028510.5919266,2386625499.5697784,4539909184.727249,18405252428.2489,967073206.2987137,202245351.70880014,34304117.15469666,397864393.02734375
2020-01-13,2497752337.268276,1310262533.0975342,1092869834.9208832,1032854138.9683723,267863583.87439728,2331486945.074234,4458468236.143188,17722690101.868286,917009083.8619614,202402403.6183136,33114479.42362976,390454309.78034973
2020-01-14,2345564433.0540657,1259964357.87323,1092453208.562622,1068049838.2140923,259450129.45373535,2297494824.288101,4393527947.534714,17487441463.21991,931742547.7797318,203200698.37243232,31443274.569107056,381632350.16902924
2020-01-15,2309856138.401127,1197680572.7659416,1107852290.7369232,1090827798.598175,258199674.98649597,2264588769.634094,4452276318.848801,17366167087.821045,916038661.044426,208331473.0212101,30607606.16042175,379793235.68050385
2020-01-16,2259012415.345001,1154810755.2752495,1122450523.4736633,1102819816.8299484,252299081.17794037,2322239379.6365356,4492602116.125793,17295836801.38321,920053766.2247467,210368975.93970603,29529730.803897094,362530943.469162
2020-01-17,2274772316.8659782,1155427576.1169243,1178880638.021164,1097262362.3520088,254195727.027359,2347961968.322983,4598717289.322968,18048228119.864655,940115526.656723,213762688.67573738,29345382.600097656,353419102.88677216
2020-01-21,2368996973.880787,1139177073.3633614,1188863579.1781616,1067414797.3884201,256189824.51656342,2395592213.9338684,4645045028.573837,17980495368.32962,942101036.5426636,217227728.869709,29660189.59818115,347406774.2948532
2020-01-22,2348299456.171818,1069768429.1132736,1192793009.1205597,1023901367.330246,242800263.203125,2315979411.155319,4587110415.573502,16568304894.998016,947810990.7894135,225221876.62053758,29506144.798181154,332007242.6807022
2020-01-23,2464669735.2205467,1062758695.5913925,1218475708.905487,1082540261.9366837,243334760.91278076,2336651177.9862976,4631154091.389923,16578136315.731659,975315990.95047,238485509.05610734,30688590.516000368,330950490.3295517
2020-01-24,2600099022.2177696,1114753531.376114,1254410360.8033752,1193811888.1822968,277313431.003952,2459758232.7023315,4960134365.103989,17593651558.480682,999253445.6561279,250229477.9454933,33878941.76998901,337069518.3388901
2020-01-27,2793865553.371296,1182556681.6345596,1269426454.9599457,1285600614.1958618,289711061.2160492,2527591322.710266,5228187664.189224,18378094145.506134,1034359554.2010498,259636585.69593278,40302674.79910278,340334978.9785385
2020-01-28,2854666115.4634285,1186782093.1682777,1288681394.8223877,1350646515.229187,290605074.3770218,2560738945.3245544,5326675344.0576935,18703317262.036896,1055650984.0565491,267479165.73339003,41575236.42625427,336446487.7323532
2020-01-29,2866312513.283367,1160492947.4080849,1291586842.7307892,1365435010.760765,292746704.9226761,2559939257.2644806,5412654309.165802,18777796087.959442,1067646891.1792374,273841102.5853359,40845089.358688354,338022594.2825699
2020-01-30,2972066906.830158,1177181094.4800758,1321320495.6589508,1401977367.025051,300890958.286438,2592807367.9772186,5650650357.138062,19067943939.27765,1095511264.6891403,282760433.81724775,42650357.672000125,336556041.51924133
2020-01-31,2997954899.257927,1217101271.1580467,1376073314.6429443,1462991227.0957947,329366208.4518814,2678354198.350601,5876912122.437744,19861470944.492493,1120612778.4939194,292317607.89010775,48090300.30584411,341642144.6042633
2020-02-03,2975608793.723755,1230030992.469139,1354110899.54628,1488528518.2191849,338912268.2229233,2661445096.593094,5865185280.885239,19740092960.83374,1141680810.485115,290715752.547493,48276599.520297244,351208826.10046387
2020-02-04,3038026390.717945,1257339050.3310776,1325028957.181244,1510601183.93013,338437170.2915573,2652187034.1252136,5976532007.611694,19857610646.227264,1144361182.652893,298708744.60305977,48279777.911404416,350015245.0937271
2020-02-05,3052107615.2043343,1294685341.9350624,1311161035.9822845,1595053851.8140411,372170409.1222763,2699816800.3837585,6170158329.608612,20262465466.31897,1160019942.998352,311341784.2350273,49401987.302072145,343139368.9337921
2020-02-06,3035006676.3689804,1321005061.1118317,1183312224.332428,1602242231.013794,356312656.22940063,2708068474.7756195,6143181171.583252,20019112417.42157,1139525860.8383942,290268184.2077629,47834413.97620849,331340806.77986145
2020-02-07,3040310562.9052734,1344527747.5904083,1155302831.7191315,1590438405.7561493,368759856.4041519,2754415496.8486786,6180545067.580643,20268563571.09482,1165420757.8578568,284134287.6589737,48647706.35720215,328122493.63105774
2020-02-10,2992252202.7807426,1287529032.959385,1152805285.5065155,1584353813.789959,365677981.6504288,2725028450.1589203,6190131836.622696,20123076465.332336,1155407064.5523453,285901596.26830673,48287678.819302365,323898653.0156708
2020-02-11,2944687301.9569206,1286214692.0305443,1135678398.0739594,1581497619.5256996,361027227.75188446,2708363512.3960114,6285343866.787872,20257605769.85901,1167765763.0691147,285043499.4863949,48610915.183255,324037787.6421356
2020-02-12,2873991055.2295494,1241294642.1060371,1124860232.1274567,1574150631.7931747,356853573.37898254,2661547858.3112335,6302621547.468262,19996428765.29785,1121313596.0425186,290546022.23912084,49562408.17130127,333165792.49443054
2020-02-13,2877991095.424347,1263533679.9705315,1129703565.9418488,1538971175.0172043,352853748.3467865,2640695246.583252,6286285470.250397,19755886151.133118,1131941845.594902,297029246.46172523,50149880.27666016,330945523.91399384
2020-02-14,2863266993.7096977,1269060984.4922256,1125128295.6327057,1504953298.825264,352288523.7256241,2608419237.9995728,6349803500.61615,19934390439.627228,1135525532.464714,300780097.0504047,50670025.84669189,326265962.6873398
2020-02-18,2794357788.894882,1298183833.153286,1130582887.7748108,1495846764.2315674,380296764.6525955,2569270161.2705994,6363875525.636978,19362580724.92569,1121906041.436882,301549763.73798674,51656080.8881958,329281297.62210846
2020-02-19,2672965320.487919,1286729496.8167877,1156282314.3914032,1492486487.6161003,377222259.32826996,2516615997.262039,6390186809.0802765,18941454616.80832,1117141247.9636002,307210612.02951354,51310799.24302368,330450106.1838913
2020-02-20,2766329540.3824425,1315734015.6284142,1185661573.293991,1535184898.7600517,385475242.2851944,2560086824.0361023,6648194917.867203,19341697873.08792,1137203545.7147217,307438783.4716686,54061012.71201782,333359325.43209076
2020-02-21,2725633043.8199043,1330401973.3320045,1250150231.5556335,1518500587.6726341,402680199.63230133,2581241117.0825195,7093474951.86554,20285526395.411224,1165277802.5580597,304533844.5008358,56846851.30471496,329582684.6022415
2020-02-24,2737643493.393345,1400751061.4801216,1388808958.099594,1571166105.1648521,398097810.6028366,2636073031.0913086,7592872354.330826,21340380960.5571,1213789530.9752655,310750359.44663966,62403391.14976196,336473531.2301254
2020-02-25,2708651393.1588364,1456239920.3120995,1529723956.1927032,1654336493.0599594,428989742.5069809,2821199281.902313,8162433053.560257,23220344187.30728,1278452455.9246445,313995697.6962841,67361687.10840455,352716245.74993134
2020-02-26,2751401320.0920296,1577864427.030716,1611932629.8548126,1766235829.9005127,516508211.8728256,2975653159.692383,8706266477.98294,25034511657.253265,1355915186.398964,320304942.9595295,74312259.37759094,376261493.8994217
2020-02-27,2920531623.8547325,1742354621.3967133,1789384836.8719482,1932973277.4953651,547475838.0977249,3210280253.4815216,9603267230.265656,28087957067.54715,1491268984.4532776,332545071.3157951,92735506.2108551,403714461.4574814
2020-02-28,3077429736.7819405,1981443689.309101,2038474570.8900452,2167701674.333687,593411296.277771,3531261205.906296,10647094958.36464,32158611497.4144,1691621229.8423004,336503003.85845643,109783536.54931335,465015014.65740204
2020-03-02,3138582415.082569,2074335409.0151978,2049621409.0996552,2279792993.9276695,642977772.9019165,3539737229.3029785,11275041736.474686,33851911572.136078,1783333988.9578247,339461652.95302355,112346517.88810119,492341529.3583298
2020-03-03,3260295775.4710007,2176021759.775753,2202815800.1963043,2379830628.279896,673176374.0192413,3702849729.057846,12333548454.565811,36938434315.33829,1940814958.1934357,343610773.24766845,125920336.32951966,516718602.1139908
2020-03-04,3265567874.4159126,2194395792.506275,2220680499.9059296,2465233173.5990143,699269758.8191223,3835448154.5442963,12765183846.604996,38518321881.46744,2023316356.8669128,344790138.5950508,132438944.92253724,539458341.578064
2020-03-05,3315090371.531353,2233358687.6743507,2317051819.054489,2541975485.6075096,682785202.1785736,3920505237.2333527,13143455851.953125,40086865162.924194,2076645693.542633,338923129.7147503,145279056.87122497,558372919.8296738
2020-03-06,3343444095.232296,2329582963.901787,2494012857.1411896,2696162539.7141457,734370632.604599,4071266848.8828278,13793945378.870163,42420363832.619934,2563066710.3292847,359120742.773135,162304628.74549866,582449400.5918503
2020-03-09,3466553741.2695503,2427012448.6014557,2643099496.2469482,2869220483.477764,833188388.1010818,4272974660.1932526,14593116838.838959,45316462118.065796,2789408842.661743,398323559.5938078,171823566.4056732,616427588.4207153
2020-03-10,3624761146.9228554,2654803102.8772736,2745477633.158798,2994194590.058117,900740718.178978,4523305934.44294,15341626572.568817,48308615742.879486,3002744286.366501,417527597.12810194,182235463.5177582,639753169.8297882
2020-03-11,3736641708.2118416,2787534244.2785645,2847005785.7100677,3114254763.69154,959904441.4570236,4706088014.153023,15842272842.992706,50662828855.729065,3147407021.6970825,427026314.20235884,190730674.73717958,672038630.3150177
2020-03-12,3907016673.759136,2937169932.049179,3052887049.4600677,3259679876.99152,1006659837.7298355,4974439022.765198,16742624833.00972,54421472807.56271,3272866841.239853,440470787.46575606,206167439.92883912,696185463.0678558
2020-03-13,3984319511.9779205,3040014889.64447,3252354406.4839935,3415013938.725281,1041257127.5282669,5195440826.855469,17734886002.537003,57629489184.06624,3352090380.37117,452192494.81947196,220843932.92883912,716336116.7963791
2020-03-16,4037411422.1265883,3102962602.088642,3386011847.736435,3495268483.8814926,1067254976.0467148,5354070887.22496,18220317480.52803,59885046316.27052,3516089182.3255157,461832491.73877203,232591751.87903443,733995734.7065544
2020-03-17,4096512179.7366624,3133048041.570244,3474842083.086624,3598319373.881874,1055285814.1033936,5547237001.713638,19007757448.73558,62026280280.83702,3591998614.046364,469793876.7344648,252731715.5705536,742517088.6062813
2020-03-18,4144638303.638658,3231582513.375225,3558931104.7486115,3681314441.4832687,1112730581.968956,5748575517.598648,19724546498.980255,64856882276.45439,3838453600.6951523,500534488.31407374,272887655.3705536,764326929.2745018
2020-03-19,4030776152.174778,3291253192.7155685,3638243309.35791,3699393134.9007034,1129235931.2127304,5890165528.12336,20276916949.67682,66889364100.64171,3911724116.438713,520032668.73501605,292130944.7015594,775150348.0096245
2020-03-20,4034733505.9830284,3344414971.703224,3652320912.9639435,3765808541.6223907,1152079628.0493546,6102405411.961861,20522817787.001038,68801318630.70732,3964510578.0096054,541168765.8489788,317074772.9996521,805145772.5526237
2020-03-23,3980938796.114798,3323205549.542694,3647097940.7535553,3706135013.502102,1181665786.543808,6184135549.854584,20646949119.345245,69766463982.2448,4002755553.0626297,538669322.0210292,320586951.1911316,820005214.7128487
2020-03-24,3888439032.067537,3282062986.175995,3590879227.6367188,3626292495.2983665,1159105382.4788284,6228491768.528404,20474258130.154114,69272145914.83643,3953533526.1680603,542664802.549037,327433567.7593811,827635698.690052
2020-03-25,3807966633.873033,3239007597.8977203,3577478565.804596,3532723478.9177895,1090631441.119728,6232628896.570587,20425940971.700974,69894662736.07071,3885691913.9598846,547721168.5250562,337188313.576886,832044889.836731
2020-03-26,3678969770.3754516,3167829733.309021,3460720687.7142334,3427091559.897003,1065291786.27285,6164552405.074539,19959603865.45082,69124036166.85135,3764755102.2623825,553676001.4556024,333378812.34362185,830461455.22192
2020-03-27,3431532817.0127964,2970590808.340454,3218722112.3895264,3312385660.321083,1025356217.0975876,5886214827.424507,19017787202.880325,66532308603.348854,3563752500.754509,560743484.340502,325874093.7227966,785555008.5707855
2020-03-30,3258026434.89028,2868401933.845749,3189528991.1699677,3186986834.2274666,952421335.2465057,5873688347.564774,18298560804.45511,65225262677.48772,3477263012.868767,574971248.0553402,333084057.9299011,770799179.4663811
2020-03-31,3099397554.463072,2811280902.1726036,3067389085.177841,3092731516.896572,927428787.0590973,5861255530.850372,17543551813.277283,63421010108.24928,3306002761.1542892,575957170.5139412,329272882.59087527,765031757.4201202
2020-04-01,3046773628.128443,2786935389.216938,3060841453.618088,3027789711.706543,937169473.4266663,5875029855.143433,17248248300.103455,63041725343.72551,3234384776.2068176,579174162.7186772,333074171.02493894,757127995.8098602
2020-04-02,2937039250.497408,2748983879.1311646,2989094258.627472,2922180545.3697968,935223610.7498169,5870860926.000519,16953298353.142242,62523745726.36406,3158019354.7206116,645482182.0356032,331082218.2855835,749934168.5593987
2020-04-03,2854340658.8976097,2654839364.9225616,2841251699.1770935,2815951731.515541,893424030.392456,5810840583.35228,16473905351.01944,60966116338.18962,2678079808.050995,677966893.3039757,322729935.2545166,736267309.915905
2020-04-06,2746235449.5427895,2587650339.6476173,2760640297.6612854,2689946843.6380386,789138726.4148712,5726140617.471008,16002954763.21045,59382409005.35423,2449566617.8700256,672322284.1022434,319031976.8545166,713308130.8252907
2020-04-07,2615595195.4213524,2401521844.679508,2687082783.3930206,2615213628.7154007,760627979.897232,5689477328.949661,15676862780.126953,58196816250.40688,2291247997.074814,689048311.6119137,316911837.1072022,694294663.8767433
2020-04-08,2463574212.638035,2301764451.5655136,2606088303.3737946,2570577304.657364,710708506.9306183,5680073237.973938,15283440837.488403,56936095572.55829,2169626779.7532654,711810853.1711369,314948124.4405273,669939615.910492
2020-04-09,2315527604.0723896,2210696361.824951,2506819480.828171,2603245844.0403748,680360912.6660919,5716297321.534767,14768420057.710114,54924131520.03677,2108661679.2972565,757034414.2383366,306069081.28096926,664698158.2123756
2020-04-13,2172501531.768484,2126181394.7216415,2420652344.5378876,2523508693.3559036,647612641.3273239,5621113827.426109,13939374413.918152,52330127400.84923,2041966379.8989868,760609879.1546952,294843350.0809692,660547796.8964195
2020-04-14,2115894898.4542084,2105602999.2187881,2386223210.4250336,2517254852.1907806,623004932.7292252,5538131365.461655,13842846018.346252,50826093262.03728,1896548677.151184,782285849.504768,287671618.8159302,659969574.963417
2020-04-15,2073345888.7745094,2060242694.379654,2308690169.469986,2430215886.779995,610870352.5686646,5431268530.198326,13254947507.720413,49357257223.555374,1848939722.7153397,811159665.891668,271420213.9937378,660360890.3775787
2020-04-16,1994767827.6473713,1998933063.0443573,2228903045.519333,2363728382.6299095,555212156.596489,5411960496.832237,12949666793.700638,47460289445.65712,1626390170.3024673,818989019.2118381,257140012.12440187,639792120.7277298
2020-04-17,1965867920.9720802,1952861117.8089333,2201315922.0274353,2358614796.4224434,534308719.36000824,5373143122.388458,12568654313.704147,46216436626.64772,1556444140.7524872,836707152.7336334,237938502.8564087,633168930.4740334
2020-04-20,1898117416.9970703,1887933073.834858,2146162881.2844086,2290626533.3835793,507320997.14393616,5221573347.625847,11983544056.861267,43867384113.62068,1464231306.7256165,964585571.7260091,213321918.93024904,608027734.5759773
2020-04-21,1837679003.5666943,1848586441.2429428,2038287361.4007568,2290014489.1864777,461520037.11242676,5101028671.512642,11679519576.699066,42117108646.27472,1382877902.8806305,1087321437.6886833,207172227.94370118,597582557.837429
2020-04-22,1774965192.067995,1807219393.334465,1983517551.6249847,2204045902.298298,451278125.51151276,4865995199.2630005,11246923397.023163,40681380679.55101,1346150312.6488495,1120832689.355658,193116061.8315796,581053922.6303291
2020-04-23,1720072840.4306507,1755776126.4921951,1980939887.8803253,2152164934.799404,435238398.86470795,4795483068.256187,10905944495.62828,38633346289.85123,1316039112.6047516,1137759504.3137832,178046958.39920655,563716460.7384872
2020-04-24,1628823300.4419994,1689461719.8342705,1974106023.2289124,2143635083.9929771,430274099.1743851,4669842274.336739,10519563531.507492,36651815769.52774,1288568017.8710175,1130817673.5852573,164531467.39920655,542182097.1191597
2020-04-27,1569589452.712202,1644237229.5013618,1972288867.6261902,2019076601.953907,416004375.2213669,4691678182.914848,10372616152.959595,35070550895.23422,1264315130.8997345,1133122990.2458618,155058327.80625,533121717.84923553
2020-04-28,1553982030.070963,1623621115.1799774,1963418391.4310455,1989776234.3909073,406779406.44176483,4753122486.565475,10393501306.304398,34393892258.11989,1241231937.1649933,1114961599.0807242,141180423.32613525,521598334.1215515
2020-04-29,1532797783.0156994,1563853450.1326752,1963737281.98555,2004482696.3633919,387351732.7161789,4788597979.160576,10332654889.073105,33687289739.798817,1223254173.7915802,1109665378.742084,132018740.15272216,497496158.7497902
2020-04-30,1533925854.6183777,1599214374.356594,1983607029.370575,2005799292.728176,367068832.83958435,4784639071.905136,10318134892.395325,33184914522.396618,1224986236.0357666,1106543227.068128,123618645.36656494,492000874.1059303
2020-05-01,1539299536.0817146,1590815605.040245,2001016235.7084656,2010315200.9833336,385663822.25154877,4817632016.202164,10312228019.809647,32756705954.856945,1255890366.735077,1037362526.7418811,115012352.53253174,481264899.5897293
2020-05-04,1497793935.9720898,1574974979.5815659,2000401196.480713,1962735487.462616,386378431.3909149,4779064749.89502,10233133033.254623,32265638111.414562,1267569039.451294,984531959.518232,108467010.96248779,479430473.8863754
2020-05-05,1437720144.6845627,1535270485.75428,1969829644.0387726,1950988439.502449,380152232.96188354,4708003183.903656,10016030925.892792,31026119135.098034,1255851308.5543823,962461044.2027805,103771194.02819824,478330537.4534035
2020-05-06,1381060460.0166798,1505116247.196846,2004202154.2882538,1909659079.6086311,348884537.46139526,4580692864.385033,9738890267.476044,29537366846.13319,1260483310.817566,932783395.5024669,97037262.05268554,475010913.9277077
2020-05-07,1366215899.8416328,1496662834.7919846,2055914143.3399963,1837281343.7714386,348618162.6546478,4454031528.739815,9707705338.820038,28597987737.538147,1254252015.1174164,900475548.3314083,92976894.72797851,466084060.91522217
2020-05-08,1359947102.864561,1447945602.841835,2010301455.4070282,1638007437.1032715,343254092.4698639,4252417962.024002,9391910982.676697,27199744548.79425,1211896620.3518677,836069285.6321285,87436832.89663085,442636469.98262405
2020-05-11,1350561629.3587399,1444154301.4957619,1933812447.8180695,1561505682.4071693,356108704.2398453,4235591577.9088593,9363057973.461075,26814717579.263916,1211297646.6773224,816194543.21365,85500246.56142578,432461082.88297653
2020-05-12,1346093135.5675602,1495752945.0963974,1878029719.185257,1523964680.8036232,367058239.9761963,4296408406.847,9149299584.73442,26329446547.604675,1218646415.8026886,782118585.5794394,83817789.66213378,436373891.57901764
2020-05-13,1339882351.720171,1501486335.2489471,1868239672.3323822,1509607954.6780014,364340637.8895569,4440328888.135681,9367356860.998764,26647109848.15918,1240113613.5160065,743946301.653353,88380732.72901611,433848396.2232208
2020-05-14,1375679598.9893723,1511648646.1710548,1932831028.1404877,1521029704.2111588,366208129.127655,4491110815.975533,9253857922.550812,26554282668.27774,1251746660.733261,703721429.6607738,89787298.19835205,439100380.4963684
2020-05-15,1374535245.8298683,1505974678.2457733,1930742529.9272919,1506626787.726593,363389692.9688263,4462724406.142769,9201419309.785309,26085446286.569977,1241853511.1730194,663964018.0319076,91800388.70618896,445632437.3904228
2020-05-18,1382737817.4787712,1543772872.8007317,1960364659.8835754,1527940464.9195862,357341332.1392441,4546452744.726677,9274037345.57785,26411985809.799957,1264670320.504303,523760236.6568141,91044219.34107666,451225830.5840874
2020-05-19,1371223740.5788612,1538322761.389656,1931511610.5083466,1462648901.8553162,350231636.45217896,4556430056.903458,8949777706.660614,26104100638.87062,1267607065.9396362,394812307.95414287,89082084.4800293,443232970.12693405
2020-05-20,1383591449.5768166,1551641151.7033005,1914987446.609497,1523150689.4812584,346011549.60746765,4644991118.750191,8959440339.122467,26083568616.187363,1298222354.2716217,354997437.19965875,89372511.5079712,439242261.29644394
2020-05-21,1389799564.2957878,1538386382.2710037,1888720877.342987,1523437516.3347816,344508711.32995605,4633414399.374809,9001770051.11084,25802312547.039642,1316948514.1667938,341261395.4077673,90045336.24656983,432817212.7196884
2020-05-22,1417590057.2997665,1533695278.562603,1867346187.401886,1450266857.9101372,339166101.29600525,4629659663.606758,8967301996.450806,25565091941.150665,1307033681.2432098,331434958.40355873,90775485.07867432,428153354.7957802
2020-05-26,1457576128.0607986,1575349373.9081192,1906771329.0782166,1473835196.852665,344271480.0948334,4637305850.83725,8953480414.013596,25759624426.58554,1299127020.5918121,318291235.4296398,89925290.67867431,423464212.9109764
2020-05-27,1479738289.2839813,1576187018.0433273,1928549986.695404,1479715633.712597,342655843.10569763,4637370999.808273,9093737496.490097,25839229097.625885,1283972473.2889557,318996583.3380604,92123176.33978271,417058615.69820404
2020-05-28,1491836140.936985,1593234366.6233444,1908540726.9541168,1448379447.421093,349254597.7711868,4593629497.046242,9053753608.175201,25498730585.800934,1292933459.508438,308076724.1157055,92671689.04102783,412280510.2039337
2020-05-29,1501934165.140829,1588179250.6074715,1902775789.0776062,1444069889.550228,336930539.30870056,4596932683.841629,9166509592.85698,25523542157.144623,1312039377.024765,301605911.37434006,93975020.00899658,413897462.0651245
2020-06-01,1497495951.7252064,1590863839.0703773,1882192705.1342773,1494188120.9962654,337903884.4783783,4511670245.348663,8956804229.260635,24681722868.260803,1330817403.2489777,299314694.3706894,91972932.8078003,431482156.2577057
2020-06-02,1532876516.3122272,1617704537.259159,1902629101.367035,1544853804.3868256,343793291.5606308,4507309241.091843,8995300687.829971,24679293742.304382,1350584091.9447327,297861118.6277771,91653255.70456544,433003603.9542389
2020-06-03,1574597396.940422,1641402160.7782173,1953249576.1986542,1578391277.60746,347521548.2908249,4566459242.569962,9023653309.541245,24960117513.595886,1377809211.9432068,290820599.4675064,91645208.59799805,435521146.09521866
2020-06-04,1606079024.6482563,1657822360.038929,1928532573.6199188,1634955174.7608376,354980106.20220184,4586306327.505417,9077472594.029083,25082487226.662292,1369707421.3601685,288433102.6376152,92187866.77005005,435383189.7369957
2020-06-05,1641630246.537075,1669338157.264824,1944622887.0874023,1686920751.323204,392475834.661293,4796384345.047073,9211823575.4982,26293709244.6167,1421767510.474701,292451222.7712059,92233955.8484314,436518050.0800514
2020-06-08,1615698785.9656143,1700378622.0162582,1920264408.2723236,1687045855.0037575,391365877.4901581,4839387981.832314,9250108069.890594,26359866872.08374,1433800785.822525,301297650.1250076,91576010.44037476,441323206.4475441
2020-06-09,1645252921.526165,1707703249.972725,1903845763.8141632,1732270412.0005035,384357037.73376465,4908053498.182106,9270574684.283371,26433063679.01703,1434864977.2821808,304684710.9239197,92458613.38268432,445411870.4396248
2020-06-10,1712049289.9139595,1643036394.0052223,1926973520.1215363,1770885218.7207985,387830929.8482132,4998275917.967529,9520560818.085098,26562434217.448425,1454022346.9206238,305857208.6486912,92842258.13857421,433804486.7196274
2020-06-11,1780069125.1246643,1705589207.4872208,1933291468.212738,1829635182.5622368,407380363.19690704,5115145213.428917,9650468252.294693,27577752441.172485,1478942325.6437683,325523935.5522156,102335125.69783935,437547215.9516144
2020-06-12,1814900771.2674713,1757585219.721489,1850111566.4216614,1851212291.0204887,411458577.85274506,5205409314.751968,9918484344.813232,28699243974.69101,1474557244.754486,324889266.6475868,116442111.90543213,442298961.36722565
2020-06-15,1883772807.6841736,1757970700.3014946,1805280164.3500519,1873071183.6874008,415726942.7503586,5348197930.721664,9839882477.072296,29151866606.16989,1476925574.995575,323645222.20149994,126252094.81534424,429777609.2615509
2020-06-16,1944246504.2102242,1758456686.0338974,1754916716.5247345,1904788176.0775757,426932785.716362,5388001811.393013,9947465428.436966,29507582912.208252,1499751848.1224823,316056255.51636696,131718043.87802735,424131437.4412155
2020-06-17,1993239849.4962502,1752708778.2386017,1723486842.488327,1902586381.4090729,428822135.3521347,5435041147.436104,9959275029.366074,29425048736.198273,1488555269.3373108,314680283.9197445,132664003.01048584,424011705.09975433
2020-06-18,2006727749.038124,1725947900.4341888,1679463510.1758575,1864266169.8532867,425327035.4608536,5389851324.159546,9901962399.25438,29411564088.55362,1466008446.3681793,308545082.1884823,132788610.64937744,425369813.4434128
2020-06-19,2063941854.254322,1743400795.8255768,1683763983.0319977,1892178648.684845,425168653.1850052,5516050104.184036,10002403487.646408,30279519829.68643,1462894945.994339,299326208.9739704,136382438.61030275,442785872.8961754
2020-06-22,2057886512.9203224,1732398112.1678925,1716302898.6470032,1923491057.4024582,430003352.66090393,5557716718.162918,9970735114.039078,30480950163.65982,1491693574.9584198,298596497.8831005,138712003.77819824,441648122.62773514
2020-06-23,2028468327.7885628,1674044494.2043877,1704936027.6805878,1894292918.3897781,422325352.11608887,5455212243.271713,9999533390.58937,30245168890.902863,1497705518.3538055,292624053.0288124,139772561.57598877,436031123.3197212
2020-06-24,2041926804.8304176,1677720159.2108917,1690084395.637741,1950350092.7501297,421123755.6483078,5448818983.111191,9923264992.779617,30646293027.38739,1520700503.1555939,290449676.7788124,146832713.44349366,439451132.19745636
2020-06-25,2041047219.3671417,1645173335.3199005,1669984767.1245575,1973970518.5419846,409568039.3877411,5419116501.986313,9887782363.742523,30656788175.937195,1525962951.2622833,292578530.4353142,149544208.05844727,442528987.0193863
2020-06-26,2030813640.1953125,1610243858.8547516,1648717104.146576,1977538535.9243393,411783912.8234863,5400229854.46846,9930333638.727264,30763235095.593872,1509865266.4685822,283292939.52991486,152591562.22456056,437153147.54045486
2020-06-29,2008837554.6570587,1594928570.3469849,1638224332.2505188,2060615485.8000565,517094915.42072296,5456792856.306152,10042707878.002625,31100541747.161713,1469754132.4326324,282388576.7209244,155435945.11325684,416619546.2198067
2020-06-30,2034374726.0190773,1597594458.4620476,1660563876.5142822,2071735725.2652931,514098983.9333725,5513986886.405563,10128786353.121185,31661674674.579926,1493437442.782669,278223453.25429916,157447425.8212158,410373037.40442276
2020-07-01,2019045735.1125526,1584766080.8203316,1634992376.8998718,2047833727.0645714,536102871.250267,5446134218.906937,10123612886.652145,31372020219.69391,1501789308.1760406,272593451.9075203,158196088.39361572,402127134.2246628
2020-07-02,2007069833.6696625,1570909784.4867134,1626677331.1460114,2029068851.6326141,527574234.3655777,5411515905.477829,10074107740.248337,31287084102.124634,1461850394.0293121,264921733.1575203,159181074.15515748,399059241.60621643
2020-07-06,2044262188.3742523,1545380936.1448097,1561126457.6942444,1990098534.3685913,487809528.47091675,5171507710.169601,9958339029.38713,29984376952.839355,1400651824.141693,256758104.28016663,158398689.48478395,398180271.17645264
2020-07-07,2036125969.690361,1511424678.476696,1585623636.0248566,1994286591.5193367,486050944.1462326,5079921628.495865,10028119123.512344,30091154388.551636,1421165124.9634552,243398391.49989128,159600914.46884155,384385890.6100464
2020-07-08,2037673066.2349892,1477392170.8995438,1611874395.7238007,1971444776.2709808,480297733.66794586,4984416324.527893,9999058482.112503,29747191631.89331,1410938052.5241852,235760740.63242912,160713401.58010864,372282493.3308792
2020-07-09,2015875009.1481972,1472532289.6422958,1618514177.2634125,1925149520.961666,469114275.4262161,4857726620.851746,9819915015.773163,29564501315.417175,1416144774.4438934,231916093.11299324,164115200.4383545,361909820.3322983
2020-07-10,1946474438.2959747,1394146884.1201973,1593248118.5728455,1834997327.0707893,446057140.1931381,4564656035.0577545,9416242041.130142,27522480478.248596,1358541277.2060394,209749107.80365944,149797732.3660156,347346012.72045135
2020-07-13,1906859684.5087242,1301704158.6725807,1631163892.4700928,1787043896.5789223,440919396.57520294,4377519779.264832,9397515053.324356,26300608438.123016,1348944468.67424,207327233.01808357,135573136.48178712,337814581.0549164
2020-07-14,1881094572.3803902,1316056901.8347359,1645411027.2867584,1764349755.9907722,436111742.7709961,4186907810.637512,9784471635.090408,25764622336.201935,1375416833.9446259,202972070.1036644,131216416.30675049,328800469.3752861
2020-07-15,1834480691.574974,1297727132.258854,1644968450.5072784,1705005611.1642647,419775314.49012756,4136965887.7757263,9899130583.405914,25082271164.358215,1338706405.6642914,196970918.3862114,128996040.32365723,320804814.3208504
2020-07-16,1795032953.4299088,1295223241.544094,1692703806.9001007,1706802715.8223152,417767347.7284241,4114978538.452301,10086690225.203552,24697519697.495575,1354543602.7173615,191617098.1078148,128797201.54223633,315625897.0742607
2020-07-17,1787496210.8014297,1295993664.1745186,1736496247.7039337,1709309693.279667,421534203.7097931,4077937714.4831085,10166837919.755249,24472152722.433014,1361996236.980362,188056650.01750946,127476043.24113159,311244641.9132614
2020-07-20,1705115547.5511932,1261719736.6566277,1722827527.0801544,1664374962.1065712,425065333.9576721,3881660796.4244843,10108084490.40863,23386673210.981598,1352254764.4586945,174625681.78865433,124940610.37706909,291925312.5888634
2020-07-21,1721109898.968773,1264772374.4183922,1731536359.1480255,1668318354.4072914,430103679.9528122,3858414165.704727,10372761993.203125,23176379671.243134,1348204471.9104767,174175212.6052189,124395648.56171265,288654772.7489853
2020-07-22,1721692958.6288452,1258833697.2023964,1794829299.859314,1662876789.1890526,432398042.97122955,3891352946.8151093,10361089447.395782,23062359317.648468,1333325370.746231,169447747.1578598,124711768.55133668,284673842.2826004
2020-07-23,1705712579.9734116,1215570900.923996,1908219422.9608154,1620485060.557747,430888777.5604248,3764341819.425812,10459358820.594635,22328993088.611755,1329806109.9274445,163035357.91265488,118641311.92310181,277736560.89696884
2020-07-24,1677389717.4446487,1190343020.5015755,1988809432.997818,1574096879.407673,440103718.3289337,3657404990.042343,10687698549.276276,22152741016.818237,1308429384.469452,158068343.6106205,117900503.86347046,265681950.87690353
2020-07-27,1658144207.9600906,1152635721.0461617,2099986826.6612244,1514942505.7231522,432613295.5599594,3500681039.8057556,10532628130.096893,21103570070.469666,1268511289.812851,160194494.23503876,112513512.60938111,256553700.87329865
2020-07-28,1656558155.679016,1146596630.9036255,2238318102.9667664,1337229453.3041954,292594797.38803864,3368116228.478241,10517671513.096924,20835486847.991028,1279062317.7438354,156839126.1599636,110574415.51123658,263262715.87753296
2020-07-29,1611221802.6967049,1117610971.5252495,2368854390.4423523,1273344722.790985,280895464.986763,3287250460.0244904,10398058340.793762,19950811288.463745,1225662921.5361786,153249552.71840096,108122891.19263916,264706305.61302185
2020-07-30,1610983014.8584175,1118501995.3829956,2424708195.507965,1357491603.2809067,386227657.6760483,3276152655.9348297,10505292829.962082,19838467067.444763,1202828485.7878113,157883480.33860207,109156547.20739746,270067291.9034004
2020-07-31,1652896443.889885,1157972428.2148933,2498826044.113693,1354921816.8702126,391559207.1363449,3321842684.738083,10805365207.795715,20119279206.437378,1214304186.511383,157218277.8118992,109646456.63703613,285594763.6292839
2020-08-03,1580630911.7590523,1163875582.6730728,2557511384.972229,1340426734.8106956,411578231.39411926,3334087317.112808,10791095914.103699,20021898326.04019,1224423443.9122772,156965221.43820763,109698360.23703614,283914030.7444954
2020-08-04,1595996036.333084,1162073456.727295,2656107973.273697,1326684573.2912636,416602110.7105255,3327859164.875107,10663009760.015106,19461057977.07779,1207120221.2173462,161710959.4388008,108479705.05297852,286555668.66945267
2020-08-05,1587311308.3996773,1164549563.300991,2815992273.2727814,1308680808.1845474,418415073.2284546,3277365318.238678,10563830197.116089,19318532612.206573,1206720194.5207977,168624911.1094284,106488764.13460693,285445781.0840416
2020-08-06,1529259866.0871887,1143270011.689911,2903051375.7391357,1285368781.9561386,415959336.6392517,3183674467.5590515,10425342600.353622,18784330678.96347,1181289300.6693268,167215602.26839066,100629422.93460694,286522097.57974625
2020-08-07,1512186301.8204308,1125822919.6393394,3067943193.83667,1276138071.0498047,418253753.34228516,3174607284.046173,10595770804.109497,18825597028.98285,1180478878.03833,166595814.32473183,98525629.48426513,289259651.74654007
2020-08-10,1475630483.658142,1099573001.4356995,3155052172.4101257,1259073433.9371872,418000603.14273834,3128594046.525955,10253196861.900635,18016666705.911255,1169718290.059204,163662107.69242287,92672485.96090087,281810090.6741524
2020-08-11,1434768840.1107788,1091600838.1645966,3479609941.0987854,1226449161.6786003,446524590.5889511,3164650208.2386017,9896800845.364532,17707891322.922516,1224629973.3621216,164654405.4197502,85875374.2602295,287856141.06967926
2020-08-12,1403329271.2664604,1093256147.9587936,3672099354.124756,1217577540.0149345,464532723.3802414,3057144288.428726,9718775064.890518,17251184022.484283,1251333227.0838928,162449677.15575218,81889236.77091065,284102961.22600555
2020-08-13,1386771035.205288,1076618865.4776192,3756156917.6153564,1251693062.9385948,484503032.3976517,2965127206.3101196,9542812692.697525,17092904742.373962,1274929709.9350739,162914605.91535568,79551332.18737793,284537475.03982544
2020-08-14,1357777651.589222,1053965823.8307953,3776204724.170532,1225560615.3793526,486107298.6609268,2922003725.3038025,9507390488.866196,16895978788.770905,1259113332.0433044,163471897.68279076,78226200.65809937,283867715.6275749
2020-08-17,1365379439.2259026,1037177278.1090736,3836412369.4381714,1217047733.1046295,489519564.06879425,2860089415.072937,9313861144.44374,16607148466.063385,1258093822.7252197,164473908.96925926,74286330.87839966,279323247.72686005
2020-08-18,1347866307.2893715,1045550114.1514015,3878754262.8720093,1225476349.2955399,482285492.06256866,2798103146.1839294,9078261651.267014,16353727261.17279,1255119549.4895935,160635130.56214333,72255048.04656982,281776027.0265579
2020-08-19,1343281696.056881,1039590187.5358009,3939012999.123001,1236311518.1807327,493008234.5003128,2734154045.7040405,9122849203.2444,16540660312.898865,1294268544.0317535,160592542.53329277,71668182.96512452,287259014.4845581
2020-08-20,1343165694.0906906,1050475292.3257256,3888346701.348343,1210638674.3174171,497563458.4300995,2696151150.826645,8857493432.75673,16071809814.017944,1291329923.0163574,161206747.76839256,68565452.10610351,282222689.18556213
2020-08-21,1353350107.7414322,1051004730.2476501,3864662828.0029297,1218888229.3837929,490771663.2780075,2708904625.009079,8663273395.925522,15843301734.694214,1285549326.245346,163767687.43581772,65192060.70407715,284693519.7551346
2020-08-24,1330408605.8065796,1047069807.2654915,3777300533.1137085,1228879954.0750885,490754750.1453781,2716714345.4478455,8704302718.50563,15891777486.473999,1287159618.719101,161299353.23708534,65340132.40253906,280051117.22293854
2020-08-25,1325676499.4368362,1043112512.3070908,3673969093.327484,1257776673.4561348,499541544.9524307,2744881644.3930054,8797472322.154007,15650974779.678345,1298914063.7321472,162927010.82274437,64848573.12132569,269012235.1966095
2020-08-26,1315004821.0807037,1042846641.6360474,3553209956.2057495,1252621189.9886131,507110361.01711273,2706462270.6372833,9047145501.995316,15738448695.462646,1307822740.535736,166677343.602705,65103033.970336914,261386306.36245728
2020-08-27,1286458288.0535507,1043835202.4755669,3534967010.443115,1144886210.2458763,382194025.9817505,2669924184.299164,9215943250.421448,15746474386.6156,1374347734.7016907,158882430.96642494,67130574.88865356,253047936.88381195
2020-08-28,1216203117.603054,992135389.1377449,3509470967.40448,1101015391.8925667,372781793.4939575,2555551565.77713,8922532824.01947,15253067217.861023,1367613719.7724915,155320437.9594326,67626826.137677,237843622.75138855
2020-08-31,1260768836.1684227,997409981.786766,3484497479.5365906,1113335079.2421532,355126274.68208313,2534102072.6081085,9022467050.092163,15512655829.95285,1380348934.6746063,152522817.39987373,68946336.67546387,235582297.84442902
2020-09-01,1250106949.6632195,1019312798.0009651,3386229015.8171844,1131190045.186863,359023931.4668274,2506191901.2522125,9221854868.536835,15767076052.725983,1382088155.2586365,147020147.5543785,70099501.82271728,233745238.28479767
2020-09-02,1278413561.909275,1028714137.2100067,3232502716.886978,1135488437.4380684,362055565.95977783,2499628583.703232,9682503842.485352,16259494818.009186,1437364340.1165771,144154611.33461,73625312.6536316,233255703.7928772
2020-09-03,1372686061.7647743,1100689579.2631721,3142432609.3961334,1200005950.385723,380183010.4547882,2598926275.3954315,10839074184.954834,17941001870.7164,1483311045.9806824,149460370.8242798,97350909.98700562,240193955.23254395
2020-09-04,1424946869.233265,1152416448.4568405,3013080286.742401,1267058375.3227425,406961692.4533081,2667792305.6227875,11947738935.680237,19253172675.81833,1518910938.9565277,152695120.515728,115173908.68016967,241765736.0129547
2020-09-08,1468528533.9215088,1197107131.2844086,2951905117.5141907,1331837220.8415794,414484839.74674225,2675996496.5306854,12788198969.866333,20325173331.953735,1567849218.5015106,160414852.14803696,121451373.95409545,242717304.54704285
2020-09-09,1497823601.986599,1176300961.117916,2620947753.5131073,1370729828.8227272,397675165.15140533,2597142834.814377,13106446913.52478,20689612392.71057,1499169510.3218842,159397564.84241486,123625427.85317993,236179016.63833618
2020-09-10,1541420180.5460548,1179323551.091938,2447710033.1360626,1416561303.7099075,385317423.8384628,2586527726.6361237,13513892055.573425,21246517601.77002,1478750227.182846,157796139.206419,130348668.79474488,242672832.26322174
2020-09-11,1585022236.9179916,1211953694.5461845,2347141794.8143005,1393594650.344677,381075518.80016327,2615653502.6220703,14032351003.326416,21900520955.245667,1429301547.365265,157152131.42543793,134064528.06939086,244684551.45866394
2020-09-14,1613415587.0409966,1222414996.3129616,2328790212.226486,1439752509.637928,376291995.0404358,2674597229.712906,14139533582.112427,22189951012.484894,1415155725.3734589,155860385.07832527,135672570.5890564,245915787.04841614
2020-09-15,1621914013.7693214,1239647974.9083328,2255618539.2567444,1465929361.4984322,373926186.2244415,2718412266.144333,14373876951.629486,22466811131.82129,1415531101.9893646,154618482.5193119,137702296.24329224,246953402.15625763
2020-09-16,1629697437.963791,1224149938.7829208,2219173907.9981995,1472462073.2672691,385240605.6140137,2771394084.370041,14619401595.065155,23143633152.12082,1419788499.2813873,154368883.63340378,139935876.5310669,247564171.210289
2020-09-17,1649873171.6091537,1231614284.5493317,2075424908.9949799,1494350152.0357704,379697922.0504761,2810078388.2813263,15257952672.275543,23502203461.702118,1388070733.512268,155271798.50732803,142428851.77311403,253151968.34205627
2020-09-18,1642593953.4835243,1253868138.5975647,2013504824.4752502,1524967865.8382225,393926470.07240295,2971828056.7095184,15995174498.337097,24463205299.055786,1366515057.5292969,150388152.9857731,144833860.71865234,259696496.89922333
2020-09-21,1658265163.7371635,1316830515.629921,2054297522.0259857,1601980237.174492,413480300.11341095,3102738998.696823,16260859316.790314,25105082958.767395,1395151518.8339996,148128759.53167915,149180338.87789306,265202813.62422943
2020-09-22,1692225230.8008766,1318858877.5380516,2020527621.3413239,1679064812.6729202,420887726.47850037,3137530883.316574,16303255977.77237,25309210042.830505,1422339081.2203217,145536477.2071457,149543407.43652344,270975022.8110504
2020-09-23,1714638718.0512047,1316543443.427868,2087891385.5400848,1724632635.3700256,418893670.08506775,3243842320.043106,16445020255.106354,26088577757.54883,1392942923.7114716,144576042.11248398,152418651.63851318,284742973.578949
2020-09-24,1739519722.6905441,1329158986.7325592,2074464634.5874786,1791876945.2196503,416493264.9977112,3357645674.9687195,16755200808.469849,26422526541.506805,1393392576.2223816,141092711.13004684,154205857.07341918,295435972.71087646
2020-09-25,1759676945.837803,1326568490.342884,1986058942.9383087,1839544732.238884,403653374.22008514,3372194041.445694,16784177175.316925,26571767223.424683,1295559820.4197693,137853400.0600052,149811194.84749144,293270827.12955475
2020-09-28,1798085213.8503265,1333412557.897911,1927168366.156311,1856706026.7367554,413641295.0651169,3405059342.371292,17170835526.507874,26785217969.81201,1269815496.6051483,137593053.00855637,146710378.84597778,289359416.1358452
2020-09-29,1743234228.2658386,1308964780.8893013,1910109377.2320557,1852067885.5604935,410089533.1383896,3412060601.065979,17013995860.689087,26510373708.085938,1263674802.7217102,139136205.92674255,145027603.1046997,285195245.4909897
2020-09-30,1769354547.0540047,1342462954.9166489,1885598954.1112518,1869476680.8098984,408275763.77765656,3501016752.2631073,17152093070.74585,27230272526.906128,1279614543.2437134,138037713.26538086,145107160.23544922,288076058.4302521
2020-10-01,1769566851.6701698,1374263473.4850693,1873204539.4405365,1915634221.1499405,438223353.04058075,3561277175.3984833,17090575211.12732,27466957483.378143,1253612719.8783875,136185575.36820412,141587463.09933472,298361967.63851166
2020-10-02,1672430122.672367,1323818573.4383965,1830029035.0974274,1890736839.2638779,447333959.23080444,3541739663.080368,16562474271.461182,26493258549.035187,1200114938.1877136,135639555.52602768,120693237.65418091,290632775.0619507
2020-10-05,1621867088.3076286,1271711254.842186,1787490165.7266235,1864255311.4960098,440003659.1947174,3460211716.316147,15245472683.675537,25016244909.877777,1204680358.3335876,136108832.9615879,101968858.56173706,283253603.93608093
2020-10-06,1611371023.7924004,1261577775.9299088,1744103860.0848389,1873934286.0269547,466377363.8670349,3541638564.104538,14607561555.935974,24655556584.74518,1260570273.2357788,130929832.41967201,98772401.25142822,290240237.1618271
2020-10-07,1606802178.3608055,1244316667.9307747,1723809268.8407135,1837005703.5824966,482631651.09516144,3601089511.733246,14109472320.286102,24122483727.808685,1258167253.9620972,131496232.94154167,94508570.63581543,287739831.9248581
2020-10-08,1562512388.957138,1199426086.7454338,1698467343.9643097,1794117193.2913399,484283225.5327225,3722116188.408661,13538661885.750275,23449087098.468323,1253973842.8517914,134559250.71879387,87554231.05325928,281490054.71603394
2020-10-09,1531491135.894413,1179208565.5504227,1773249124.0464783,1796269725.2427292,481245510.3437424,3767655140.2913666,13017198223.565826,23101068199.06128,1272918515.7517242,136607362.48763084,84180346.5329651,289724355.6184006
2020-10-12,1536519964.7680092,1166016313.6201286,1727697730.0016022,1739969406.15551,488958029.8677826,3766591822.3604584,13634550614.39087,23388385155.67276,1270165041.8088531,138537451.77973747,82272595.17470703,296430490.79898834
2020-10-13,1547937758.828907,1161965846.5346527,1728878408.283081,1749963104.0901375,508154816.4730835,3803930693.945923,13984448365.520477,23745216983.006134,1276189632.5901794,138308601.92425728,81551897.71986084,300924038.8690567
2020-10-14,1557331800.2678108,1148336317.857132,1692939657.146759,1765030883.6652565,514300787.4845886,3787317705.3479767,13944323160.836334,23392962981.116486,1263145451.0765076,134628865.43053627,80549002.48606567,303638652.8407669
2020-10-15,1563963851.2102127,1154087288.5471725,1673076664.3565369,1785715019.1233635,516391491.85150146,3818066065.3757477,13474810058.613434,22947289919.29184,1273566012.213745,135564006.72636032,77749618.16656494,293639746.3202286
2020-10-16,1560217916.63105,1120928274.2936707,1646574955.4841614,1778926215.5628967,501283688.8262558,3678344113.8220215,12928181841.191864,22765818374.19449,1280828411.8105316,134734568.62161636,74275731.9967163,287097557.9117203
2020-10-19,1538753186.8623924,1054815850.6589127,1544338323.7737274,1712696343.9777946,489622554.04750824,3536194977.5688934,12693272098.808136,22344422730.677032,1267171015.0868225,131157190.79755783,70989662.96501465,302201135.74302673
2020-10-20,1556557195.3217697,1075885952.511177,1536901281.9583893,1671697763.8988495,503709429.07909393,3543856892.9982758,12594211879.94522,22326372092.876434,1269456705.2038574,133281905.86850166,71495776.8576477,301132403.01467896
2020-10-21,1566034213.7740707,1086175906.2922096,1446578540.34935,1635164249.6624374,520418411.32068634,3449443178.1214905,12373277637.923126,21944850913.6586,1295968978.4989166,133380712.14165688,69219955.36234741,285826349.72537994
2020-10-22,1563150664.3697166,1075289333.1976128,1418329782.780838,1607652223.9097595,540275440.8768082,3392561548.762665,11909630947.54486,21680634716.843872,1321956683.8178253,133121269.97868538,67637008.36234741,277294711.6169739
2020-10-23,1555010463.2619858,1064063900.7321739,1411903306.9726562,1563058417.9836082,554939367.6811218,3410177191.270523,11524023590.913086,21386165157.16568,1344463699.0202332,135211961.56477928,67287796.92196044,274722181.8903351
2020-10-26,1575713453.2387352,1062947018.1127357,1394664889.5864868,1655768810.4486275,558086343.8387299,3484357641.53656,11261980298.609161,21823570508.183136,1361858214.2596436,138026449.89172935,73681407.5102539,272235458.4238243
2020-10-27,1611704938.3995628,1071620030.4816055,1369143995.916977,1689298320.2682877,563389421.7144394,3505647346.9589233,11318677734.805298,22067138547.15027,1331751222.614975,134839569.66923714,76354689.31374511,267750877.30539322
2020-10-28,1649189926.2610626,1065732787.669487,1398339691.675644,1741215227.2654915,570060120.4971695,3533789889.866028,11356815564.669342,22375072303.084564,1322386951.9020844,139189021.52430534,86533958.4553711,266971050.59736252
2020-10-29,1637427838.0563354,1056426595.1381302,1379712037.676773,1759522728.243847,563184366.3164139,3547004797.043762,11252186410.493774,22375092097.48123,1323069476.2721252,140923522.55950928,90935685.96057129,260645980.66417694
2020-10-30,1704089364.911518,1080956851.7918396,1377201629.5762634,1791912748.8927078,561300876.6780853,3563859982.5265503,11108476008.630066,22810714311.568604,1349182073.8453674,136463455.89579582,94193536.87175903,261870493.57830048
2020-11-02,1734835895.534134,1104832283.0648613,1372487349.8899841,1786202713.322258,569102871.2559891,3611498822.4040985,11248583479.373169,23406539327.546234,1322773390.1444244,132564724.28756714,97844959.25150757,266475440.89183807
2020-11-03,1748908674.5797348,1114014363.4062195,1363743207.07901,1792939621.5504837,572207084.7425842,3572084213.766556,11166404308.591003,23460294268.591003,1279622309.2510223,133312291.38087273,97516542.16571045,260847828.15078735
2020-11-04,1825220071.7370033,1139275998.3358574,1406336005.1589966,1908909588.166542,612867252.6358032,3708674248.0776215,11843760233.003082,24578716921.091614,1362002620.5071259,133675840.80926895,102937300.59712525,262288096.68758392
2020-11-05,1929143015.5209923,1181533341.499424,1495545118.468933,2024128180.2624512,627169354.1794205,3672662830.0302887,12238252336.049652,25188034413.9859,1430534264.1888428,131053309.17066574,105120714.60713501,267557702.1391678
2020-11-06,1985519416.896305,1181467181.0054207,1445924047.922821,2039273264.3317032,658421445.6889725,3672915506.737213,12404394721.02707,25447155842.585754,1456738240.9587097,131233049.02222633,106648314.54632568,257579291.02710724
2020-11-09,2062763604.0779114,1278794524.257412,1663076775.0423431,2194048545.0782776,698911282.3654556,3953143236.40152,12481545751.156158,26961690966.051636,1581568252.9780579,138653634.14155006,111469528.00980835,268512677.2005844
2020-11-10,2134655358.824997,1341121935.55233,1691585302.3781586,2239651271.747322,689229696.1931992,4086559471.702652,12512618611.436005,27176192760.69046,1609529812.3996735,143040451.4570713,110667306.28765258,274712677.0750809
2020-11-11,2147253815.6820107,1353506321.1953354,1689460356.0900116,2186863951.4183426,670809001.9963837,4136677032.53479,12496664705.283203,27214705593.11905,1600793707.8273773,147676675.22198677,108958258.0300293,271152024.2014694
2020-11-12,2151686751.8657684,1366668917.1768951,1691552974.9201965,2222491566.7655754,683470644.3956757,4232638473.3184814,12380301638.306274,27348018821.075592,1642711128.0519104,148741179.23477173,113441851.70048828,274771421.79382324
2020-11-13,2190525486.4765167,1386517335.6168365,1684133322.8969574,2201090768.375759,704184513.5158539,4305009117.710953,12163444501.738129,26952223870.74402,1634565983.0654907,151270227.33790398,114347126.70300904,277077551.980896
2020-11-16,2265345278.8238335,1406213258.8681412,1703898928.4818268,2225857339.844837,705436646.930542,4431303001.949158,12086799894.404144,27119767513.63022,1613878802.53479,153855930.99431038,114102327.80426636,255899188.7097168
2020-11-17,2235679541.1873627,1397547584.5531654,1712695188.4818268,2215216896.435051,697948282.9118347,4507142820.357056,11952834175.647736,27268643267.92404,1588943712.210083,152693217.76348114,113038137.5425171,256288013.9970398
2020-11-18,2218114236.7442703,1382782237.8458405,1709332895.356598,2201564532.4983025,705624716.8097687,4577147685.912552,11943883971.80954,27424032164.480896,1588466510.8181763,151397954.16495323,113065231.90408936,280483946.10961914
2020-11-19,2192448218.860264,1397850819.0748024,1695430296.1650085,2180297046.000881,718991620.4974365,4587771957.764511,11822741650.96695,27532881004.1185,1576618520.1195526,151053545.70031166,112635709.72825928,282632535.9996414
2020-11-20,2193287115.142708,1399945680.6342506,1698598948.8243866,2269304410.6471634,779808128.1175613,4635059342.13356,11846983573.202057,27904034111.104584,1567606361.2792206,152678324.02989388,112953647.15380248,284931068.70376587
2020-11-23,2169980475.302696,1394737255.965271,1786592696.3819885,2190167804.6665573,767801705.49263,4647082613.583069,11703399377.86087,27513731894.904633,1595364678.2391357,152871170.13875008,106975088.18048096,291744968.03726196
2020-11-24,2171605745.718727,1412542985.0050735,1899820277.6659393,2177766033.253937,771440475.8196259,4796049303.669586,11634864241.650085,27529920695.508423,1627130130.453415,162667384.31082726,104042142.78048095,301086978.1915474
2020-11-25,2142947583.1515121,1377037438.8734055,1883667998.6258698,2121856424.4996834,753368689.8881149,4745296720.061035,11267733429.298859,26370613988.24402,1608877887.7423859,162644607.84417152,92814517.88487549,307401259.35914993
2020-11-27,2113547416.2381554,1332894012.8710175,1898016097.1141052,2031324102.1240234,729988911.525917,4637667905.30304,10938150561.750488,25467939719.620667,1561209785.202713,156425364.4841957,86665047.0848755,300067345.58258057
2020-11-30,2113387493.7545586,1376041612.8186417,1943762202.019043,1995247596.9171906,704963229.9752045,4625991341.788635,10484177214.300842,25055953436.426086,1562481801.4221954,160073440.25147438,80889554.2663208,309446944.79599
2020-12-01,2121879818.3549309,1402218931.0421944,2001110528.373108,1999798164.6099663,736905087.5915146,4700426930.762863,10366075336.526337,24998185444.89746,1580828979.1462708,159948644.8802185,77495833.7481018,318203484.0847397
2020-12-02,2116125812.4049187,1394235064.6090698,2012193929.0550995,1951874540.7962227,718112913.0490875,4646068097.103043,10134193379.859161,24327661597.39624,1553133342.0993042,161213336.63629532,74234920.82509765,317349451.50001526
2020-12-03,2084837696.7580414,1372656031.774559,2003150445.0572968,1837228355.7425117,663602882.9053497,4475704092.19635,9419989208.074188,23377285756.853638,1471492867.0840454,161692377.72654533,68392802.3600708,319700019.9394989
2020-12-04,2015824403.9874077,1351381000.9622574,1942875732.052536,1725940296.3101006,655277232.9779434,4444550316.4982605,8964921022.718506,22916661920.509186,1429237487.62352,165682063.18051338,65154654.24456787,317426149.83154297
2020-12-07,1991443129.898281,1349312504.335003,1940114763.5635376,1701652287.5461388,624235119.9753952,4383153968.951492,8691398736.38794,22538144648.959045,1407641143.3514404,166421865.3149414,62097014.64456787,314585793.7715912
2020-12-08,1896920703.206005,1262756684.0314484,1734946643.035202,1582641268.209095,591047303.6800766,4127046582.286911,7757902321.886444,20440449900.872192,1304900338.5437012,158556917.38620758,57985918.80117188,293804488.71593475
2020-12-09,1843311352.2056007,1211485629.567604,1724595325.3876495,1575765106.037922,584102177.7487564,4101818177.7820587,7523684699.94751,20296865458.074493,1274345610.5988312,160973745.89481354,60246664.50054932,290210254.70970154
2020-12-10,1826599816.2314796,1226393036.951332,1702322189.0358734,1608045223.0156898,593731312.1560669,4098296791.4697266,7420475141.763611,20308652298.13095,1302331312.6501465,163871768.63399506,60455210.57106934,291328589.7728348
2020-12-11,1824895660.3588676,1223449884.6870804,1691737361.7008972,1529007237.9105759,583475262.6287079,4102802835.6326294,7331202657.181091,20182767941.483612,1250562825.3086853,160592387.07094193,58016991.089819334,291877661.7604828
2020-12-14,1799017454.373684,1239832489.1361237,1699993888.3500671,1531576588.7711143,563389054.6276855,4183468665.357895,7405650424.912415,20308452879.786835,1251929381.4678192,162294333.60769272,58573842.838171385,292674058.4388733
2020-12-15,1750669796.8523598,1253777615.0582504,1685450306.4859009,1522431666.8106651,558134936.5724945,4164062234.615631,7359976066.437988,20150235259.25354,1255516641.207199,161401610.69026947,58106689.211401366,292222319.5301056
2020-12-16,1762300754.053135,1247314093.3519554,1684316247.9911804,1583343309.0955925,559890921.4028168,4177755147.3213196,7431634893.370819,20047815925.8078,1271617422.2234344,163305039.05364037,57654381.611401364,290629017.08278656
2020-12-17,1775358090.2693367,1261017467.5878525,1703256843.0155182,1590410404.5949936,535560259.9321747,4196589876.053772,7394763051.47934,19988529547.834625,1264722754.826126,164859866.0190487,56331005.86903076,269440290.09269714
2020-12-18,1824097624.1420937,1274430709.5221138,1702156994.5690155,1607659065.8307266,503742976.99741364,4368237918.195801,7690662995.844879,21337424694.279327,1236190257.300644,168558492.5377369,56798097.51553345,268610095.7666397
2020-12-21,1856295608.2912064,1315093089.791317,1717954463.0846405,1551301900.7444382,431484527.92884827,4444180430.3793335,7881880487.569275,21826842310.70694,1246335995.0536346,171404448.98791313,61430078.69168701,274876776.2128067
2020-12-22,1850013648.1056023,1334423614.7298813,1666765155.8914948,1546467112.3728943,437536369.33784485,4437390556.469879,7897278080.829773,21599457125.208588,1219155255.958786,170929234.11585808,61248451.420806885,269161167.6542282
2020-12-23,1845516665.3583336,1306169362.4679184,1558843130.4660797,1514903393.7946892,430771557.8168106,4308387660.839844,7864740837.259064,21339826390.719147,1207521825.0702667,165242422.7126789,61010137.72230835,265137698.38752747
2020-12-24,1788579748.7153816,1271173305.902691,1504243245.6191254,1454372042.0640755,427680235.80646515,4210694565.2370453,7782313403.224335,21033084598.007965,1167471317.704773,158831046.51143074,59209480.99828491,250679924.9053192
2020-12-28,1789169266.0996437,1269993629.9461937,1483913556.17836,1504060427.0155716,431173259.2499924,4373553028.157272,7874864313.738861,21227571109.36432,1187255123.161087,162309563.9986801,59475565.99828491,263091978.46984863
2020-12-29,1754520471.8104362,1189166111.7038345,1426589298.963852,1500937859.0283394,429921753.08509827,4466878788.226776,7863811850.776215,20749469722.790527,1159323057.4027252,157764265.7597828,60104551.83409424,254718032.74662018
2020-12-30,1726687830.2712822,1146616884.8290634,1363980343.3174896,1485528361.4039993,371458490.2627182,4398186765.892563,7735057654.729462,20347505162.57431,1129354556.9895935,158782644.73248482,59540815.371844485,246278395.78338623
2020-12-31,1714930872.3721886,1189289917.5725937,1352360166.7593384,1448865145.8721542,356335668.3119583,4453419878.448563,7716489130.9687805,20931709210.305023,1101355039.8734283,155146378.3536911,60450914.16373291,250327396.38004303
2021-01-04,1690472562.442665,1222065594.0834427,1392656076.797943,1494185526.5699768,361628034.9895859,4590135299.798965,8059202655.370483,21752740732.65915,1124659203.598175,169676131.6695404,68198399.63982543,256549509.11445618
2021-01-05,1722157013.8929367,1226343015.859604,1421940880.1945496,1541122171.6932678,363242609.48589325,4628134072.475739,8216483877.615814,22030182603.81302,1110486500.1581573,181847984.91960526,71889961.08933106,262505091.2614441
2021-01-06,1757961865.4571342,1247982002.733841,1495631035.4351044,1603914144.208603,391820898.6278534,5006246024.776535,8693109402.509003,23068031015.6308,1195725336.0001373,187059813.28857422,80328111.48602295,275396176.9566345
2021-01-07,1790951392.3400497,1269921626.8439484,1503730758.7162018,1619038186.3436127,406991681.75697327,5060889663.127213,8883324382.176361,23551763966.427917,1240109830.2542877,188197902.21702576,81334390.37253419,279966746.25011444
2021-01-08,1884992366.8377304,1295185864.1505432,1622544587.5484467,1590706285.2880096,431930221.0218048,5082230524.879684,8696655727.882996,23563838285.65567,1275531214.5445251,189620278.57406616,81151339.35911866,279566863.59615326
2021-01-11,1901863962.507515,1305159214.3112946,1640181004.1493988,1598747119.6385956,444377030.86769104,5096120262.347717,8792791563.433685,23482261319.574585,1262158847.9605103,186455613.41493607,82690472.53942871,288828684.1436386
2021-01-12,1932104661.4986992,1305621512.9673767,1673008383.4859467,1676859829.611206,455067988.6216736,5068184262.3880005,8847221470.85495,23429251101.631622,1285116551.089363,188548906.64365768,80992978.96234742,301440577.60887146
2021-01-13,1937186646.014309,1275949652.1578789,1729757499.3572235,1765049486.1094284,478802867.78621674,5005236281.323624,8774361209.290009,23061205314.36783,1315271860.2060318,188681960.72015762,79858860.29480591,319428502.7299881
2021-01-14,1944045377.506771,1274641872.3737717,1787426341.9968414,1767043197.3337936,505167978.55472565,5100604068.195267,8750226952.624207,22848341359.273834,1363936215.1699066,192359191.89409256,80658004.61312866,329559496.4319229
2021-01-15,1998965434.6988487,1312590909.5877075,1854318593.1899261,1786618165.217743,509571169.0076065,5274064112.48497,8900246800.895233,23717748271.66092,1372293588.3563614,194944104.87098694,83133213.14264527,331368789.4998169
2021-01-19,2040212241.6139984,1318903825.072937,1835175051.9726562,1788448190.3258514,513504203.5083008,5252337813.381882,8919460452.6622,23514999034.137573,1371498415.9605026,194226919.1555786,86305789.73988648,338733026.96899414
2021-01-20,2029272431.2289047,1280941077.773304,1858198945.0552368,1782114051.381874,518921127.09445953,5169332490.217056,8784196941.356964,22276768922.01538,1363204499.345665,192027196.1120224,87789327.29215088,343358661.3731766
2021-01-21,1999710107.166748,1251096604.141159,1849872591.218567,1751349377.64431,525925201.7210007,5097871189.360275,8626490388.828735,21484038562.319946,1355890418.5089874,187382114.84689713,83135158.27623901,341138618.49918365
2021-01-22,2041160015.720768,1249424843.5793495,1830701539.6066284,1767056096.5198898,530917418.14559937,5144872663.733749,8574392729.392395,21606162053.092194,1367643986.8610382,189597899.4613266,83891342.97751465,349914879.4229126
2021-01-25,2086347105.9043884,1276830070.7658768,1824904403.5092163,1808821935.036049,544394031.4745331,5315175869.215469,8878800461.295929,22074127224.683075,1362922510.5701447,188640835.99287033,90226323.77346191,365046739.57580566
2021-01-26,2120231217.4360275,1299615425.8992195,1832995905.3375244,1911696593.1439972,558328942.9906845,5471597434.221115,9032853958.711853,22381082317.16446,1391738240.51857,190510325.6982422,92588100.21033935,376387099.2542267
2021-01-27,2169169652.1674156,1362069908.0605888,1842604984.8066711,1988324798.2357407,568940303.9291,5668715674.402618,9546859796.763916,23851386635.615692,1391238097.6101685,191228129.41072464,109984836.12191162,377521951.01566315
2021-01-28,2166485909.514599,1390837897.4228096,1870937686.3909912,2040054806.3027573,585425850.6734848,5674797173.860016,9821196943.625793,24577129185.29236,1400102256.0796356,194810283.1323433,122464733.7900879,386134543.95751953
2021-01-29,2220705001.4764595,1472484250.7700539,1915509088.0368042,2120605245.2135468,612905244.8420334,5876089352.28714,10387830782.666168,25901001957.083435,1435303712.6034164,193734483.1290245,137884172.9900879,397876878.3946228
2021-02-01,2263728625.6238365,1439027972.4720001,1927582794.7115326,2196883354.6260834,617965316.1640549,5908998769.427719,10615955203.594818,25862352839.779358,1436199805.5805588,197360509.2771721,144826947.83082277,402942157.2769928
2021-02-02,2234217807.682743,1420070778.172264,1859076924.8698425,2181067879.3019485,607968608.8701248,5831763686.940689,10475810700.260925,25117036375.043182,1407582008.5292816,185695447.31557846,141140328.2756775,398873478.986969
2021-02-03,2188301144.06456,1393867342.2999573,1782807305.8465576,2175648444.119377,601737120.5217361,5819275159.075165,10425342729.027252,24901301212.06253,1399564200.0765228,175325013.38336945,139144826.5956238,400627389.4721222
2021-02-04,2155570399.141178,1346415616.8021774,1732308539.2860413,2124659932.7750397,561194587.8775787,5572173560.198212,9996460314.588013,23873565828.8356,1305022788.8812256,172116317.3013115,131881121.66295776,393464222.9496765
2021-02-05,2119117445.568447,1321518381.2055779,1724016739.456787,2111494009.92527,549522598.8899994,5580153848.809509,9897647875.966797,23539303205.360565,1275593743.9852524,173394206.5510559,132605931.18540649,389104597.64282227
2021-02-08,1988899706.9992256,1292878292.9348946,1571610012.095871,2076877108.7691498,521383716.51081085,5519647129.398422,9703683663.159485,22966130397.62436,1261445247.928276,168220173.64627838,132430500.21616212,384011234.21489716
2021-02-09,1959948549.1102028,1271916271.687107,1541621409.7657013,2038070812.4187088,513244138.4199524,5524748789.321823,9489376643.465729,22712986010.34088,1241075399.6472168,168833063.6753273,131691675.25219727,371213367.45521545
2021-02-10,1922413001.2406921,1254675017.7690315,1509102757.6099396,1970048160.6692886,514416270.9890747,5575496869.7808075,9496755133.862915,22860227369.06143,1214823461.2562943,171244822.44752884,136232086.95309448,357375646.20723724
2021-02-11,1966206164.1232681,1244826324.8960114,1438103544.7671509,1871160455.8078766,506152520.95996857,5626021262.921066,9503501837.707672,22839836718.9946,1209422813.1659317,170550285.8456993,138340256.9270935,340368073.4044647
2021-02-12,1944095238.7770462,1211241615.0901985,1372311175.57724,1846836527.411766,509561344.3754196,5471873388.945389,9477285786.96106,22883760454.836884,1202379294.7724915,172726029.71416473,139575486.93704224,328764368.58688354
2021-02-16,1892961066.8085861,1190984150.1461601,1358101552.633133,1763893309.969902,523965506.5433121,5310050795.465469,9386986067.51831,21942983359.683075,1236462032.0750809,174079128.98082733,139525801.75254518,325233779.1899109
2021-02-17,1866582862.3313522,1189130829.1246033,1388321369.241562,1751373247.0257568,527521640.5172348,5375443852.966003,9518091429.60022,21994926692.295532,1243826396.3931656,182390864.25525665,138883405.95124513,316889636.7453766
2021-02-18,1886631755.0013733,1204773837.460022,1367752011.476059,1757609422.8635025,528217816.34685516,5372792315.278168,9555303613.74115,21976017933.381195,1274970287.9436874,190131787.6612854,138636868.27451172,310405140.4410553
2021-02-19,1909585756.1481094,1187504756.5933037,1373328916.195984,1782888956.019783,535915450.7196045,5491400449.979858,9785738932.957,22629916290.38513,1299714752.2468567,195735771.59841537,140863027.0323059,310826076.4833069
2021-02-22,1906395042.0056915,1190346593.3684921,1395484979.6481323,1779364791.6316223,531074160.9957886,5485529763.532028,10182937825.489807,22901611775.925446,1317924070.0390244,199504468.600502,141659969.14052734,305162428.2128525
2021-02-23,1880023585.9639168,1201805718.3898735,1416683635.4385376,1780804547.5457382,538761550.6532288,5545028414.320145,11075496315.926056,23575304321.184692,1337063992.1495056,203880219.71784592,139528743.6840027,293727015.5814743
2021-02-24,1890592346.7360687,1227309520.0782585,1451133512.982483,1725313918.6838913,552692253.3482742,5598830370.569763,11583189516.744843,24132564357.30316,1390105628.2253265,213044399.86759186,140928511.9446167,290193789.4307327
2021-02-25,1904469119.498558,1247399286.8541908,1508820453.4430695,1767549556.8829727,699963299.6191788,5660903385.933762,12397176349.270172,24591851266.73767,1644487431.9882202,213899299.2609024,138208089.03304443,297039758.8933182
2021-02-26,1976320452.2318268,1316545599.1076088,1619717273.5858917,1791961621.15551,813009602.2409439,5834132665.262604,13323630483.139496,25636903762.173157,1848390211.8066788,216579445.21692276,134912589.94820556,298539591.7256546
2021-03-01,1970722316.5615845,1265078589.3854523,1634284246.948471,1799510681.0492706,820300784.7779465,5720356166.788406,13252320380.639343,25364368205.90805,1883618219.5113373,223811704.72646713,122798693.34820557,290483787.43297577
2021-03-02,1939272842.2808838,1263808443.417263,1647735152.0355225,1762152917.2882843,832985058.2468033,5739478719.349976,13441496527.492981,25468453895.366516,1905459726.2284088,229456229.223423,117603998.56076661,285508434.41005707
2021-03-03,1961640617.6119041,1266030904.401188,1690472866.1766815,1764184559.1053772,856168145.3207779,5854778976.542206,14194827453.565826,26450685298.338165,1963018169.908104,227704877.27376938,118112811.59485474,293858759.94953156
2021-03-04,2048322207.9222107,1338831962.056141,1760743171.0490417,1818780821.018219,897521845.0827789,6205008921.502228,15850723267.828674,28729322756.472015,2032614062.6161575,240411850.91068268,129940663.35310669,299612175.57231903
2021-03-05,2101732330.0881577,1399360498.7398148,1747274181.5498352,1901867693.0168915,929213369.9901581,6487359721.066895,17309266669.596405,30592021891.573334,2100892202.855568,248412332.77374268,139712367.88908082,310237130.6241989
2021-03-08,2166860962.1767616,1443469605.6858444,1787315321.4809418,1959441532.2309494,937745646.3262177,6661177097.507248,18228283523.04428,31898422236.250153,2125334482.6784515,251107924.1244316,140523739.61829224,318174219.5838547
2021-03-09,2213560046.080208,1451997285.465889,1811744987.3085022,2006409751.1204147,957953508.0530167,6776688475.059814,19111110533.636322,33245436087.33902,2138000350.65773,254761130.78187943,139766432.72815856,320495759.2112732
2021-03-10,2246088565.94326,1462013997.4864197,1831947827.0965576,2036176915.6332397,963409280.7100677,6959702975.995178,19982731239.536285,34589072812.894745,2178188948.7574387,257694787.26203918,139260664.6921234,323817699.10915375
2021-03-11,2308157643.6213303,1462739318.4321594,1833667281.286316,2059255992.0256424,966601301.9382477,6937348476.482315,20354035556.651917,35093505332.39639,2209968591.5990067,262462317.66780853,133681931.18374023,325419023.4415817
2021-03-12,2282542269.251175,1475890162.3788452,1851860697.6383972,2074201232.6129532,972308033.9536285,6922646522.790146,21055460414.155426,35497919802.99423,2251714238.688431,265475120.08541107,131529506.68274231,324034482.6848221
2021-03-15,2287610670.0809097,1493190237.8912735,1866219888.6170197,2063577602.4922943,949574233.471756,6973027847.648697,21387043281.75644,35927014094.85886,2230156221.0434723,266558505.3034401,129503145.23502198,338473345.18154144
2021-03-16,2297230190.870018,1481376786.429863,1803315533.1660461,2064847630.0348663,931607368.8765717,6996140883.837967,21799541984.53064,36353725557.73041,2211216761.580353,266310043.64645004,128422720.58203125,340203934.4118881
2021-03-17,2337660738.6035347,1472409780.6853867,1811731192.9542542,2090220389.859352,951509152.274971,7053462798.703918,22512062331.297913,37207845220.88837,2296563718.10112,263988960.93294144,127652458.9860901,343402882.4124527
2021-03-18,2337326631.1236954,1485361061.989212,1820179978.7449646,2123354815.248909,969363110.5374527,7176243004.376221,23242708835.743103,38221157714.12399,2352504313.3395004,288526638.12696457,126950848.89307556,344746281.12651825
2021-03-19,2380212128.7129593,1538624067.508583,1807156082.953949,2184403258.550377,982615629.3502045,7281000630.85907,23804360018.201447,38775168881.737976,2381607909.132881,290969293.18964005,125241773.59890136,345966434.56386566
2021-03-22,2323567113.209629,1566265051.9429398,1764496849.7203064,2208175562.167473,986306635.3691864,7312758538.783493,23934542328.565674,38912977988.2312,2400374273.0698395,287649054.8039818,123947997.0453125,343146871.2799454
2021-03-23,2317950961.5851784,1557589530.9772491,1740566961.4356995,2193517187.93602,986521927.9109955,7355213266.099014,23243154217.99179,38628172755.152435,2421874160.543251,300240517.8951645,121202610.60438843,338052983.07353973
2021-03-24,2331248782.593422,1552711013.0103683,1715643758.376007,2223932922.619095,1022796319.6078873,7531338917.838898,23309445155.30014,39072200190.67261,2399823217.575493,309899870.3273773,118986048.58779602,340178882.778244
2021-03-25,2377897813.350334,1516161176.4958572,1647944241.872406,2110019439.2625427,897908964.0488815,7622085361.295776,22828919061.242218,38576684232.17377,2214119841.036873,319215977.1448517,106557145.32814941,328470093.30192566
2021-03-26,2549720787.192192,1452480145.6768417,1505873882.0594025,2044229796.2332153,788646462.0740509,7490697257.809601,22209045844.463654,37990334346.67709,1990312529.824562,327956429.57292557,98008314.12814942,319835232.7750397
2021-03-29,2539408461.034298,1434474576.0792923,1461594361.076889,1944608661.073494,771461389.3474197,7596765440.742493,22275066423.562927,38077857639.736176,1939295361.7160416,327200474.31985855,95116589.12335205,321805480.2257538
2021-03-30,2550561312.583084,1413375358.9722443,1434631583.9440155,1930257218.9422226,768365277.9282761,7687826565.403442,22209552573.260193,38051617172.84515,1951243603.468895,319173189.965992,92483472.20904541,327060908.5451889
2021-03-31,2538385283.2416725,1450502815.474472,1414716686.1988068,1967992188.1818008,768745311.7964554,7705443761.585846,21769234531.762085,38008843113.76068,1945061206.853485,322278786.8226814,87933348.73010254,321675922.4630356
2021-04-01,2478165169.4756317,1427461362.534027,1361966668.9370728,1910342688.9571,749577946.0332108,7427991559.903412,20597142885.01953,36660858397.27432,1901011751.8717194,321098391.34145737,74229958.41596374,318561986.7671585
2021-04-05,2399565229.021988,1400917458.0804825,1309847322.3640442,1826131707.06398,755480925.7568741,7179298168.235168,19457973876.675873,35688308681.32095,1828464817.5737762,323320912.68455505,63075386.4472992,309518691.948967
2021-04-06,2349917875.3967285,1384073454.3792343,1269469202.5937653,1748264202.4619293,761994542.4103165,7025359139.637985,18712076090.237274,34679074055.79056,1794150949.6689606,325967527.4414444,58566870.7261322,312020469.645195
2021-04-07,2362887024.2611504,1370285214.8147202,1230210501.801834,1698239978.5273361,758196625.3978348,6959724908.041382,18013906114.003143,33693952021.06537,1772939991.0019302,334510046.7782974,56478795.19892578,309832811.2227249
2021-04-08,2382227586.7749596,1358985116.307907,1219932202.288208,1657632487.5085068,761211587.6712418,6818535068.638763,17344447664.736633,32807243141.997375,1745703438.926468,330723535.331707,55273185.130499266,316746481.91661835
2021-04-09,2327814941.620102,1363002540.2657318,1219777429.7187042,1624713622.1876526,752592673.1027603,6786868580.030899,17120100438.791199,32402690971.029358,1713575404.4129944,323560513.921299,54483769.497341916,323316068.8264847
2021-04-12,2299290155.5480957,1355344099.552803,1189999917.6054382,1604644993.9981842,743360204.2203903,6740874517.162323,16483153751.267395,32307100217.786102,1641420425.8953476,325530946.7331886,53614965.885455325,322065380.3596878
2021-04-13,2301286319.1536903,1341416840.5513763,1181439418.1301117,1624564364.807129,759109923.0301285,6760199660.558777,16321613934.851685,32043247347.542877,1653127590.4424667,323376369.5987129,52274533.604904175,314675812.4715805
2021-04-14,2267294300.6806755,1330751853.0503845,1171530269.5121002,1609412580.8384705,756134783.4876633,6780539543.336945,16163480606.315002,31869869374.788208,1606446975.7538223,332695746.97530746,50906207.03465271,320543149.2247391
2021-04-15,2232187627.586956,1345837868.2030869,1136512525.1480103,1586592689.78508,761328299.2155838,6677106326.592865,15545770446.885986,31229847993.97888,1593502806.7147827,329406134.8649025,48212519.248989865,332243555.2235031
2021-04-16,2192897664.39106,1328396317.9240417,1149362796.480713,1573984792.2374344,757109784.3807983,6553582691.6519165,14973640116.24588,30727791439.757843,1561247961.5225601,301464811.4887428,46032600.857220456,333963973.0150223
2021-04-19,2130895136.7086601,1277777176.0850525,1140757473.2695007,1499418198.9620209,742736904.2053604,6382458770.269318,14351740334.794464,30184626901.425476,1536655504.3644333,295236623.29084396,46801884.4948761,329013728.8019943
2021-04-20,2137492343.5676956,1284441390.7692337,1152423839.874115,1467673988.160324,751814645.573349,6469329859.450836,14104885435.973358,30406907964.5343,1506494300.4314804,300265429.76976395,47617921.4948761,338842718.3830261
2021-04-21,2122925725.7699966,1264544672.4975204,1173938222.8083801,1451762738.1526947,754174938.4013367,6350696634.080353,13884851696.518707,30056079997.068176,1479694336.5954971,288054799.46245193,46648198.08211975,345494426.3065338
2021-04-22,2113302828.593483,1273813947.4500275,1187880048.489914,1410783502.4045944,720155550.1428223,6213417654.505081,13651595985.861816,30168472180.36194,1482789193.8088608,271471721.005249,49078592.62164307,342991992.9668808
2021-04-23,2009410083.4161377,1255567628.6800385,1179069019.4338226,1379956839.276886,695411343.6155319,5907793426.394119,13062127755.712128,29481610662.868347,1435659820.5723953,261499819.50191498,48575894.28916931,348217544.04109955
2021-04-26,1738549358.5695648,1213919961.530342,1169078397.2671509,1337391668.9313126,699286665.5499649,5755294253.407974,12599455072.864227,28386449572.638702,1440791745.4681778,247214738.75629425,46953738.88066711,355232741.7259598
2021-04-27,1680268530.3167343,1200059797.2629929,1146303337.1526337,1338437866.041031,706505059.6190643,5582867883.987656,12310458896.956024,27391204327.53647,1443725081.3559341,241295973.84548187,46530558.52975769,348303196.3922119
2021-04-28,1667073233.461132,1198291755.0388718,1138345324.2629242,1323286893.8547897,721091799.6641922,5386739009.076996,12182785182.458038,26985227037.93213,1446844859.754219,244722614.1398239,46586186.36244202,340326754.9036789
2021-04-29,1664511017.9803276,1150074481.1873245,1128736992.4500275,1243971933.1332397,706373413.0659103,5298781739.052963,11953375414.096222,26440874155.334778,1437166281.402359,244918491.33167267,47386428.82713318,337073366.9802475
2021-04-30,1668826764.3071175,1160145807.519722,1122949962.412033,1219998236.1771011,689999414.1706085,5270920585.402451,11704188945.236359,26243213136.545868,1442561888.245926,231487283.05778503,48739799.023059085,333891140.93982697
2021-05-03,1644181528.6968422,1164460744.1706085,1148685677.4259186,1203953731.5153122,683831421.1054993,5175424101.167984,11511945520.83908,25834910553.241577,1490951161.7328262,219025660.08024216,49459865.614422604,345309861.6460037
2021-05-04,1659619229.1361427,1198253006.712494,1179024699.3532562,1229372160.661087,695984989.743576,5195024322.884369,12016638355.409088,26628403572.02881,1546503218.0077744,217341338.1372261,55404545.07046509,351555686.088295
2021-05-05,1607927396.7960358,1210257844.5993805,1184549359.1173553,1223115761.145897,698681951.4795685,5185712645.011978,12238637907.588959,26735999401.11679,1548343004.0800858,212372060.1796913,56532234.936114505,357959742.8375244
2021-05-06,1558076105.4578018,1231612505.8868408,1245891381.816101,1262850174.0141678,699895340.3638458,5223943110.851059,12504575670.554504,27085698823.69156,1631712588.039093,218354193.79449844,58595449.03607178,361091914.8054123
2021-05-07,1573879932.7599525,1256946987.1421814,1318075224.7432709,1264638289.9547958,723724908.4168243,5257718984.508209,12769257901.019745,27246297239.95468,1688757733.5559845,220272232.1224785,60638222.63607178,364198538.428421
2021-05-10,1599814751.1729622,1269124979.8742294,1349567682.7947235,1268481341.3539505,726087516.0585785,5333795605.449142,13306121281.081085,27752490466.30951,1732306664.9381256,217773089.16431427,63596967.27284546,367129110.75813293
2021-05-11,1608693803.714962,1342496671.9971085,1364253645.6519318,1294948705.8292007,720848165.556984,5484445340.3515625,13939363462.342682,28920161581.862793,1742709502.3754883,222828571.308136,72785957.90658264,367766803.7395477
2021-05-12,1667057669.3244553,1406192077.2661972,1420832643.278122,1339263964.551468,768017987.9026413,5616327799.881897,14645348675.832977,30284174191.87561,1819331899.1976166,218160557.29732513,92021665.95723572,367975589.5767975
2021-05-13,1663628347.1384048,1457648855.936737,1421742781.1824799,1364404654.739914,759308568.9409256,5781687815.394287,15125170393.578033,31150712208.709717,1753208635.24292,225329036.11934662,101397485.31985779,362567106.04774475
2021-05-14,1681170058.5004044,1463015856.1834717,1421729365.8956146,1331964443.2610703,762286130.3989029,5789300100.868378,15149761192.931213,31151301434.85138,1765356046.988449,226532969.0163803,104890278.15988465,363440169.462204
2021-05-17,1653166656.0082626,1468177323.0080795,1478713371.5957642,1298184681.656952,767062080.5078506,5734435458.568192,15201988191.05011,30893677554.534607,1719582767.3750305,228026556.4501953,105734506.60888366,365283895.41633606
2021-05-18,1664131571.546383,1426743995.7709122,1488178090.5426025,1277196288.1602478,756368701.5083313,5625116323.441315,15151538279.042816,30469870440.552063,1717899260.7437134,234867669.7817421,108266138.92176513,358897603.14792633
2021-05-19,1693722103.7477875,1476087945.755806,1599380494.794464,1326371622.2834778,781531267.1669006,5619030158.354797,15586614046.91391,31212924970.14801,1729858544.8819733,242688113.23905945,121898318.73452148,355550835.7130432
2021-05-20,1678862018.6096573,1474204391.7182922,1621481339.8633575,1357589839.1690826,784999836.0737228,5543602845.07103,15580878484.23996,30848237874.84131,1723222510.8675003,247089031.6422844,123555361.63947448,352678865.12966156
2021-05-21,1705414820.8875275,1502420255.732994,1629930805.8548737,1429995574.7092056,790563363.4027481,5496930603.435059,15780073297.929077,30907224029.099426,1709766164.9093246,247346763.59523773,125583481.0384491,343856119.0392685
2021-05-24,1693724791.519394,1497189594.786415,1639002483.9772797,1467932253.260498,779113521.6352844,5483190042.017975,15793267649.199219,30895284850.304718,1696224272.257576,252261529.5745468,127102640.6099945,336317291.98165894
2021-05-25,1730047332.5546837,1500613776.225853,1674333742.3470306,1460931084.6318054,769631269.6710587,5483635243.500137,15750944065.550385,31016781895.855865,1686338871.6144943,252907458.7392807,128598920.61018677,341121526.6199112
2021-05-26,1704021127.2369003,1496189242.4187088,1691937208.5184479,1459576999.153862,749107984.9704742,5523102869.650574,15610685659.388428,30861674412.044983,1654779969.696083,249561396.3706398,134798483.31796876,345473097.5027847
2021-05-27,1700867398.7833595,1496575282.5323105,1687598188.5482025,1444916957.4325562,751475320.2703476,5475053430.58136,15439523961.097107,30432384736.137085,1617393927.981758,243731609.04569626,139050924.60869446,349798680.4645157
2021-05-28,1696450676.600666,1474341914.850235,1724735880.737381,1419012464.2559052,753637059.83078,5408782208.346252,15297076217.692566,29914909469.813843,1585781224.920082,243906728.08732986,141354546.12670287,346006040.1758957
2021-06-01,1750416208.7036705,1497273961.545639,1730427692.1974945,1441788642.759781,758206487.9701614,5457545172.230301,15315057454.652252,29647630247.990875,1558545381.4971924,251396594.09671783,144167344.07815552,336544835.9327316
2021-06-02,1720056488.8212395,1448236645.69458,1704021712.4201965,1411206897.7376556,724197285.2667236,5378584040.56282,14628973955.174103,28642156436.17691,1492140672.1380615,248012047.06378937,141727090.8444519,329324628.8238907
2021-06-03,1758385490.34935,1447460504.0612793,1743242590.9682465,1421193530.0427628,708265793.5148621,5379841091.214371,14484613102.450104,28611150797.42569,1490670186.7387009,240511535.07274628,144903235.5270508,328777246.272583
2021-06-04,1759779165.9572983,1421213592.4543762,1702010429.2588043,1433705170.5413437,707286461.7527771,5298053464.62532,14362500344.250946,28261521428.819122,1454722261.018982,234412532.21668243,146012525.34552002,319400815.8566284
2021-06-07,1720329622.5011063,1400013732.2911453,1644035697.2272491,1405254666.920662,669796543.4226227,5281316636.217728,14030789529.795074,27943582051.283722,1393154169.5159912,234114296.09039307,145869459.7282257,315955463.01776886
2021-06-08,1717131091.4868164,1388589338.6674118,1625172240.637436,1387115473.3018112,664310394.6956253,5295060996.667404,13517702847.680511,27277243527.046814,1371813912.209587,236625776.26483917,145580812.6843628,318967301.4143753
2021-06-09,1704177034.791069,1342975312.5677109,1609475921.0365295,1336834390.8961105,660155808.0142212,5092070739.695892,12733807869.561462,25973352674.349365,1360652470.2897263,232053928.9566803,140047889.05062562,316814014.7347641
2021-06-10,1651012927.6527596,1293397300.0366592,1589491137.1432495,1284287166.2032318,621516430.3299713,4986668976.914673,11889552250.441742,24434326160.8844,1359950798.6232376,237344974.28375244,123077243.36277771,316293152.10834503
2021-06-11,1621919926.5134048,1218515779.1863632,1589232003.6734772,1231974526.088028,600526300.9077454,4786563104.457703,11159004591.042023,23301745862.29004,1337119295.6283188,231215337.24430084,115900979.87902375,310268326.72073364
2021-06-14,1592441544.3597412,1215226609.2639542,1573148193.2871246,1222115366.3778687,579950292.9995728,4734828356.619263,10921752299.718475,22545758734.721222,1291796076.184616,231419282.6031494,113498536.54508515,309874795.05275726
2021-06-15,1621710748.3107567,1220869266.04805,1534411163.7636566,1230747131.6049957,567883357.2029877,4711094112.398376,10898915915.782318,22303633196.05606,1364731766.310196,233393651.72035217,111831398.01072235,314183604.9291611
2021-06-16,1651383660.0449753,1240309881.941185,1615330572.0785522,1247191497.1736145,613545155.8668518,4722875951.559677,11244085863.946686,22736519586.47461,1415935275.115776,227840217.95042038,114419002.94784088,319912541.4625931
2021-06-17,1609489814.421692,1234353051.7158127,1659503041.2913513,1203765053.1695557,592823967.758255,4919544475.181656,11206801769.855652,22486620958.167725,1546218040.2460861,234458036.7163658,104301905.00041656,327057594.9373627
2021-06-18,1632640295.7953262,1284715838.375473,1703093367.7848816,1228060061.5546036,618429447.2851181,5226730226.273041,11386491026.982422,23278523061.599884,1632699877.34581,238265053.82879257,109908684.34053497,339500264.4726181
2021-06-21,1605962506.0869217,1263234277.4002838,1705395577.1847534,1178845553.7057114,617788709.6101379,5261857348.288956,11140076694.578247,23230665895.547333,1673262886.4871979,250835729.03743744,111115198.53368072,343022617.93453217
2021-06-22,1639180445.822258,1269221366.2231064,1716442751.4888,1147500879.0133286,621186250.0772476,5298418542.531815,11104809776.525879,23368441269.850616,1721213667.0807266,248479784.97776031,111510982.118898,341922969.5175171
2021-06-23,1604159632.8858566,1278211512.1676254,1706877819.951477,1151567799.054947,619723238.7900925,5327913252.955933,11058769474.160461,23225700201.94992,1721452573.9930344,252153388.9964676,110965004.83412933,340267121.9288254
2021-06-24,1588225578.201046,1302640773.794098,1688733701.8933105,1146629646.5534592,615511396.9578934,5351060596.0520935,11199875005.624237,23280755996.7041,1717227908.9921951,257021172.09217072,105684318.29689026,335466636.145134
2021-06-25,1563983530.7707977,1289981070.3509521,1679964080.4916382,1158712894.9235916,619224924.7214508,5427781268.566818,11235606271.195679,23332122869.487152,1747913422.1052933,263000039.713974,100871520.3119812,329351804.4490051
2021-06-28,1513700255.0663376,1308415403.7573624,1645281033.7541962,1161158470.3766632,616426364.3162537,5479868966.717453,11422847900.009766,23249102692.13089,1757432766.9039536,262512342.95215607,97438561.39685059,332084391.62425995
2021-06-29,1455630450.3713226,1246103019.7988129,1625362096.826706,1128907983.3370209,586317353.711586,5435971902.876968,11427318551.31836,22908228897.45804,1756768565.9246063,255308958.7759781,94662166.5048294,329766266.7734146
2021-06-30,1476179799.3588257,1312729532.5751877,1632136860.7063293,1170524180.3636932,598007446.7503357,5513838359.070892,11633769574.137878,23243786700.55298,1809361791.6201782,253779136.64718628,92349106.03392029,338915679.3500519
2021-07-01,1442986067.3776245,1349577332.6963425,1604900609.753418,1221977861.9448853,639976232.4989319,5446945970.496979,11544991540.18982,23184681388.41858,1811181070.177002,257885491.7368889,89171908.235672,348711767.46700287
2021-07-02,1430174109.4701576,1350151077.3833847,1596570925.3767395,1171808702.172699,633987384.6910858,5466481850.147476,11484451119.233246,23253002880.435944,1777291706.335411,260552275.86130142,87060391.12390137,354434394.8467636
2021-07-06,1460168483.775959,1364026003.1950378,1594687277.0722961,1200817810.7696152,664548914.5779037,5501175944.67453,11631295618.963013,23629274151.81595,1855413212.5539017,278468704.90034103,87958589.74119568,353233982.52246857
2021-07-07,1427948303.2022858,1391812107.8681564,1602311348.35701,1202822000.5370712,678518743.7458801,5497616875.360947,11803647711.674194,23992413282.552338,1919814059.4624329,291897690.3458023,87142331.77420044,358114771.48059845
2021-07-08,1457949682.7140808,1403049463.008728,1607242268.3518982,1232152114.3684006,687482720.8792114,5735244423.072433,12338828078.899078,25006448351.07254,1953199955.9205627,296655993.66916656,89384549.6239624,371605127.03739166
2021-07-09,1456187261.822815,1465527518.6016464,1561571685.8113098,1240587641.7857742,682830180.3164673,5677118818.53096,12399228368.605347,25551398140.93918,1924466164.7503662,286689449.39208984,89262475.13291168,379328403.16135406
2021-07-12,1439139996.8834877,1461957612.558632,1554523973.358841,1257516011.941452,682734520.983963,5674409889.301987,12500495638.79486,25731029356.821747,1938111937.3644638,282449953.9309883,88247449.47451782,389836536.89453125
2021-07-13,1443247891.956253,1456149265.8208466,1546535086.6924286,1282880100.3881836,698896272.7865219,5731041345.752411,12734412644.99878,25969032978.64868,2025070427.1850586,282158219.9384117,89577758.35700989,398171094.2152405
2021-07-14,1407010160.8961105,1442343981.9591522,1556346192.6760864,1283461358.8904572,708283856.9491959,5861222674.66774,12760367402.955627,26257983963.35388,2016254401.3674927,288226617.1950531,90346156.4086914,395391465.5228424
2021-07-15,1380423829.734726,1440406085.5508804,1467359376.54747,1267760015.7205963,670206489.9856186,6061329757.348251,12778750961.931915,25797448222.98935,2015079235.342369,282860130.07484436,86228481.41714478,389284259.583168
2021-07-16,1368534367.9135323,1422403258.674469,1321669822.6190948,1257260510.0982666,644419768.7632751,5915452754.644394,12599217954.26239,25539251354.617004,1882891435.3661346,267408421.33094788,83652112.21456909,395801276.31153107
2021-07-19,1345236804.3595695,1446432445.5202484,1248716564.3395233,1320170268.3847427,682205755.4413986,5934290835.767517,12787375074.67926,26177083605.735626,1976251732.9956055,272812603.20856094,88090796.50756836,395204032.07286835
2021-07-20,1369093143.0295372,1477984152.6667404,1234231019.8672485,1339163934.020729,694525241.5913773,6067699313.646545,12970494768.102722,26751378968.176117,2039132033.5279846,262172668.988266,88264210.9890747,401402605.95596313
2021-07-21,1339667403.3037376,1507391011.8350601,1213187848.6476135,1352388481.7729568,704979329.6448517,6135847897.605133,13013270909.41391,26924865769.53766,2076045221.7168045,268638992.1789932,87899804.54312134,407228125.5075836
2021-07-22,1340865336.8115044,1503079435.3500748,1183319329.1284943,1354457098.372345,710266323.1353378,6232911147.264099,13088763331.630554,26922695023.97766,2117705784.58313,267977806.2266159,88454675.93022156,408694600.0854111
2021-07-23,1364548790.408516,1491471502.2460175,1175155185.9340668,1377040898.028183,726691518.4939194,6240196798.34465,13106619914.671326,27337535168.47763,2143725089.4456863,261263982.70261765,88255781.05567932,413105215.4785538
2021-07-26,1402957343.8183975,1499435722.214241,1156875162.510147,1374183019.3766403,724645904.3024826,6168388005.004044,13128730954.184418,27079690018.28308,2117712412.6039124,255109410.34101486,88759828.61497498,413961315.37727356
2021-07-27,1512260667.7057266,1478655610.2252579,1155722818.983307,1387185429.325676,743757522.6127625,6256159632.394485,13481590177.184143,27400449061.149445,2130719300.2666092,251155991.4086342,92914961.959198,410882565.1246643
2021-07-28,1597163677.0918655,1513656399.4876099,1161230746.6471863,1395186573.866539,785675025.6085968,6395932090.153198,13721453529.951477,27757565685.21591,2153346979.7798157,251309457.74065018,94535355.2807846,410599023.2510376
2021-07-29,1616088845.0961304,1481302894.3154526,1164836382.8614807,1370670865.3363037,784360974.2353821,6351962121.696777,13615189272.717285,27437554379.690857,2130235766.1372375,250933854.3073845,94929273.92094421,397417870.2376175
2021-07-30,1686266464.1971207,1467959254.8093414,1165851856.4022064,1334393640.161438,753471670.6283569,6451017318.309784,13756678768.031921,27775572311.439514,2154928136.852989,248025860.1339531,95650529.97782135,389009510.6957245
2021-08-02,1720072115.8475685,1508041241.1733246,1191440059.7743988,1386693308.7191772,827763906.9341278,6474572994.217911,13670728803.75824,27808206663.136597,2230922658.2823944,251174042.70589828,97086815.6306076,388071967.421875
2021-08-03,1699822812.4541092,1501759627.0568848,1170544621.9447327,1380763918.829193,815887801.6358948,6468332420.126419,13624755264.35913,27614910524.74121,2192006042.320709,244221286.4999962,97060756.6306076,391673859.69215393
2021-08-04,1714513418.1585503,1472386666.6333008,1193598062.0493317,1399300819.292221,816833007.5564575,6430705465.801315,13534747181.58905,27283340095.12558,2177650573.825493,234568315.64012527,96611965.58126068,387563767.4148178
2021-08-05,1645986647.3274994,1432470206.567459,1200181149.754715,1377710331.1389923,805861741.1491394,6239599746.58165,13033458472.547455,26122506647.41867,2165431240.314369,226358666.35641098,91406889.17441559,374715779.01195526
2021-08-06,1660520486.6185951,1350213309.602127,1269424488.163681,1361623400.4219055,817556977.7557373,6240983916.870346,13012395069.668121,25541289040.052338,2207834226.189499,228048679.3090248,89303195.11889648,361806749.6706009
2021-08-09,1663564046.1737633,1336349404.0018463,1300978400.868454,1338889194.4971466,852889996.9603348,6241615307.490921,13024608419.929962,25312713729.590607,2222809464.2635345,233975945.8866501,88663932.9584961,349172260.5799484
2021-08-10,1629649409.6774292,1318954042.1065903,1296984889.4065094,1353588741.9403458,854424540.0391006,6213987111.927032,12951383550.647125,25132227565.167084,2164802050.316124,232646182.41523743,87235740.7084961,341962950.7083893
2021-08-11,1634409450.9650612,1323121432.0996475,1282003846.7707825,1352434904.3663406,860682855.6443024,6169388803.023758,12937458493.760223,24738061137.76123,2172007479.4371414,228532166.4589119,85842878.1932373,341451628.020668
2021-08-12,1613739719.4839668,1293212750.257492,1268980530.6835175,1344799680.7584763,866793565.0463867,5948364937.41478,12466563322.371674,24427425387.634583,2147239138.346901,225656373.86484146,83608466.43478394,341120121.11370087
2021-08-13,1623327110.9727287,1266897276.49395,1250967932.123413,1318904280.4998398,883685842.3947144,5794778529.834442,11992512554.220734,23720508307.14218,2184285012.510071,222623025.30462265,82146353.93478394,324618091.012764
2021-08-16,1649632500.9012413,1185996753.3508682,1259105143.1933594,1181884760.7343292,814040937.3704147,5459918513.468933,11508195571.59378,22321811575.420685,2048126427.6623917,213245809.05303955,70502549.7762909,316804292.0736313
2021-08-17,1735984014.4113731,1166444181.1286926,1263046556.3767242,1153823014.1326904,809134819.0102768,5399004497.518005,11568724056.89087,22238340181.36383,1974554820.7720566,209314888.58682632,72266486.54478455,308177095.8540344
2021-08-18,1775315581.4163017,1145365670.0588226,1288357015.695572,1132466168.8572693,807144270.1514816,5397273995.830536,11715243258.195496,22757788266.410522,1932629031.8708038,206776648.78015518,77840711.67058563,304253493.26042175
2021-08-19,1850310969.576702,1195178060.8209229,1305595711.7349243,1141848134.2505646,806615756.1160278,5439280742.273331,12037521097.379456,23691260335.737305,1916593743.6285782,209142068.43139648,85491717.53835297,305028650.9922409
2021-08-20,1875780400.4236603,1192705825.1235962,1316076419.3551636,1132753615.795288,805231968.8581848,5516811520.015869,12171071093.196106,23872218630.928802,1916189621.319275,212342979.68421936,87642903.82397461,301243761.3560486
2021-08-23,1877247416.9933891,1219468721.0155106,1341203411.497879,1154902691.4222336,794064790.4133987,5553204481.961517,12278970926.298523,24120184684.67636,1916575189.347725,215743067.1965027,88595978.49902344,302938385.2114868
2021-08-24,1829202278.6077118,1195861132.9223251,1326251278.9496613,1158131612.6938248,768720502.5962067,5389320466.027679,11649297236.58554,23548586108.658905,1921512300.8353043,220739199.12374496,84366412.80795288,301863541.878891
2021-08-25,1756922311.169548,1173354807.192192,1306133247.5096893,1171493991.8284988,739681477.449913,5271816528.036346,11274326657.156067,23322766586.12442,1935620472.2079086,224499168.51394653,83020616.28527832,300739577.73117065
2021-08-26,1722310144.5497513,1150395446.8920135,1273293474.9028015,1168193921.2244797,742809474.1445541,5266716356.643753,11344268086.57013,23551969572.022552,1967630810.0639725,229412411.2828064,85924537.45916748,298657610.6402588
2021-08-27,1660760371.652298,1154871462.3896408,1295935294.5210266,1160015568.3023453,746264342.9489136,5332663740.704041,11193418150.057068,23764098653.605194,1974279222.989006,230173757.7738762,87254691.11283112,293193144.88098145
2021-08-30,1610367120.0004005,1096376972.355156,1236398988.242035,1108430454.696083,679838056.3496399,5302302487.19902,11213480776.383972,23583980526.797485,1906296650.845909,224584274.4635582,85872010.47785187,291351056.74720764
2021-08-31,1640108840.074749,1095525395.405693,1244374988.1816864,1119225412.6517868,683559718.4035873,5235047670.397568,11126817111.91925,23638521814.259033,1917148228.9769363,214246439.92811203,84650232.22785187,287522959.5819473
2021-09-01,1649015544.878292,1157398354.5661926,1201766827.602539,1139441702.9226303,705391452.1536636,5191371388.523102,11118800877.935791,23708517659.46167,1868693733.7821198,217656691.39253616,84439929.57431793,295752623.5707855
2021-09-02,1670592423.1102562,1164785652.6685715,1173021989.8579407,1143451703.518219,694196589.1450882,5187334461.052017,11203976188.870392,23804119798.20465,1833083426.609497,225198301.86555862,85069810.7884903,305019085.1036072
2021-09-03,1637678985.4480362,1184572104.947052,1132943920.9516907,1122309668.783493,679932046.3099289,5126003805.875397,11064264765.464783,23832436756.07361,1782174955.1488876,225724048.20482254,85860015.64415741,313287050.87436676
2021-09-07,1661530915.3670692,1206496681.511383,1123468454.9053955,1125815273.2706833,660962274.3461609,5149932194.906311,11044221616.705627,24070854955.801544,1798274273.8232803,222555111.57785416,86391136.34122467,323623260.11383057
2021-09-08,1751201078.5437965,1249854936.10466,1122898937.4301147,1065221198.5587692,655280041.7085266,5178270116.847305,11027675448.147278,24358138824.69452,1804274706.7081451,222811417.49641418,87395940.79403687,326633738.0885315
2021-09-09,1780239916.8109512,1263856297.0264816,1118160979.1247559,1090010062.6174927,654219805.9640503,5194074338.089066,10960392358.236694,24661240085.69046,1826356529.0190125,228072975.1958084,88834048.74162292,340114127.60124207
2021-09-10,1815036643.7461853,1313436880.3144073,1137491056.4546967,1097106049.8687744,660464763.1710052,5203808882.109375,11232763059.90448,25724268537.966766,1828975185.145874,231064872.2577095,90837056.49162292,353322438.61564636
2021-09-13,1832368528.197441,1340733613.6305237,1121283137.7361298,1121342126.6840744,647098451.3603973,5350859205.009003,11776791568.799438,26649337474.626312,1806897088.5886383,231072876.58109665,94487393.67248535,367166675.7408905
2021-09-14,1810548595.77034,1341059206.774063,1123141022.5629425,1146926912.3265457,647412290.5924225,5416447687.717285,11914327039.167175,26732203590.941315,1813603767.6311111,227218356.36713028,94860890.74996948,370212066.4644623
2021-09-15,1724880442.5707436,1351876546.2931824,1111009581.4941406,1143015696.927414,633773778.8116455,5346577533.19458,11744891203.216095,26458288192.74048,1800839343.1619644,234523099.79196548,91725303.49996948,374833085.9716797
2021-09-16,1728821130.2314568,1385708996.7493057,1143310574.5259094,1149366571.423149,626835679.8570633,5286788573.364563,11713526937.533112,26249973592.10846,1802415300.0709534,228285836.45391464,86325015.70050812,374939309.4061279
2021-09-17,1693333603.3041573,1410022077.3940659,1154079678.4022522,1213772476.1823273,633453033.0518723,5324874660.067673,11961923590.79071,26792801611.56494,1791044708.7817383,226477770.1954651,80361923.33257294,387704348.4126282
2021-09-20,1712343514.7527504,1508453142.3936844,1156852840.6175232,1324072050.1395416,644865084.4685745,5462052344.210358,12611094287.153015,28687749977.456055,1805885919.2430115,227559284.88498688,92891436.60298157,400542232.61356354
2021-09-21,1698894285.020485,1559012062.8773117,1147374499.706421,1342525797.0959473,649392581.9116592,5469037788.852081,12740460479.2247,29419724952.820587,1802476856.6184998,225615642.95017242,97581669.08796692,405445119.84767914
2021-09-22,1686415306.612358,1610275979.752922,1190138529.990387,1354798298.4622192,686495620.9516907,5607570528.336563,13188966257.877808,30709614475.122528,1858187944.4151688,221470394.19363022,103454821.52903748,413412949.0119934
2021-09-23,1690610643.8814545,1674237233.5766983,1212436426.1128998,1383746955.4281616,710333723.4200668,5710293330.800858,13626227087.533722,31446639062.172394,1903106251.5076065,217778240.87579727,107485453.24908447,416656970.308609
2021-09-24,1691987668.726368,1685240441.9974518,1232429291.4217377,1397592982.0122528,728466679.4438553,5782173847.877655,13753661314.367523,31532894647.383575,1924165819.1607285,212848735.44851303,105714898.70477295,425275464.2996216
2021-09-27,1687217710.7373047,1652507681.7436981,1187468170.2457428,1394792036.6955948,729909932.2873688,5737909027.559128,14038772098.802643,31181343858.167725,1910406129.5324707,214566308.55146408,104099203.09260559,430278609.22943115
2021-09-28,1743687459.8607063,1785614086.154213,1230771437.0121002,1474231141.013832,747909035.2646637,5934756139.22821,15243119848.811188,32811592459.799347,2005411910.715065,219469910.67293167,111517823.65281677,444486254.88544464
2021-09-29,1738826296.457901,1827229804.8295975,1244451053.5004425,1476135886.3320923,751975736.0782623,5959441633.149338,15710490995.679169,33237078748.71048,2053292364.607277,221280493.41905594,114553497.23303223,452378843.9818573
2021-09-30,1802771515.2276802,1852959702.7970505,1290834960.2728271,1538197240.9999847,728029998.0503082,6082670138.000107,16258270181.129913,35035195364.61838,2122908103.913002,234340604.54494476,119641245.44888306,456170283.56788635
2021-10-01,1845337651.2817955,1953429925.631752,1306674005.2043152,1583294051.5298843,812262351.7746353,6179210344.1015625,16774830869.269104,36766130877.490845,2221998877.0301437,232044550.60817719,123143324.68019104,458510152.2947693
2021-10-04,1891123973.690815,2004529089.864006,1298492487.1575165,1643907533.9043808,825474146.803627,6322320368.220139,17634225989.83734,38351020938.95477,2312950244.203453,237894932.829628,127847584.89874268,462262943.7773514
2021-10-05,1875384380.9687805,2041731199.5437622,1260826479.8204803,1679084494.9977112,823878406.5505219,6331153864.431534,18009783776.607513,39102127802.36191,2354059198.0968094,245035764.3180275,129548810.18554688,458320261.86035156
2021-10-06,1877267595.3453445,2084539312.2236633,1255885030.4576874,1731675839.2699432,830570651.4432907,6406424423.427429,18393508027.382812,40222853369.51233,2377422791.9533157,256400497.0755577,132453850.02534485,462933979.7727585
2021-10-07,1932010508.5177994,2084975206.7643356,1239415941.640396,1751177182.0085526,835551517.0243073,6376166902.082062,18547083256.66809,40496217896.49826,2338655094.777031,257771049.9878502,131269459.49894714,452690824.9532318
2021-10-08,1894362936.9005203,2071084096.041603,1247433685.9864807,1790368528.9940262,841222488.2878113,6310306003.873215,18545325030.567474,40154318803.804474,2348848373.816185,263666455.78445435,129876883.69377136,449414862.3206711
2021-10-11,1872175488.0059052,2071210354.5636368,1232830269.6331787,1786000704.9396515,830784688.9855576,6112400927.697754,18261929028.173065,39736124152.13425,2297192686.0154343,266354565.21762848,127579162.87051392,435382636.69498444
2021-10-12,1854411340.5556107,2066592837.7693558,1210847617.8302002,1827659212.7357483,834690158.6423111,5995288363.41568,18262016419.25232,39560024391.59439,2279442486.294594,274135346.9787216,125333950.14359283,434299254.70020294
2021-10-13,1844854877.641735,2052450092.3508835,1256774354.0302277,1867914171.9498825,866825011.7653275,5914044761.088409,18338140962.964172,39399693325.51315,2348478576.0287094,267619761.9496727,122917567.74871063,431194165.7538986
2021-10-14,1799293400.4817963,2028082969.4010925,1202841164.1492462,1911389715.2909088,885574617.4125671,5873830049.719849,18465659506.875,39231248228.66196,2343964649.2625427,270368597.7792549,121886574.5699997,428140527.3620987
2021-10-15,1790614804.3776894,1984134330.1687622,1206217811.507721,1880075233.5900116,890327675.9871674,5748544275.152435,18085140974.905243,38165667262.85721,2329567433.789177,269057374.6263313,119206178.01598358,411105547.9827881
2021-10-18,1733714668.0137444,1896956773.9930344,1177044141.6151428,1781919718.2125854,888961878.6582947,5492140618.163376,17356173189.233246,36083067398.280945,2310710537.2115707,269654339.57925797,103656242.47933197,399184023.7615967
2021-10-19,1740474503.1986809,1819377359.1384506,1171926696.2705994,1777587775.382347,901082853.7847519,5384127142.166672,17141022299.375763,35194974619.46915,2320628753.2001877,272869195.7881355,97034732.50125885,393852065.07183075
2021-10-20,1700038064.2110634,1759594583.5788727,1132963101.833191,1761737244.80793,876231964.4248581,5245238992.460785,16869516442.954102,34145382018.874207,2254946169.4507217,282980656.33325577,90851936.06246185,400435745.3219986
2021-10-21,1720117478.647709,1707007729.0442657,1100652980.7045746,1733300749.9055862,857697941.3790131,5108964592.165985,16527258322.789001,33436468696.860962,2187816777.9833603,288798027.03525543,85739059.18055725,404501669.3793106
2021-10-22,1771493888.5635376,1714424768.5934448,1133797959.5825958,1729401112.8337479,855339105.7320404,4986519321.934357,16532587067.335205,33394247212.877808,2146192606.0084152,291805092.0703125,84506865.83435059,405318533.77254486
2021-10-25,1776176231.609974,1708072385.7305908,1134584232.3958588,1737606704.0499878,845553003.7309265,4846412697.122116,16351362030.5484,33086338762.469177,2112474123.0019379,295171483.17806244,82883196.98597717,398731303.020668
2021-10-26,1751625898.0952263,1583193273.145256,1115198559.140854,1684502713.1852722,822037250.0593185,4701464450.855026,15512478034.633942,31632793687.42569,2034380928.191452,291662687.9111099,75368096.27051544,381859897.8681946
2021-10-27,1730174712.301712,1540218234.574852,1096710127.0574188,1680031655.052147,860706642.1227264,4741078448.8103485,15343582399.809875,31497521878.672638,2028722351.4644241,299227519.09225464,71803901.04634857,371239131.733551
2021-10-28,1644180861.231079,1461349549.7572327,1068729927.9530334,1595579031.793785,873600491.9334412,4645377483.443527,14985551799.680176,29775961660.849,2000107880.1727676,282234516.65533066,65368546.57185364,358432593.33602905
2021-10-29,1659470124.4228554,1399975915.2648544,1076724629.972992,1583249342.0835495,830158187.067337,4526696078.404007,14698963063.8768,28655540237.593536,1958563406.0470963,284678633.7633705,60622584.22740173,359384620.08773804
2021-11-01,1634533806.6504097,1362323951.6669083,1055136000.8023834,1600477502.5912094,863587844.8760986,4579931365.869217,13963010752.119598,27116482932.245026,1898542924.402542,273845804.01254654,54144824.56517029,361814477.9246521
2021-11-02,1647775061.8413353,1311401446.792984,1040340362.7695465,1614100909.8230743,890061113.6881638,4643030714.102097,13618046612.517548,26334325146.288605,1822206553.3408356,266142962.7212143,51253065.10688782,359020370.8340454
2021-11-03,1633018745.1795006,1241439641.2664795,1065330889.4742584,1594570781.9366074,937307441.039238,4838063215.559998,13270119192.998352,25173763325.167694,1835265064.843979,265958352.44062424,46752396.43820953,347497130.4304886
2021-11-04,1550958013.86446,1224271318.5638046,1081797012.815628,1594832532.0884323,959960918.8328934,4880574307.944565,13354128847.672424,24840878419.757233,1844678486.0570526,271816579.1910362,45752874.81536102,345371951.5378952
2021-11-05,1548758589.82193,1200071846.7725372,1091263526.573639,1594351365.4761887,978081333.469696,5171807303.368378,13460429900.53238,24768694759.400482,1877140765.9597778,269572702.1160507,45166849.98458099,337423540.23815155
2021-11-08,1542536614.8601913,1153590635.7315445,1102277573.8156128,1581289104.1407776,1003888399.7960281,5364482868.709488,13419472292.525024,24547426908.446808,1910226349.0895844,267480285.98075867,43421086.36048889,339791612.74433136
2021-11-09,1541605336.5782166,1147314076.0733414,1106896109.2764282,1518244976.9210815,1026403959.2304611,5507964813.835754,13627373623.352966,24221155488.36319,1950626857.077179,267221842.22862244,43462850.67632294,336106074.56703186
2021-11-10,1542970669.5036697,1144133931.91288,1112998554.213562,1522223575.2774048,1065002998.2966614,5664788600.803223,13965244345.795898,24241416564.859314,1982453464.5708466,273703626.97195053,44007388.99643707,339681209.71855164
2021-11-11,1616527583.3187675,1110759137.3679733,1122199070.3585815,1465790782.828865,1036084103.0261993,5674302680.452194,13803460395.214996,23542037667.714844,1937366277.3593903,279149048.6664009,42687982.015693665,338564454.6142578
2021-11-12,1595214066.7302322,1078748715.3781128,1119149524.557495,1454383478.8487244,1045687781.9139862,5613595477.997894,13744955207.683563,23328256862.912445,1944228179.0193558,285228181.9556999,41620697.755348206,339570005.2124405
2021-11-15,1607614441.375885,1062762416.9172668,1134960078.4643555,1443339275.258255,1042244038.886261,5719143374.083405,13766502915.350952,23053484441.83426,1963409563.7755203,287460368.81750107,41444756.77159119,336850753.8280487
2021-11-16,1588670645.3628159,1054754771.9315338,1155394188.2261658,1403855264.6077347,1037975128.4802246,5801107499.715118,13774005803.663788,23135489489.18869,1969406966.9403458,287466895.55259705,41245614.599365234,336962680.1096344
2021-11-17,1576282983.9413452,1052183042.8532028,1170399647.2587585,1397641496.3915634,1056881594.4250488,5901697293.461456,13756641813.450317,23134444044.13025,1980444298.57193,290543378.8747406,41710234.10580444,331207692.862854
2021-11-18,1577455087.211094,1042356543.7214279,1187984907.0219421,1411327074.9373627,1072474940.4558945,6049020696.877213,14182178263.013763,23370943524.578552,1966808143.0458832,289782980.0845146,42188080.26717377,322210581.9833374
2021-11-19,1542635073.4924698,1037360860.7535553,1174019360.6534576,1492881324.1056824,1075533813.8897324,6240859011.290665,14409826516.56372,23380826850.227356,1971149018.7578583,297242126.6990471,41768860.53276825,313455898.8568115
2021-11-22,1550446342.894516,1051225341.437645,1243245825.8868408,1512483458.3883667,1105404945.204811,6402564776.74675,15008469484.25354,24010154322.60208,2016410213.070259,302283481.9552994,42902173.185043335,316688235.50704956
2021-11-23,1562638017.4870682,1106062941.0806656,1254729409.434204,1559441454.6949387,1134509389.017067,6499971291.753006,15492875824.199677,24418328159.503174,2026252438.909111,308543339.04563904,44188260.033699036,320918497.8722763
2021-11-24,1561735007.5675774,1111397036.3716888,1250564412.9473877,1600791767.1281433,1095267434.1536713,6477472395.1662445,15557706270.605774,24238139831.416016,1973815462.1481705,300873051.75151825,44708445.25835419,319671177.8534317
2021-11-26,1624499844.118805,1183080148.5767365,1271861913.437729,1664689190.7136536,1115345546.2075043,6888773240.338669,15827644901.648102,25557234961.740875,1992759384.1464615,331907448.7408066,53834976.37522888,318577142.2254944
2021-11-29,1604456974.1407967,1201402090.6777573,1270709269.0808868,1681212792.5357437,1128867126.284523,7148074941.740494,16184994438.693085,25925646692.84073,2020454672.8842545,350747689.49237823,56673992.83128357,313257216.1857605
2021-11-30,1710554673.2375717,1304005731.410942,1335990499.917984,1698162400.7920837,1154454634.758644,7424007721.165543,17161954109.798431,28053887485.46707,2110713153.583908,393399971.85113907,64823393.08128357,314736124.9040222
2021-12-01,1748113869.8031235,1411934975.3372574,1369432418.8591766,1747666455.1091003,1219486917.02816,7843003593.439636,18149359622.135162,29781359149.04312,2248569318.609543,414100101.6496849,72427660.83860779,336829058.6948776
2021-12-02,1799176812.5403214,1499500949.1373444,1373727468.562622,1811332810.9476852,1192428373.0268478,7971552284.7078705,19103703235.790863,31374345810.56259,2236154000.900345,427908977.0570183,80451487.9646759,356366218.49773407
2021-12-03,1917470142.0269012,1602186086.943283,1397147783.5151672,1871213084.6424484,1229162788.0717087,8325360791.536484,20285512968.670044,33136801799.761047,2362285302.405319,428852954.8943138,98803375.54066467,375908136.0519028
2021-12-06,1983468874.4456863,1650275954.3837738,1357592916.324463,1872379095.788536,1213715740.3769684,8299164856.524963,20713488013.033447,33807386554.05487,2425875018.112793,435930336.89466476,105785571.65466309,394089530.5876541
2021-12-07,2044623585.421486,1714396866.404457,1356143617.5839996,1975708919.2411423,1215157674.2638016,8412950751.204605,21230109282.566376,34795505767.14432,2491218524.11911,451704913.34379196,108249508.9506836,405218544.24518585
2021-12-08,2065140208.2343864,1732032991.074791,1342421401.3158417,2018536186.2940598,1208710515.0834274,8461799336.220245,21021529969.019165,35264857106.00052,2553052871.9078827,452047570.40311813,107901592.33328247,418789287.64404297
2021-12-09,2064620830.5535698,1765740665.6259155,1283945929.7133636,1999935730.8170319,1158058752.249527,8460557311.801529,20937852846.806946,35095403891.82007,2487251125.186119,452420869.31453705,108783244.9591217,417567920.00198364
2021-12-10,2029883475.3336906,1812783095.9783173,1285788701.5589142,2033870153.2634354,1164763258.7311935,8598953080.323792,21342022414.38385,36040554178.34747,2542709452.028351,453434787.8080368,111150951.26381683,424257490.77697754
2021-12-13,2067256402.7363777,1853600686.3628387,1272125654.763565,2003024070.6956863,1140711298.3091354,8709155611.611252,21632039659.435425,36788138031.38672,2577795811.5589905,453388857.3049927,114280058.30066681,440138031.14688873
2021-12-14,2086288161.1215973,1904774835.6185532,1294539729.4800568,2013868814.4734192,1124843156.2466812,8771209180.537872,22403817427.08481,37871479241.736145,2573503287.9216385,451707798.5914993,117850384.50868225,454842801.566391
2021-12-15,2134909534.749546,1967586738.8088608,1337827944.1305542,2072193776.9142914,1134577907.2787857,9051479817.59964,23290276864.177856,39375662619.80774,2654266609.351387,453680281.2472153,122605992.48603821,471996973.86592865
2021-12-16,2214855090.3325844,2082106897.8133774,1374967468.2788086,2104005543.3475494,1130583581.901741,9288106961.05423,24287897582.02133,40874410971.07834,2684312793.0670166,445713709.536953,126360659.918396,479369649.14505005
2021-12-17,2251957778.271351,2184443196.5659714,1403293216.0196686,2117066493.4946823,1119974461.6523743,9585831068.096466,24900651923.432922,42691354237.79709,2731430985.958023,447589457.80952454,130836219.86578369,499924009.2375946
2021-12-20,2254019733.740444,2200617792.318115,1385725022.174759,2058442415.5115128,1135862487.3427582,9714278031.347198,25223592549.01352,43724651187.04697,2752296094.6554947,452606973.2782364,134885474.05008698,514563410.16277313
2021-12-21,2239821756.644306,2216316536.146393,1313253182.7506256,2053203089.530182,1120563442.0549011,9772806529.545288,24952211387.687378,43650425955.855865,2762578934.0623093,445138175.77344894,135603455.92904663,519196055.76740265
2021-12-22,2213537944.311428,2198489639.662094,1285331593.7361908,1999485367.926445,1091520731.8696976,9741654132.294617,24308480338.97522,43339348576.20117,2746766855.773468,444044454.2147255,134440280.9184265,522817957.14344025
2021-12-23,2188753679.0602684,2226594121.827736,1278997581.6724396,1949107951.3934326,1086526800.3839111,9710868589.363174,23970303132.920227,43227529250.78934,2734549277.11689,442293870.7408905,134266472.44527435,540709565.7218552
2021-12-27,2122743841.2141228,2154469560.808525,1239178797.1289825,1875771157.2977448,1034488834.9334717,9309834635.71579,23635092721.247253,42078739845.940094,2656064335.054741,407520527.2377205,126525918.30289459,568829400.2169418
2021-12-28,2080188411.574154,2102562967.7809906,1215869187.6957703,1828834518.7964249,1006718902.7580261,9070671327.421799,23224791651.75461,41260312935.385895,2566884154.3657303,381300768.3681679,125243096.57987213,564438599.3383408
2021-12-29,1964092936.9738007,1981096686.8521118,1158559555.267334,1768647224.5580673,968428931.312027,8608278244.088974,22298670419.376373,39311820857.09396,2438059450.5036545,341462538.7396622,118585544.57987213,554912624.7580338
2021-12-30,1926733595.3326416,1908591330.0998306,1139754992.8655243,1672533771.3295364,894185240.6961823,8162392387.96936,21300659940.759583,37764711978.9357,2303939403.6385727,322318510.4930115,112007366.73136139,536597358.1044769
2021-12-31,1830647177.0716858,1848620046.837616,1120577854.7907257,1570853345.245552,874595539.4074249,7750318768.3558655,20374234723.22296,36485438598.58505,2273419964.534874,293971998.10310364,104105508.43831635,531018442.1649933
2022-01-03,1719794871.3119316,1779879642.6228333,1117232482.044754,1532837883.2274246,911960677.3497009,7424553172.736359,19206264615.51895,35199363908.40195,2255514166.752281,283274828.96606445,86687145.76901245,543612706.8244934
2022-01-04,1653907165.3079605,1761609510.7348633,1136284494.301834,1551658493.808899,941106267.2289276,7205765661.257095,19057257217.89444,34669648919.63135,2190077832.8518295,276299369.9335289,80449453.47203064,536458183.2689667
2022-01-05,1639546598.086052,1750727394.815445,1169083172.286148,1557259186.320839,970227802.4170303,7150869956.456909,19390632231.276398,34876975506.05286,2175345134.4317245,265832024.58818436,81592946.04876709,544110396.4292526
2022-01-06,1629164711.9425583,1788320593.2749557,1224324399.7395325,1610786111.5458298,968548975.0841141,7166353212.549438,19952320021.96884,35199048955.815125,2079262037.2882462,264780677.76597977,84244901.18379211,546313656.0453415
2022-01-07,1620019065.0004005,1758711088.0545425,1252278902.5898743,1642685422.4458313,987760021.0165024,7126969884.449387,20338847544.257355,35725739055.658264,2081522173.0420685,267016778.58142853,83924545.21555328,561805745.5745316
2022-01-10,1622617805.9451866,1834563956.7508316,1257665797.1694183,1749883972.3361206,1003750529.3869019,7251684047.497406,21019607713.709717,36636979377.21039,2074664388.5274887,261442544.4311142,86970015.55220032,574603644.346962
2022-01-11,1641215174.3313408,1848210790.2056885,1273724299.8600006,1801222415.3835297,1014733811.1215591,7271978967.937851,21345336077.755585,36360229698.16254,2108892414.8999405,264953986.81631088,85730247.55652618,569978417.6070786
2022-01-12,1678966088.9834976,1855014424.3802261,1255889927.6306152,1815859119.032402,1030138778.717041,7262251753.902817,20955487583.143158,35745479685.47058,2106998717.3145294,267975809.81595993,84177154.31674957,562924806.6098022
2022-01-13,1629592296.6179848,1836139672.725563,1197511212.8616333,1815440120.9300613,1029402074.6144485,7083943252.611923,20963625389.591522,35158930244.08157,2039239305.4470062,267866365.55753708,82292307.68952179,550061305.3144836
2022-01-14,1589652943.72303,1775521341.9054031,1170188003.1432343,1827275006.0844803,1035536836.1041641,6978136408.166351,20892511508.991547,34706317517.62802,2059714969.2808914,273312015.8359146,81230461.18986511,551020687.4953079
2022-01-18,1569253695.5137825,1754500265.9038925,1166448064.9546814,1889709376.3926697,1051830154.1210175,6826957248.817673,20747343740.79071,34130634649.830017,2069780910.275917,277619020.1706314,81706314.69195557,544070236.0193253
2022-01-19,1581610732.1887398,1783706480.1893616,1244001977.17659,1901704412.6350403,1032840715.8531189,6772264538.963776,20995500900.751038,34161595716.753845,2068189204.2630768,272014227.03451157,82500654.82756805,539013315.8261871
2022-01-20,1643197670.7543182,1836097436.4657211,1288156266.0342407,1946170252.7049637,1034815617.3377228,6853624740.669327,21628802033.62213,35213007979.785,2047220021.567459,272439507.67614365,87567406.79633331,550090532.0054626
2022-01-21,1714727792.8068924,1964794710.381279,1342715850.5789185,2076129434.8801804,1071990134.5502472,7314944133.689194,23371860133.36731,38085087599.813995,2145599342.6566696,273459332.4804497,102584554.93880463,564263446.6493225
2022-01-24,1857275623.1360245,2149431693.4284973,1439547692.5411987,2284847610.243759,1145510733.298149,7899887805.115433,26214820219.628906,42045609243.58658,2223385909.9910355,291076113.9625168,133374754.64718628,600610922.8747177
2022-01-25,1916892637.0891762,2275439739.409256,1549225235.6447601,2383191711.670761,1194333923.880577,8217715031.300964,27658884740.510406,44203951280.59021,2268129703.0028915,297893103.23610306,152004401.6826477,600485322.059288
2022-01-26,1982185842.012844,2401605390.139656,1662035935.3082275,2533736357.275696,1214349519.824524,8636337071.577301,29468363852.480164,46943641296.54419,2351467582.7458572,310840054.9509239,174241291.024292,624616240.5761719
2022-01-27,2050653561.5240097,2499882530.2401733,1745356689.0789795,2631843496.7588425,1211770690.832138,8973008804.327087,30418909186.483154,48760058451.09299,2408777877.752342,317789437.466259,188024056.08189392,637843331.2451553
2022-01-28,2077473175.3604507,2574280909.2853928,1781020191.736374,2758891997.653923,1193107810.9766006,9332166782.275238,31805404749.847107,50940003221.32767,2421698326.5602493,320710172.3502159,199028571.73960114,648951237.0834732
2022-01-31,2154968434.5849037,2621066335.463295,1792616798.259735,2978540493.846054,1195603480.8803558,9587735499.394989,32798579416.955566,52704897549.20517,2422001653.901863,323738987.20205307,205407371.8313675,655705272.3059464
2022-02-01,2204965493.267288,2715424724.984169,1798876142.598648,2998927541.268463,1138083129.8491669,9679094849.455109,33329159201.70227,53696104675.369415,2339928360.811157,321848536.0261345,208635832.66246033,650850855.369072
2022-02-02,2228346980.917835,2749386196.6760635,1816516401.384201,2982561391.869278,1088723383.9046478,9852115172.867203,33622097004.25293,54622141327.22748,2316999789.8677063,318766212.1653557,212067854.90507507,645923643.5061264
2022-02-03,2211086335.6957436,2817168321.1408615,1832629682.8984833,2979503862.7104187,1060304843.5834122,9805180835.466614,33846681290.888367,54798363963.91647,2293491669.6892166,321371247.5001335,215431469.60055542,637740841.6090775
2022-02-04,2216582342.68219,2812732712.582054,1822815869.3475342,3049860101.809883,1048127854.4244766,9722655593.189697,34027073666.501312,55386708783.418724,2317459081.3131332,322955520.93580246,217466646.08828735,639972486.234932
2022-02-07,2214510651.106472,2790969638.239708,1820422841.2854767,3057082769.974289,1032693545.1245499,9713339504.702454,33690005638.391724,55297871168.91815,2280832907.2289658,313155095.72156906,218534176.00545502,633163031.5577698
2022-02-08,2174925826.157856,2726319411.634865,1810808663.1318665,3010587988.0555725,1030519945.8218765,9519050097.50473,33123817266.287384,54402462128.61664,2292994551.2631607,318263330.6873131,216591004.09479523,629470522.0404434
2022-02-09,2135140580.215397,2711378754.4612885,1808058787.527771,3024823905.9233856,1039653086.3950348,9423779538.098068,32836905761.06476,54753411210.81406,2228801273.913765,310989524.8293686,217686197.52672577,629375762.5941849
2022-02-10,2129260719.1786575,2696117433.498802,1845634616.5973663,3128322571.9166565,1079958804.3755722,9494237553.424225,33769433451.548767,56216911955.6427,2320060813.3833694,311067321.64966583,225720315.67469788,639627462.0363617
2022-02-11,2172447272.0718,2779844815.9843826,2009494144.317093,3211891869.285469,1126950569.8923492,9540536673.755188,34051321376.50467,57399284148.54934,2481124239.8485947,337890441.1777687,238761165.5498352,646048909.2037964
2022-02-14,2210304704.49152,2838438987.6198196,2062029952.0365143,3225580267.956352,1128354264.0872955,9420899139.94934,33926837799.33914,57843389408.92654,2476799953.2816315,351461930.50081253,248275049.31537628,639332864.2155457
2022-02-15,2183806195.2962875,2812087014.0258408,2092142053.2749176,3177109721.12381,1112707009.3558884,9187023357.376328,33521892056.30768,57344280036.70317,2455306356.3223267,364822078.9048958,249158290.98534393,628506266.2327576
2022-02-16,2191795991.9732857,2770959214.3302917,2067998684.519577,3198994507.635193,1105542549.0692902,9034293624.629822,33084740967.23709,56803147383.8748,2443014586.8206787,370399664.2816925,250134909.59893036,624454134.2552948
2022-02-17,2152636348.8623238,2756374936.136894,2150813152.440262,3171554971.9836426,1107263241.7080688,8813528929.151764,32564145291.425476,56333639593.74436,2501420515.912323,380255604.16282654,252604158.09893036,614435471.355133
2022-02-18,2111522908.4092903,2668336056.73481,2169872114.2858124,3124000912.537079,1083329359.3353271,8356252926.509857,31440207175.606995,54875534039.03595,2428072860.029068,391129106.5917206,245503181.3691635,599578755.8886337
2022-02-22,2051802703.8789177,2493916352.1655273,2167357265.054779,2981379076.5906525,1014274382.5234604,7835137147.453766,29439537106.303406,52179347286.51596,2391967633.655014,394284023.39012146,223934376.90903473,558807344.7304535
2022-02-23,2015830780.789528,2443412736.7877197,2122310395.511551,2954861592.8123474,986255509.2802811,7548236052.896194,28732790819.430237,51377284157.26257,2400968636.509323,404032208.10295105,212893139.1235733,541029289.5643234
2022-02-24,2097264851.5770721,2491941677.7352524,2261056576.187973,2927501821.831703,1016973031.3641739,7375023451.595917,28439624676.635284,51887899938.65646,2423548635.268631,443818630.15727997,202954784.46323395,539865179.824295
2022-02-25,2093418491.276722,2496780947.509918,2229877618.855133,2916056102.9071426,999388624.7562027,7155552623.3125305,28185212156.91925,51355641201.95358,2380371035.796814,454999522.02510834,195729714.45212555,533693787.2360611
2022-02-28,2156630039.9324226,2513724005.4914856,2291346512.489624,2922791391.011467,1026482977.6734924,6883767438.062897,27641847075.67093,50927424777.12143,2455948409.665756,472008844.91111755,190264815.13560486,534594639.02668
2022-03-01,2162449883.7615395,2540105466.083603,2418834171.9462585,2804462076.4559937,1125334685.855484,6759077279.597015,27095792161.901093,50492050729.26895,2585845845.3098297,522532465.12664795,193134926.9063263,539418106.1382675
2022-03-02,2180157441.864319,2501305807.436714,2513983607.767868,2799785127.9250336,1105203505.019989,6631028194.279785,26964954425.9758,50292953212.839966,2637079992.8456497,591859016.5294647,194173569.833786,527033442.93930054
2022-03-03,2220572767.498436,2520440176.2171745,2574371685.14534,2779786227.9161453,1135495413.2596588,6511463452.236328,26736465643.772125,49930374287.99179,2646998769.6691513,650172128.4274673,194648449.66011047,534889927.10617065
2022-03-04,2274411378.2774925,2531431439.2445946,2690216108.0954742,2737063127.9536057,1195214304.9608612,6438278894.308319,26358400100.802307,49767984371.05148,2697964826.196594,702488400.6718826,193871791.1083603,539045904.9598312
2022-03-07,2344250877.437973,2586345099.0454674,2869522582.020035,2663346545.294113,1220313091.9571686,6476406355.00824,26276347725.902252,49988511001.86783,2698909396.2994385,755027289.9120331,193826536.63713837,536957149.5757675
2022-03-08,2450906841.4283943,2696200046.6296196,3256583937.177658,2723607372.110615,1223161559.0287018,6584071429.53537,27097905474.55246,51437775032.47269,2788408622.3957825,875403798.5837173,198921732.9113388,541704431.266098
2022-03-09,2513989743.6806297,2775883990.2285957,3456451835.290146,2695011499.5148277,1222411586.5704727,6587433589.35051,27021983983.726654,52071553785.13992,2802131313.5298157,972701314.5737076,200439671.61838531,540269941.2860489
2022-03-10,2539979962.1952057,2787013911.24979,3559946321.571579,2719559664.5169067,1227015152.5442886,6563026073.351364,27144876935.237427,51959580310.57175,2871477109.028816,1003546591.6509628,200513713.6024475,532234967.70095825
2022-03-11,2556151038.2795143,2792300514.6553802,3605947338.312454,2660091852.347183,1174246768.3340073,6364715431.85524,26229097538.912964,50887993388.50723,2782042029.102516,1018556333.6756897,193783823.78286743,525270027.9499817
2022-03-14,2598331927.401829,2719198424.8614883,3502434873.716812,2662516010.4662895,1126700545.9176636,6288063009.998016,25749515240.998688,49591132532.88376,2664855169.8846817,1012585732.8564453,186720221.21806335,520262598.9551544
2022-03-15,2629975545.3876877,2683261085.1312637,3534887995.899887,2725511218.7023163,1117614194.7245789,6217676556.338577,25613631897.115326,49180193778.31116,2628534327.428398,1027513330.0510025,186314565.0022354,520079636.97792053
2022-03-16,2828725211.383457,2723894475.405426,3583758109.5762634,2831299110.3990173,1137911132.0015335,6270127188.356857,26400791465.450592,50293916505.6366,2670303229.805069,1020366779.8147964,189157184.94794464,533258258.09711456
2022-03-17,2885523325.2823067,2759829293.811798,3571165996.0021973,2861122257.4414062,1128874107.0321274,6226263526.478958,26516017795.262146,50641473801.61133,2683691281.334076,1033760582.9426575,187872642.0139389,531564116.80999756
2022-03-18,2953075161.6278076,2763436288.805771,3531691339.3878937,2954435804.4945526,1122343275.4107285,6331553705.982132,26938420931.4563,50769730422.132416,2858650495.1140594,1027501694.5586395,184312077.53866577,536647135.26714325
2022-03-21,2980257434.9986267,2745208555.512333,3514276886.0344696,3011511377.6356506,1132852596.5208054,6249455073.844681,26867708650.01358,49912845334.824524,2900624588.675232,1025682346.553421,181111010.61950684,536347992.9136658
2022-03-22,2974633843.7060547,2708749599.959812,3467798227.3690796,3020975719.6115494,1128194953.405342,6195671999.614258,26555250676.286774,48982810406.52832,2905118224.969406,1011581263.4176636,174090434.0137024,529097111.62872314
2022-03-23,3048270044.7864914,2652084835.6485176,3477007088.5380554,3019457434.437771,1142633492.2369766,6099002864.752121,26383758895.87967,48014488207.10602,2920977476.9433594,1008443116.8430328,170148804.950737,523309529.9411011
2022-03-24,2954154905.2830505,2494565714.203472,3287600630.8650208,2897254105.8956337,1102075423.5113525,5803002848.789902,25158615799.480133,45079864686.077576,2852504301.76178,965499231.2859344,159996962.69781494,500147469.25193787
2022-03-25,2908221343.945389,2398724653.645458,3257952932.186966,2869725656.450615,1104828026.9036865,5670532282.122879,24840373491.31378,44218523336.230774,2905746261.5081406,966953148.637886,156055294.9017868,494661673.0315399
2022-03-28,2842361580.0299835,2316173910.7222557,3199712531.0086823,2780124132.5026703,1104401553.1137085,5519926553.326416,24542817550.42633,42701790668.91754,2849766890.3505325,970264509.8509979,153917014.55771637,481993343.8607025
2022-03-29,2804139507.145672,2247087194.9882317,3094136693.24646,2800634580.6015778,1000227274.3819809,5433018739.461517,24653738955.260315,41800420805.57297,2742772143.213997,944018184.1905975,149192490.90807343,468881729.15634155
2022-03-30,2794598015.2371597,2181717007.9730797,2992352393.1261444,2807206087.7072906,970590186.5446472,5401538465.37262,24690443811.770935,41099693485.60303,2657666523.2367325,881630648.1100464,148691566.00406647,462748240.58574677
2022-03-31,2828081039.186268,2145824502.5858688,2944185754.807968,2861325706.2371826,953734621.2586975,5374255527.891083,24690117616.52893,41530971563.71765,2648379904.7536087,852737106.411972,148948946.0195923,468233326.84562683
2022-04-01,2802709657.492218,2057127078.9987564,2855538824.6074677,2858363211.9218063,902444748.2596588,5332517233.610687,24388774493.95645,41116935145.753174,2626614646.49868,802108405.0047684,147626330.5195923,470416272.8909683
2022-04-04,2753698820.7029915,1963393494.5224762,2658712633.2149506,2824826909.897461,869918232.5896835,5173064003.089752,23794122236.76071,39680732532.1109,2562424815.1770782,757554187.168045,144428224.94180298,471528279.24884796
2022-04-05,2670323619.6123505,1885923248.5039902,2302379764.843521,2807704037.0289803,861675024.9371719,5007001439.994659,23070577996.117554,38033668472.97394,2534300626.807556,658120306.8130112,142005422.0205078,464043276.45332336
2022-04-06,2666810815.5988693,1813133057.2981834,2133338988.2518768,2920151760.87904,864719687.0474243,5062807293.222427,23565652700.08087,37933806134.845276,2549727041.4053345,570878980.2103043,150764344.11358643,462327742.23579407
2022-04-07,2629656937.6977158,1799298191.553421,2052774318.2271576,2908032007.680168,836467346.2690353,5097018276.381149,23547836850.754242,37706718339.06616,2522443598.95298,548428993.3686447,154267770.23573303,469309918.18675995
2022-04-08,2573391792.968025,1772127701.237278,2012263629.3920135,2913988730.1008224,846396600.8723068,5101257142.972031,23556311062.56714,37491076964.6405,2576221865.369377,539104981.5859985,156125332.70199585,473410751.6614151
2022-04-11,2508713953.6958313,1745004421.4446068,1983904737.971115,2854165102.7557564,838655310.7833099,5096430882.661362,23418776509.73175,37476748832.792816,2597056358.5165024,523447225.1148987,152897640.64518738,473589922.1337509
2022-04-12,2430771717.9206657,1722566977.650051,1942673485.807495,2793555068.7228394,849931064.0027618,5175459642.813034,23401520149.548645,37092063222.579956,2620199990.087471,502847986.37722015,150289890.59513092,474108847.6616287
2022-04-13,2226351076.181774,1644688118.3755112,1864607710.936966,2682739304.915657,817870814.326477,5083477829.946136,22694519470.665894,35670943626.970215,2564305028.2785797,504738315.29499054,145537440.81518555,466802760.62179565
2022-04-14,2141097812.7652931,1595544445.7767868,1871974724.3382263,2668740706.6460037,811475422.7222061,5088934457.190552,22770177364.38141,35562347552.134094,2632269896.2924194,498763352.8342056,146256311.55825043,470118017.4603653
2022-04-18,2039859310.8221817,1535408066.9792175,1828524784.3237305,2542030372.1227455,796464396.0777283,4933746140.142975,22275257229.3042,34695637216.20575,2411011936.8602753,503603500.1949692,145851292.17237854,463614328.0731964
2022-04-19,2001153368.1612396,1517572414.1062737,1847346175.8015442,2437598945.7840157,776184091.6269684,4891531031.327362,21970077643.233185,34477217644.22943,2398314696.1455536,507414850.83423615,145030990.57585144,478491663.4798813
2022-04-20,1946783375.4740524,1542589007.3932838,1825359005.7707214,2390319624.1459084,773908837.2291946,4845868429.153976,21957284166.647797,34262204101.584778,2441703404.236908,510541316.8038559,148223269.70539856,482966512.9014969
2022-04-21,1876430172.8507996,1574247033.5881233,1798957969.8768616,2395433152.8500175,762150120.0008011,4950817611.683044,21980867214.25064,34364544957.10953,2442729196.3043976,504130920.3543854,154836247.57343292,485471453.48766327
2022-04-22,1900591068.16885,1610338982.1246529,1780965874.9780273,2424141933.4049797,734720410.3604507,5083637395.651932,22351211977.63977,35651708376.79047,2448679321.3932037,500751057.6490021,170619965.5692749,491002871.4243698
2022-04-25,1949115992.6092339,1664914894.549961,1824559483.3914948,2420808904.331646,731736104.9335098,5220399767.364349,22976712235.390472,36424113523.807526,2439342862.619629,489271494.34085846,189318960.98025513,498709211.66748047
2022-04-26,1979043751.3181877,1707976472.3173714,1819768122.1613312,2431975757.9701424,715664897.6473618,5395096989.591904,23601069688.71704,36991808342.61322,2482354642.0554733,484091804.5995331,202986976.32061768,508232191.8677139
2022-04-27,1982550344.864521,1754226913.9827728,1804000258.5889435,2387649677.0487404,716271326.0004044,5433574578.900375,24085981099.891968,37508928415.74478,2449846942.330017,467354540.8406067,212863122.7011795,510393476.7485428
2022-04-28,1946563511.780796,1778185167.2962189,1784956478.936615,2342245076.4707375,717521735.613327,5513031977.232285,24445406195.926514,37913316628.971405,2445523359.010277,473711450.4589844,218378466.56277466,519492021.9333267
2022-04-29,1912891849.4150925,1838980201.827774,1764321546.7044067,2321385176.1226273,719588712.2080612,5613594960.392685,24665423267.648315,38148228644.645996,2466819315.0123215,457399871.89933777,229905051.97576904,527325664.6361542
2022-05-02,1905708796.4183998,1900583220.7129478,1771644736.1001587,2339790058.71994,722380444.2568588,5694870988.2634735,25496121782.300415,39341499328.23181,2480542567.4886703,456637729.18685913,238981390.47576904,547543826.1360168
2022-05-03,1892122278.7751198,1951859592.8009415,1770743043.5035706,2365871749.994278,724331635.0928879,5764658221.06987,25883664803.122406,40022198295.49988,2511356084.840355,444443833.21403503,251973019.97548676,549655188.3464813
2022-05-04,1910068092.0274353,2007852934.4020462,1765920068.1303406,2372509595.601902,733404685.9876251,5865730645.115509,26643690769.23233,41363306168.98346,2502889378.8931274,437973781.49391174,262315665.70182037,564653825.8898926
2022-05-05,1912412801.8383408,2025540011.595707,1797625597.6165771,2325136891.1774254,743788982.551918,5899588090.235062,27450729209.159393,42487785086.77521,2616565126.696434,436391638.9762497,279170749.7018204,578939228.4945679
2022-05-06,1958027161.8969154,2078612496.659317,1773227192.8736115,2309505977.0949936,773909191.5712738,6015968321.342926,28452950932.68814,43779986054.981995,2649236293.556595,438698759.9208069,297103331.3873291,593847983.0948257
2022-05-09,2023683787.6361847,2151443222.262726,1769400006.4958954,2293031543.211441,769626339.3090057,6224021114.418182,29040330128.54126,45029143126.48453,2637071517.5884247,439260185.6619644,315895433.4512787,600536904.3318176
2022-05-10,2053733428.538971,2246986280.411377,1771934997.2966766,2307987873.084774,772307108.8972473,6354850203.599167,29760919168.088074,45660879036.01288,2645702734.156189,441822040.0166702,323433916.143837,630282021.0968399
2022-05-11,2104844798.7942314,2298411757.301941,1740767884.5896149,2316533459.8249817,749043889.9669647,6560332428.131943,30552015721.09192,46554535339.28162,2696594079.3187714,434052015.13973236,331451714.6285019,642859926.0128403
2022-05-12,2167678442.2670555,2346743517.1177483,1759818616.9654083,2364360525.7640457,756776082.5322723,6781091395.42366,31231312415.249176,47321027799.69971,2739042783.152275,424047385.6487274,341949945.80836487,654380040.6822205
2022-05-13,2179893149.4657707,2385627054.6801186,1763353210.5239868,2370754532.971916,755952185.58918,6833632838.098679,31250142429.497986,47273961054.59015,2665536719.687462,411504933.3061981,344117156.2005234,664656908.6970901
2022-05-16,2181006867.685623,2389975843.2450676,1743684959.6691132,2405640419.864006,750222418.0583954,6862323870.99144,31144505883.368835,47394249905.26962,2623993904.081459,410123766.2780762,345404949.23618317,663929061.1349869
2022-05-17,2194032119.086609,2405734777.7482414,1683802839.199829,2437315366.8705177,738074666.9230652,6920162605.638962,31126604375.36377,47359763363.29056,2565268586.9060135,397518429.5210266,345515555.46063995,647241360.7396317
2022-05-18,2219457907.956085,2378717591.679554,1682804641.7528534,2498528250.360012,724487821.4179611,7024837418.57933,31165063523.767395,48167030820.579834,2508820293.954544,393382367.73880005,349934593.6394119,642123965.8160019
2022-05-19,2234885188.9039803,2381409748.668003,1685996514.1168976,2539823571.612873,706770246.6191483,7010447291.971359,31058630439.588623,48211772479.55353,2498534533.4140015,391233366.9560623,349381189.48638153,644703177.270813
2022-05-20,2213712392.5128174,2381672454.624386,1660122412.4359894,2622400277.5037193,709132499.7586441,7037070080.679169,31040356652.45331,47965034643.950195,2512677994.591675,389670908.39824677,344406430.2396469,639825589.826889
2022-05-23,2153802741.105156,2339630410.2869034,1592075599.4463348,2600309469.967003,696066441.883812,6918628613.979416,30316805191.45279,46976849403.6499,2460618380.2705,382987391.4936447,328651342.2632065,630844687.6358414
2022-05-24,2107672537.8641129,2275518897.240753,1571057640.3936005,2631500111.5715027,683459574.7796249,6781759018.369522,29710482703.2399,46634607409.34067,2438790097.135849,361176827.5302887,320953981.630867,626665476.9979477
2022-05-25,2061906001.9041824,2201948822.343693,1532918056.0059357,2689578194.986229,667241913.647995,6683575872.153397,28947418403.947754,45946977078.33084,2437215968.3169937,351820899.53170776,311707210.4923248,618455820.898323
2022-05-26,2074842816.4974976,2168132638.738117,1532329601.4165497,2795826369.574089,651795671.6682434,6568609796.8120575,28225591500.942383,45389706854.52042,2425713137.3039246,341045967.81173706,305305186.94709015,603169788.5531998
2022-05-27,2016173581.36755,2047820849.1938972,1497300470.5773163,2852427693.0900955,618370650.0715256,6429523222.710266,27830785449.728394,44222113454.465485,2349434354.2253876,327655397.08660126,292647219.5068817,582329839.540062
2022-05-31,2049774123.5259628,1987513980.1856613,1426423448.9910126,2947147884.5402336,598538559.6845627,6354645175.205231,26954523958.998108,42995019172.296906,2344478047.67807,341839149.7527695,283490464.52441406,557735769.4179916
2022-06-01,2039440473.7260437,1953906608.6753654,1423446359.2280579,3087872957.910099,587254135.6265259,6332055365.240097,26714306974.3219,42703133244.065094,2314677273.88546,350739667.5556946,274612134.0524368,545458727.5828552
2022-06-02,2014413592.6194763,1875607059.2282677,1380243690.5931854,3024416936.5563583,547316211.2587738,6198510506.614685,25758751055.10132,41350476724.21478,2234028508.697357,345444089.8748779,262620597.14801788,530316367.95681
2022-06-03,1971149493.4152985,1825483735.6247902,1315838178.2749176,2971216898.5060883,507574319.6467209,6001933615.852661,24310398156.00769,39365930362.84805,2071740736.562996,337733799.5422745,237014208.47824097,513133592.4253082
2022-06-06,1929527094.2081451,1730381460.2410889,1281152502.053833,2961629790.866108,473626235.8588028,5828433838.025436,22983140274.2218,37537339445.421295,2013985381.776123,324644790.30158997,216468681.07837677,496048832.4352646
2022-06-07,1890989745.5592537,1646114682.8018188,1221672614.3023682,2942897471.128292,455609031.4802933,5579605751.179428,22019856017.569275,35776705844.17679,1953199700.3429413,320616777.5157547,194945166.5015335,489032932.18284607
2022-06-08,1849586552.7438927,1544960309.4648361,1171713847.7966309,2873696821.452408,432683908.4554672,5326638878.604507,20776234275.696716,34530064749.98123,1842984500.9557724,323863382.19394684,184611085.3657837,458205738.23020935
2022-06-09,1815546265.7334137,1479158832.3970604,1132876442.4806976,2895708206.5668488,419104053.0551529,4995610999.0522,19596896491.528473,33526189571.06552,1746909830.4418945,326522720.5424881,171658519.38111877,439744548.4724426
2022-06-10,1767599846.4093971,1465487674.6209526,1181052994.7866821,2926455622.9619217,402060550.1706314,4877708224.900131,19091701743.99765,33654737306.606903,1720836718.62648,335829866.7614746,168565835.48414612,435053531.3440323
2022-06-13,1799892830.2345085,1515262168.153782,1183784797.6532745,3131844629.9284744,414888366.55426025,4890700910.282898,19127859381.19629,34688380643.98163,1792187979.9694824,348972243.421402,174363583.68415833,436054885.70999146
2022-06-14,1848676604.505291,1559661702.2688484,1183356141.727829,3213685549.1547966,433550328.3836365,4897361206.253662,19136913071.75522,35039058476.61438,1839297973.6500168,349618991.4608002,178101847.39170074,449393339.9322891
2022-06-15,1881726246.918583,1572184035.4489708,1205671631.4608002,3297074735.060997,459008007.7207184,4884376478.16803,19386930955.381012,35687957735.24841,1885286504.7983932,352130929.0025711,185215731.25907135,464280028.81614685
2022-06-16,1907089788.9312553,1608282578.512535,1218556071.5220642,3334051526.715393,479060121.52202606,4924079901.307373,19342646518.66501,35838628517.63718,1903354706.4299393,359405755.7717514,187975167.0267563,473464661.73461914
2022-06-17,1920004536.2734032,1620698717.680359,1191044659.717102,3315897762.755413,486660467.8345108,4959246646.623306,19321917569.42581,35954803800.99106,1897213859.8581314,379183378.2919693,185006078.6247177,476985250.25814056
2022-06-21,1876373072.8609085,1601993530.448265,1182312052.08786,3279685200.399227,504920807.97992706,4883739759.244156,18739977472.309723,34903569815.12421,1865180339.1988754,381953781.1158371,176484641.96161652,481348526.2836075
2022-06-22,1882355512.6416206,1614239983.8706017,1190802477.8820038,3300907017.5907707,521056292.36335754,4909260342.141495,18754319289.85016,35070270248.9267,1900712921.9159317,390791162.517128,176565039.5576172,486217774.84371185
2022-06-23,1877062328.8654518,1628783088.7156296,1187285522.3283386,3263777693.9299583,531236273.0620575,4904365992.422256,18524878646.385803,34791171606.80405,1882924309.7026443,399961159.6748352,174048638.44586182,485924357.5002289
2022-06-24,1883301886.3495064,1661012382.442398,1199756596.1327362,3202410270.4068947,534436834.2715454,4976554003.06633,18412301211.351776,34888580537.74536,1896941582.9648972,406003217.8690338,172267377.02708435,485445856.9821167
2022-06-27,1837126197.4258614,1656903408.1655884,1192483501.663437,3075796446.361599,542509799.3350983,4960632070.839462,18318223066.604767,34532650070.67688,1878834691.3123703,409050979.7813797,173236469.4988327,482440892.0895386
2022-06-28,1835046584.4817734,1668756927.1411896,1184524302.7109528,3023820045.395241,547639438.5165787,4951043535.82077,18162244042.187958,34432890475.58731,1887673233.6658096,416817187.44789124,175356738.4508438,479797685.3733063
2022-06-29,1758675338.2791138,1643434735.8609772,1171649963.4159088,2917166261.9018745,532896059.4408035,4862135580.04303,18040418000.33966,33747276210.99991,1809302946.9720078,404285530.790329,175051078.24059296,471426787.76916504
2022-06-30,1776621031.232605,1661751354.2041397,1188853464.4195557,2775672216.9742584,532166722.8789139,4867772395.283356,18151366973.686676,34085286302.952118,1858812564.318161,402524224.3689728,175053259.34011078,477089962.2261429
2022-07-01,1770293807.3692894,1667732493.6299515,1235610697.421112,2780931564.533825,804149591.9524002,4845605563.19458,18023795479.04785,33869471451.844635,1918425617.7544403,405230578.48960876,175091787.57349396,471962317.8695297
2022-07-05,1784066112.1021461,1687340792.0742798,1303600401.815796,2781443436.3607597,822257791.0292435,4883939811.27121,17981160966.223907,33951262168.527527,1925837922.4451447,429010467.65922546,175947718.11283875,471516115.00686646
2022-07-06,1765660806.4723778,1690278247.8817558,1367404631.7746735,2801755321.73048,822283384.4427872,4873693391.606293,18096888931.43341,34112934774.744568,1923822868.8044739,451557097.0651245,174958064.09806824,462463714.59617615
2022-07-07,1758562781.5791512,1679804572.1879768,1371246016.923294,2836234162.7998924,825991270.009346,4884840762.710114,18234255693.494568,34139666540.376587,1917323326.5384674,460793683.35395813,174657736.3070984,447213603.96095276
2022-07-08,1712367256.0145378,1652304695.598507,1364034618.2365417,2851290973.3349037,829285073.3956528,4864586756.133575,18522980030.03006,34224536541.505432,1935184116.6391373,461484749.02145386,174908005.84197235,442251847.6596451
2022-07-11,1705386567.751789,1619569297.122078,1358433696.5581512,2784508119.221821,823093732.0353317,4855459211.480179,18487451641.687317,33652709972.43866,1926049247.7044678,459974133.48270416,172928187.65128326,438310423.1749344
2022-07-12,1666344359.8740387,1566010544.8571014,1254554384.6587372,2677163079.955616,820001046.2026596,4734689146.892471,18057542026.732635,32331107038.925476,1910899682.1996307,455766770.0929642,164076594.28440094,427038099.8738098
2022-07-13,1613764802.8397179,1463920879.5843887,1210175948.297348,2462368501.550522,810912105.5073929,4621465781.858978,17821399316.34262,30834777436.019745,1839407691.5745544,441554591.32198334,155013695.3066635,416824845.53131104
2022-07-14,1581599242.454052,1425603043.5531044,1245543815.9746552,2439448819.5438004,801402468.1113052,4580014895.48233,17843669895.12787,30606362114.96414,1815172223.272667,440383925.37685394,149626897.2904663,401991070.9337616
2022-07-15,1534400943.606968,1397510446.4691353,1222629352.5387573,2375242805.5553436,774054513.2897568,4604787034.024124,17567395366.812897,29800661117.2377,1775431337.9221725,433586931.5996933,141680840.79319763,388601049.19834137
2022-07-18,1481060110.5471802,1358300229.9518967,1192533122.722168,2294704742.7186966,748060347.3168945,4452578559.932022,17325278199.84146,28618038988.16147,1728870670.8856583,431591461.19579315,132289007.79064941,372088279.67926025
2022-07-19,1425560609.252262,1312172422.9471588,1159383850.0654602,2243975733.122406,730661149.9282455,4341898541.614761,17021963566.399994,28150877060.343018,1670687961.746788,407531445.080986,129515475.79064941,357803436.1709595
2022-07-20,1429443632.1853256,1276051129.129181,1149431340.9362793,2359626800.873909,922084663.1766891,4289618445.9293365,17315848103.792267,28129640382.37961,1632219146.7056274,404224522.2249222,129704112.64477539,352236069.32502747
2022-07-21,1421681498.2184029,1246479850.5083847,1140238352.6894379,2407553985.0063705,904281915.5508804,4244155418.941574,17217453339.09729,27758325751.105194,1591156421.959877,398152935.31612396,128125819.52926636,348705514.5791626
2022-07-22,1387647388.2304573,1226464205.0775337,1130665827.3594666,2472002311.184082,898601641.8038559,4239783340.3363037,17260642784.76837,27689471618.55011,1580252538.8513947,404175093.05633545,125761856.50769806,339457225.05882263
2022-07-25,1350464483.065052,1187433239.359188,1108171737.841034,2438274048.9432144,889554368.0455399,4096089743.6842346,17015398260.083008,26882202454.4516,1617934863.9590073,400830207.60780334,127230765.65096283,334128516.8950653
2022-07-26,1341204343.0272102,1160669816.4283562,1080970632.7893066,2435838023.4296417,887183027.8117752,4054713410.2737427,16961905652.630157,26647381372.568054,1628555029.5077133,392875022.7277756,126238127.20077515,332619886.5155792
2022-07-27,1352514660.5313683,1166929151.4232254,1102284623.6396027,2428744512.736435,904669046.5795135,4031295157.4803925,17147051651.75766,26651061401.77475,1641557071.1484146,387302065.3046799,124626935.26045227,330996215.536232
2022-07-28,1359290369.1371536,1171886362.6908493,1107600619.7541046,2452553229.004345,915411147.5986862,4060354114.0729523,17187081340.363007,26890714983.080597,1662570263.797264,384809237.91606903,124842212.45317078,330279319.79480743
2022-07-29,1362262148.5808182,1138175427.1404266,1092420884.2845917,2425643582.278061,918664494.2127991,4000784604.9284363,16987477049.617767,26577944032.9599,1619612957.8525543,380379189.5737457,120508275.47833252,319397043.53782654
2022-08-01,1345212520.8794022,1122529001.949253,1035153200.3821564,2409705865.740185,677909880.6740952,4013045751.395874,16920423974.111938,26588418018.93509,1603748453.0110168,373725515.4462433,119911508.85455322,316520559.03591156
2022-08-02,1329826333.9715576,1089662490.8145332,966499187.2557831,2422730234.710064,690062369.2685318,3961962536.1428833,16801266413.531036,26340982545.95169,1610540486.351242,343913330.2943039,119656303.63781738,315745979.2430496
2022-08-03,1328521684.679985,1086850435.7928276,906666609.7436523,2403302563.754387,704570261.4502716,3925243811.7902374,16757356381.96167,26393943183.765106,1596888662.1038055,325961920.66287994,119472598.94699097,315130106.21959686
2022-08-04,1282879823.9985275,1083287351.122532,915436270.6201172,2347741372.853813,731914382.287674,3851671857.272949,16559314648.01529,26100546473.598785,1589441208.839569,317848682.02747345,119802541.46981812,315097505.9656143
2022-08-05,1296512191.015358,1090615908.808689,928015859.2486572,2351316637.7957535,761246279.7062683,3848330837.7288055,16542249551.754456,25880269344.087677,1613055878.527794,303746094.0758896,119710976.33565521,312616432.57556915
2022-08-08,1274313923.5027122,1082596576.019287,921939792.0532227,2328580818.379383,779374876.0527802,3871489148.9183044,16449341047.648773,25872122421.355743,1634965976.4605713,300670266.4977646,121690414.2863388,318709220.58330536
2022-08-09,1272190165.0102806,1069313110.3667831,905513904.4219971,2333461435.2477646,780283066.1441422,3841974524.4952393,16285250143.033295,25625083241.378326,1585071081.1810684,287598711.0126877,120771645.92375946,315900090.8263397
2022-08-10,1252364213.585205,1070216578.3290863,871185178.2923889,2314092681.468258,782679881.0487747,3827416876.2338257,16073066189.420013,25479677714.73648,1556036261.9574356,288798532.1092224,119191907.64737701,307832882.45887756
2022-08-11,1249261925.2598953,1036103456.039257,810862913.9601135,2272359730.5987167,796218547.2318649,3846534108.6013794,15907247661.320343,25057130639.934235,1579993143.587761,287167392.93174744,119934132.96311188,299754696.3261795
2022-08-12,1217568079.2886162,998674208.8797379,800169106.6156006,2180931976.6238785,797739779.4201279,3766096605.5313873,15658190249.16687,24862863550.23468,1560656532.4349594,285808734.2865372,118230790.22789764,294575417.34989166
2022-08-15,1203850744.288559,979875907.3242569,797461669.4628143,2140134421.2776184,799300411.4343643,3743605086.0459137,15439597986.18042,24817294161.543884,1527406185.0054169,281340348.03295135,115355055.43314362,290691104.53121185
2022-08-16,1183329840.9971237,947921674.9731827,802674379.4442749,2118665361.121025,800690259.030838,3717714864.8490143,15304321214.26239,24565191935.759583,1537041686.2639618,289443473.1347656,114415078.96735382,292081911.9375229
2022-08-17,1176836505.2745628,938869215.9841728,810542050.4037476,1957872375.4259872,593024167.6027298,3703673672.6813507,15069110626.093445,24506304833.841553,1561867799.8734665,291000751.7601013,114334379.49467468,291234359.5473099
2022-08-18,1166475456.0068893,926407756.4398193,793439929.8674011,1857565939.3432808,585737374.8970032,3689117393.639908,14917263209.954529,24273757082.060547,1541106882.082138,288284908.5833359,111327248.1120758,280703716.9263077
2022-08-19,1185971554.3923569,931764648.0251312,813872976.5911865,1841096763.7404823,580407734.879837,3728436531.0725403,14891044291.870728,24282678152.434692,1530358192.5382233,276788915.1557541,112855443.00113678,277984414.8334122
2022-08-22,1195464705.4397964,938921573.0607605,820153437.3484039,1888881754.5053673,585250624.7543335,3770990675.4792786,15080256551.299133,24799315883.55728,1455813299.125328,295727410.8055115,113987377.36483002,279446695.7770157
2022-08-23,1214333954.0000534,960455829.6027756,834779369.9409485,1916640709.5104027,598313503.3262634,3787843727.116394,14966358028.75763,24778097069.03763,1473354474.3066025,299172494.21173096,114285410.68091583,288876656.60266876
2022-08-24,1188407046.366024,934601488.7990379,814308691.1188507,1860860124.344921,579852125.2693176,3745643012.680588,14513797196.42517,24177158970.25467,1461338270.5355453,301895690.35346985,111660645.6700592,281449532.1784973
2022-08-25,1201866920.5920982,918746057.2034264,791832907.7399445,1791756456.0952759,583054365.515213,3681279330.395279,14276202565.191956,23766481825.80658,1481138396.3262177,296550662.9470062,108959584.29620361,273192164.8000717
2022-08-26,1178379228.1583214,902641474.5722961,784092415.5024719,1791556159.6990204,580366672.0258713,3704753382.531967,14426915789.100342,24047897055.552826,1488853563.0352783,291568955.70770264,115674548.09596252,272262005.8722687
2022-08-29,1156678411.6277885,890782879.689312,783639204.4808197,1777832900.5937958,555233209.3602371,3667902081.5670776,14431508628.843689,23932600208.34503,1465286216.835518,293603908.1654358,119113767.70233154,268778016.25255585
2022-08-30,1144787093.1811333,908176844.8616219,775653252.073288,1849907074.949379,532804866.766243,3710253237.420044,14436733414.350891,24322298748.32489,1444577606.1252213,301958496.97689056,121221461.64325714,263775895.25699615
2022-08-31,1148246017.9823112,950125000.632,782638184.509201,1855029669.575901,522572240.2283478,3732928860.0373077,14320893661.454163,24414112694.753876,1424279195.6380463,303719086.0615921,122551234.75603485,267141947.29122162
2022-09-01,1158489751.7806816,996800527.8866005,794988996.0085297,1893320541.301136,522404303.29696655,3864157054.518738,14551169711.751556,24997298877.15393,1473982179.1375732,300388566.7208481,127647654.52270508,274023868.8474655
2022-09-02,1169905458.539524,1029012033.5872841,786592348.4531403,1863546570.533924,502138593.94340515,3931077430.0977325,14636427886.222992,25736127993.34015,1438266321.4058304,303625294.6889496,132008358.8470459,276677763.536644
2022-09-06,1185862711.076336,1052705496.3614464,796290088.8265228,1888409324.6058464,501172351.51008606,3929746318.1041718,14764910189.634705,26100717240.410156,1463463589.915657,306087200.9054947,133232829.22856903,275182464.58644867
2022-09-07,1213053737.2395897,1079015398.7740898,801331365.601654,1893003768.1521606,515296593.9463806,3979342486.2976837,14868302285.84076,26562611679.457092,1501950129.8226929,322428014.0212631,139027104.3021927,275685191.9139862
2022-09-08,1260193074.974308,1076924353.0996895,803952598.06633,1855017140.5191803,507492417.1500397,4006635081.110916,14865943173.256836,26729468063.532104,1496422788.6109924,319812933.4586334,142840755.8021927,275929389.3501282
2022-09-09,1234027537.9961967,1105860624.8665047,798362268.1188202,1826963784.6784782,495194915.33851624,3991934039.648819,14981143922.157593,27023509733.71826,1453317288.5141754,319545619.1667938,140390546.0398941,283584069.50294495
2022-09-12,1262821879.2791748,1128158625.503006,791564407.7843475,1865826714.272747,494053125.71128845,3993586475.253525,15017368666.985016,27123635401.571808,1461335162.679634,321912203.7812042,143876061.138237,280046327.38716125
2022-09-13,1284671932.1671486,1153806303.702011,799915470.0857544,1947840391.603222,500513983.2318497,4122809613.7434387,15535676100.55191,28315708356.415863,1519231023.9230347,327518120.6887436,158479913.52902222,289834041.64424896
2022-09-14,1310967665.6453133,1165945646.3156128,812518842.8980255,1964446557.831936,502552225.94120026,4162681543.722687,15661008104.355927,28698377133.00461,1524943912.9949188,316470801.13838196,164465198.744812,294613007.495842
2022-09-15,1330289306.386242,1185233034.019184,868895877.932663,2012344372.5325584,493777286.78848267,4171112066.858444,15821685744.854279,29033389673.497772,1502999202.362442,316375352.02480316,167621851.94834137,304553832.76576996
2022-09-16,1389365930.8328629,1229273159.2769432,894656671.7588806,2120671706.260128,497414218.0521393,4347414670.238113,16276128560.575714,29930694456.40793,1537122313.771515,315900532.9848099,173184940.97029877,320964461.2717056
2022-09-19,1381771115.1051903,1223813509.8283958,871695819.5341492,2061773206.4223099,484181354.1773224,4311838368.131943,16209090733.383942,29924849070.62195,1509038981.2371445,315931021.7014694,176142960.60060883,326273738.0545807
2022-09-20,1396714215.3013802,1229162805.780468,881749935.5968475,2031240860.2148056,486636959.68135834,4292306371.354599,16148910990.79956,29815220687.5885,1550506995.6940079,298646144.7982025,178352456.61302948,333578197.6889801
2022-09-21,1442162409.6681976,1234427610.894413,906619766.6277313,2041590487.2463036,475387565.73799133,4354757660.1577,16693068903.37143,30772716619.679565,1572345702.8381348,299700740.12119293,184655566.1018753,336908927.6026535
2022-09-22,1470026639.3999481,1266445757.465477,926997107.7159882,2131064339.1729355,488090315.26420593,4480608154.6697235,16967272272.765045,31401973799.634094,1637130554.1561127,294749132.12337494,188586549.75261688,351957535.15254974
2022-09-23,1469057362.118969,1312165340.4380035,977030822.8298187,2223072617.871666,490793450.8875656,4663801591.982574,17378890433.64685,32531498361.705475,1638164778.554268,302771538.2329941,205545307.12647247,375224940.31398773
2022-09-26,1479995265.5436134,1362458627.933712,985238305.2567291,2239621273.3267593,499557921.87129974,4686605352.413788,17297688134.443512,32156341056.8898,1658620556.245613,309580063.1111717,209945418.96016693,390526707.87944794
2022-09-27,1515048254.1411018,1413118510.0418663,1001367988.9125824,2284171023.1126785,515915976.80179596,4844409828.004837,17516187743.404694,32781651270.49774,1739885061.152153,305591930.11060715,216061448.0186386,413489604.7839737
2022-09-28,1534738236.7524529,1433154947.1006584,1031825501.442337,2228442966.64299,532000966.79603577,4932142825.637131,17854346068.269806,33118946859.414062,1846664295.7390976,295583493.5498619,215087147.74293518,430560921.2257004
2022-09-29,1536781511.6171932,1422272946.6815758,1037364571.337204,2221494068.4202194,531944139.02770996,4986346378.09761,18202891909.517365,33645083697.896576,1866641868.7429428,288216280.14764786,221498693.81433868,443530842.5069809
2022-09-30,1547996631.6969967,1427488910.870533,1031863658.1160736,2229550171.867962,523921362.82203674,5041639349.300919,18381013883.924713,34778508079.966736,1877336509.218521,280717698.31041336,221167767.81581116,455785769.37137604
2022-10-03,1551576125.5194569,1446714150.9697914,1072564908.3486938,2304575460.555706,543694280.5996323,5078336342.087631,18268830731.518707,34492288814.99069,1937350969.2092896,284093543.6382103,219978574.6322174,472401875.6306076
2022-10-04,1550234820.3088284,1473906316.064949,1098537491.4789581,2354682892.335911,545608343.5902786,5191844760.73616,18373522385.065155,34936520744.395905,1884918402.5008774,288794692.91158676,219766798.64439392,477327851.99604034
2022-10-05,1531599143.8310146,1490943817.0513344,1109018319.6964264,2414605363.444252,550530718.1041718,5188265213.054886,18423578199.400482,35179044773.89984,1895585219.1924286,281024414.6775627,217636697.76428223,485378208.9392853
2022-10-06,1483983637.294798,1516963532.261715,1117991601.0752869,2442375302.205391,572818933.8350677,5155485935.558929,18339028162.849884,35107652028.53012,1888789350.2418518,277342917.5922966,217519706.76428223,498279656.05682373
2022-10-07,1495959871.4701366,1510155268.0631065,1126311371.064911,2451337273.0165863,568819920.7242203,5162517057.353973,18436644166.15921,35490448596.83182,1894926770.1444244,277268719.61393356,222700109.1629181,504449624.7826004
2022-10-10,1470454009.5653915,1513886792.307949,1137373796.601715,2467346216.696148,567150492.1725845,5141316435.995026,18527082979.170837,35444338623.87497,1893607291.1958694,276798007.39011765,224424298.64006042,514754557.483902
2022-10-11,1466788942.2822762,1507883901.1691093,1126808405.56427,2460453622.2719765,567959858.1874466,5070045095.468903,18241285165.79071,34728194484.06326,1934149993.3491135,263873505.79317093,217730418.72057343,519599261.1083603
2022-10-12,1468554423.4230804,1516532545.1870918,1109896338.4931183,2466444955.6744576,575653044.976387,5064360191.221313,18097591299.911194,34444511196.71585,1966188499.9863052,262733878.64339828,213325123.06085968,520727341.3984299
2022-10-13,1467190378.5472298,1575334998.2069016,1062622796.7060089,2470355542.183914,581583082.0399094,5216706873.487167,18653554504.19983,35388847233.964386,2048392008.4804535,257491609.04031754,214912159.38732147,523623992.01877594
2022-10-14,1403738335.336361,1559704131.9686508,1048833129.5446777,2409650601.959076,585553205.729866,5102648061.681442,18509822430.255356,35603323970.17136,2040921900.2457428,254500341.7014885,217293729.26506805,521451294.3021393
2022-10-17,1427659910.7585812,1590444355.426178,1038651960.8724976,2427907429.1077614,582144591.9913101,5116496331.071243,18611517786.965714,35874761898.47107,2069997168.046341,255884591.16743088,212553187.76506805,524095871.8178177
2022-10-18,1418498452.7309608,1597456449.9782944,1027379555.7458496,2441572010.748806,577917125.3569031,5215391112.054977,18813919597.16667,36178368851.49689,2049747688.044014,254836861.24738693,208387863.93924713,521473928.5538101
2022-10-19,1362608561.368494,1596440289.606018,1029122023.3776093,2426659678.6452866,578310898.4225082,5192806172.73735,18366713553.61595,35659708442.20062,2048100538.8022614,250092052.51981735,202501698.71723175,516839896.7418289
2022-10-20,1362058760.6015873,1596044971.2225914,1020617527.0233917,2422044092.31966,573484725.2791977,5135921587.45163,18304788366.516647,35601509570.11063,2020686266.612358,248925297.7799034,201133017.69987488,508880918.10482025
2022-10-21,1350937350.9379864,1607720077.67313,1000357446.5543365,2443632290.8865547,571894713.3161163,5189715842.644806,18345958978.235245,35793243543.37387,2101878614.7717285,235099759.19641495,189372802.83132935,497056738.5203552
2022-10-24,1350194244.1162777,1555926602.7932167,973949533.3885193,2409306810.4828835,563804572.1117401,5175825018.81546,18261975868.20366,35728578232.20886,2114754520.9963226,225157064.36668396,180739650.47427368,485303819.596405
2022-10-25,1323703238.7302303,1517099532.6171875,946206705.6891632,2390755230.720463,553925607.7693939,5123931216.430588,18145601588.85399,35300148242.85339,2092432824.3777847,219970301.9126892,171392539.4086914,471198152.5431061
2022-10-26,1302398291.6710186,1500363429.2298317,911241652.0430756,2398256378.6392784,545832767.2219467,5155454371.810074,17918234495.50316,35238655655.57236,2019435470.5823517,223766047.27989197,168930999.73266602,459680166.56311035
2022-10-27,1287448420.7038307,1476568569.3358803,890670252.1902466,2436111067.7210045,550594565.255928,5150878643.968582,17609343997.20665,34770824360.65201,2019230304.190712,219360466.77333832,160925279.83246613,448791020.7449341
2022-10-28,1280197621.782465,1431777544.1663742,873406361.4663696,2682922429.651451,536924257.6842117,5121375207.66777,17445276967.911453,34014938133.496857,1995342127.6409912,217038611.6965866,157201168.80812836,434345414.3508911
2022-10-31,1281891191.6075802,1407923191.3610458,837638038.9776611,2719077002.437954,510861753.53767395,5074663097.803726,17274748845.07698,34225019573.84903,1972872318.891449,210241709.31850433,153599562.68784332,422035134.5714569
2022-11-01,1276633970.0334454,1435616755.2045822,808484607.0475006,2701014355.0079346,504595966.7618561,4999824358.642349,16972132926.288376,33924350187.013702,1984873921.8214798,203561089.1557312,150740512.28414917,415950177.4347687
2022-11-02,1301418230.7108784,1440887219.560032,821107974.8739624,2709252288.9629364,499606909.6900177,5112124897.762833,17239863383.023758,34609474294.95148,1998296232.9711914,196195445.61027527,150387390.72062683,418180478.7010193
2022-11-03,1312689984.7069454,1428562161.1714745,816340637.3226929,2709662544.7021866,486734340.504303,5169251410.523682,17400207106.73935,34685054937.68219,2057440177.0602417,190746345.59654236,148191670.74301147,409645784.7732544
2022-11-04,1370539599.6893215,1463684333.4448051,836812178.564148,2728324357.688389,487207303.4964371,5176089901.808472,17474819651.328583,34677879817.25708,2088899236.4151764,187344991.79668427,142666100.52516174,406525068.6777115
2022-11-07,1384076109.4297981,1450994144.9040413,823794089.2701721,2693543222.0101166,488864946.4720154,5166182279.015427,17307485132.762604,34609762279.608,2080351107.1551514,182932867.43862152,135290448.65734863,404401626.0309601
2022-11-08,1370833753.7176323,1439420658.1503868,872710768.9743042,2676489413.8614655,485241882.5330353,5115640604.324036,17285970403.520355,34573979228.55942,2020162058.0630875,183506073.0436325,126963036.07134247,400106776.2390518
2022-11-09,1359615520.700531,1439418240.695591,889441524.7826385,2714836737.332344,475916785.5337906,5129070746.673737,17471432263.635864,34665131057.05261,1991296103.2235336,184476303.17123413,123790650.85822296,397449118.42639923
2022-11-10,1369598459.5322418,1402585703.938408,915822691.0621643,2774955839.8833084,490695092.5699997,5099147439.692535,17359817683.01422,34757478967.0697,2054228489.9018097,183420045.3421402,116388324.97682953,399795252.83153534
2022-11-11,1408389095.3421783,1402552560.227127,912001235.7668304,2731148235.454998,478297537.07424164,5120017855.0,17317859366.5757,34431201297.89154,2042084107.1139908,186453160.58441162,108095550.0442276,398007009.3951416
2022-11-14,1399385431.4745045,1381213893.3386993,929670677.19841,2745817843.30534,482377362.12581635,5122092353.195801,17239086345.175552,34156819452.512665,2019840822.9920578,184676558.2723236,104993672.9923172,400772402.9782486
2022-11-15,1481192330.3796387,1413515052.6372528,976810064.69841,2787837840.58239,494779704.5505142,5068994020.141754,17359652598.576736,34208075402.048492,2062207308.0548859,185523828.02452087,105902769.80571747,400999529.1088867
2022-11-16,1517659439.2891407,1420989658.4789658,944283812.6503754,2784935391.4169884,497335995.5774307,5065268411.022034,17339090953.685684,34098852637.746735,2081312255.1413345,186786767.43663788,103118934.62696075,394977492.46700287
2022-11-17,1546015506.4479542,1416657604.3956184,943763159.8975372,2751177467.0435524,499338146.1847305,5031304270.124817,17313995708.952866,33961310176.094513,2083632161.5802383,195388905.7452011,99372282.73916626,394646163.5038376
2022-11-18,1553534230.7743359,1372635753.7901688,925765336.0021973,2670744292.9276466,481641506.5232849,4896167424.7859955,17011345174.678421,33378502394.59427,1962005078.3828354,218779036.70783997,93091219.57176971,388471059.6730423
2022-11-21,1518529685.583582,1383122078.852234,928442762.3420715,2641736804.6917915,475192404.6278763,4836375006.372452,16693050429.569016,32800303397.51587,1904331388.495369,257114209.9092865,89291233.83772278,384915260.18665314
2022-11-22,1526596605.5333042,1369065146.9636345,927962186.8153381,2605640405.992279,472652661.73664093,4703564012.255325,16458476017.05864,32506004695.56656,1855740036.8869019,264755814.78652954,85913094.81608582,377690498.52767944
2022-11-23,1541616342.5031948,1336430463.7138748,927470804.3470764,2548473472.72192,467209336.7297363,4561280931.710892,16250822567.954025,31920944641.688232,1856103894.8991776,268039515.03616333,82979994.38558578,374098880.2130127
2022-11-25,1522235981.0921383,1315160001.725502,910916118.6309052,2430233559.3076134,442619873.40667725,4434996627.301254,15697767846.06865,31023465011.602173,1813087399.7096252,268925474.7784424,80489256.08773422,361531166.6216278
2022-11-28,1527017236.421318,1318396950.777645,908155947.9460907,2155740287.858982,437074805.5969238,4296148385.501938,15371535569.84047,30445501254.260254,1785188078.423233,288071484.1892624,78170370.47550583,359611751.3338852
2022-11-29,1547373787.1582031,1298893432.1595001,883162618.2697296,2059749831.2813377,432340888.4236908,4193308481.855545,15211384615.678177,29653331290.741425,1758966689.4918823,298522557.1758652,76436618.38418198,363706040.7174301
2022-11-30,1652615058.8738632,1310687081.2057304,888009158.6792755,2069493423.3448982,437818902.29602814,4203491314.667511,15665636787.085495,30895258065.121765,1781253547.0261002,294829676.77101135,76533577.87377548,373534552.18982697
2022-12-01,1667731723.4975815,1303746627.9079819,905453418.3699036,2049586570.044403,483072641.90265656,4076670147.820587,15369334742.370224,30110878774.527283,1920735483.6064148,300574232.6174927,73803633.06833267,367482598.10035706
2022-12-02,1692803095.220623,1351587536.1099625,907995317.9021454,2024377542.9586792,473600402.92167664,4034478081.3560486,15243773877.24533,30225658022.412415,1913787793.154602,307222969.31625366,71029811.65224838,364268203.68938446
2022-12-05,1687378236.6370964,1338557302.9496574,892499801.1667633,1997397025.128765,478990466.8803406,4036215202.006912,14813808823.613281,29841603761.271973,1910059081.0594559,310895786.3933945,70460139.30216599,366503306.59404755
2022-12-06,1680144285.1137352,1360562119.8433495,887665599.50737,1999591293.1334114,486329366.84783936,4017983742.53273,14937337531.513062,30068239302.41562,1952329619.3727875,324356719.89810944,71336296.27999496,366367323.43898773
2022-12-07,1701615149.1664696,1374941521.8140793,835924427.2036743,1958433136.1031914,490585616.47605896,3991506047.563095,14729958295.55008,29763055244.69513,2014250420.8419418,332225358.95843506,72062597.86600113,369498918.7262726
2022-12-08,1719436282.3534584,1374069026.5716171,814791560.3935242,1898291272.7386093,498611718.60752106,3945162474.3177032,14486090939.123383,29510789504.521942,2013576378.6116028,349093357.86361694,69668928.26519394,365073835.71647644
2022-12-09,1714719214.4569206,1366151117.384472,778910468.1539154,1760425651.8736649,476664650.5415344,3791815263.849716,13774066446.401672,28378158838.11783,1940013081.2052155,364373859.78126526,67324390.1270523,350897896.1598587
2022-12-12,1697459840.6342506,1351950227.6734543,769907809.8348236,1765946958.4418678,487060326.8508911,3731573388.0176544,13330326185.201416,28030128415.83084,1950652538.0337906,367060166.99726105,66236087.646347046,347760327.44693756
2022-12-13,1733239756.251583,1378676430.082264,775758669.0473175,1794404814.5518875,503843429.35684204,3832191716.67099,13697063801.836548,29046015451.691284,2003991471.9374084,372227367.0936203,67418870.19825745,351190409.8977661
2022-12-14,1708297471.3274956,1348987468.443966,741236623.2694244,1817265469.2883682,503292084.0107727,3878295104.0117645,13560588206.166382,29333585542.33902,1981319136.0460281,384978154.8692703,65813619.92490387,356335593.8348007
2022-12-15,1706298878.3797264,1358731784.843521,780278004.4116974,1851060497.0659065,496009315.0590515,3942776435.4065704,13698448540.52185,30226865087.80487,1951607523.7574768,388307355.6214142,68312823.31370926,360523481.7555237
2022-12-16,1692007739.4617271,1367333129.3457794,787586014.6271515,1864476523.117962,489895570.6944275,4083169699.216614,13841927328.918915,31025412590.803986,1942168767.1860504,386500844.9438095,70544422.21495819,373804870.38414
2022-12-19,1654288176.8187141,1375656979.647522,785183622.0707703,1842651635.33329,493852620.24089813,4055309223.568878,13679625917.821198,30725333097.391968,1997342729.2537308,370543113.84521484,72032130.20599747,373117639.43813324
2022-12-20,1649225851.6813278,1375471279.4937897,812570978.0214691,1884729677.4216843,492937363.19610596,4038898817.8305054,13801715705.029602,31117124335.79773,2059882981.5539932,334428619.7329712,73945820.65053558,383680396.26522064
2022-12-21,1633196328.501339,1383203776.8325424,820285428.1570435,1881223278.4706306,488332137.7957916,4084142354.0831757,13838049956.58844,31410457599.40796,2052057424.4297028,332633870.9075165,74503286.50505829,396084227.4738693
2022-12-22,1605328932.7936554,1406026272.776451,833606680.8174896,1870590876.4529228,475128153.23890686,4086776685.4113007,13971008694.125061,31925542263.49106,1999325437.2153091,324878506.1847687,78104444.60795212,403281320.94242096
2022-12-23,1605105575.304165,1410517333.0295563,846238968.3299255,1881904650.519867,482919203.9350128,4065539216.937256,14269442182.760315,32436469628.17932,2025514591.705284,329326420.8180618,79284376.2083168,410325162.2763443
2022-12-27,1603116196.8852425,1403934758.5663223,871495215.2837372,1853422729.320488,485152157.59407043,4026526897.2184753,14225326568.934326,32099063306.713867,2075730918.9993668,315621806.38816833,79262266.98469162,409926986.21139526
2022-12-28,1569695043.8756561,1394459891.1734009,880921223.3641815,1893132355.9552956,484228014.5692444,4065146531.927643,14337589158.790741,32392112014.21585,2077474496.8843079,303668365.39482117,79702339.4310875,405913557.5356293
2022-12-29,1431849096.0378456,1320816829.8476982,868999020.3803253,1865909134.8459816,470681540.7342148,4001526243.346405,13865287203.062592,30814971419.01764,2054188753.3903503,297349624.5993805,76687218.03846359,398688205.5871582
2022-12-30,1408935257.9164124,1322968522.25708,820907997.2723389,1782480557.7227783,415383493.1429672,3983115219.4288635,13619146490.739746,30870037024.784546,1900525409.0274048,294037390.15823364,74426388.65136337,397265332.8994751
2023-01-03,1386089151.49086,1288273247.7352905,845901589.720993,1784673452.5785828,419258905.5653763,3967601040.7652283,13401519103.288727,30580149425.100708,1898487280.6598663,293252729.6897125,73535467.91716385,403612197.916832
2023-01-04,1379080994.0813446,1290243268.7304878,866614052.3934174,1807275789.0997696,425672473.63651276,3938862781.668091,13440079689.52118,30687003390.29785,1903096503.0057907,288997606.91192627,71596981.44618988,406726444.03583527
2023-01-05,1368669392.9277039,1265834414.967842,876970094.0546417,1838340135.8856583,414392846.3725662,3921688752.144699,13279266435.538177,30621678632.767334,1868532121.0891342,278511138.7625885,70419697.02177429,411877456.436615
2023-01-06,1377780233.4539795,1251568486.2153053,907145119.2308044,1948045626.1759186,420445963.4346771,3961704564.284439,13373682436.056213,31321230739.377594,1849144321.008339,270890977.8713608,68919809.80913544,411025947.7737808
2023-01-09,1416085232.618904,1263327117.3155403,925056752.4513245,1986034412.6671982,419028547.4333954,3937344112.0358276,13386739140.639496,31547672711.996155,1884496244.8461914,254445822.94898987,68776029.98136902,417212251.75144196
2023-01-10,1395165888.552227,1244256844.6292305,918117926.2223816,2033113693.9295006,417724452.9502487,3911684990.9548187,13198109762.140808,31243712910.91461,1858083935.210495,238458593.39977264,68035047.14068222,429955747.2725296
2023-01-11,1400610872.1215248,1243112605.1280022,918547617.2819519,2063426940.9061813,426390741.63772583,3875007068.8332367,13298726563.15094,31114542719.14215,1866256530.8235168,235963813.81305695,67041664.31459427,432559907.301178
2023-01-12,1371845489.5054436,1216092415.7084084,922940509.6242523,2013701987.044201,417582741.479187,3804843594.5384216,12989118592.713776,30457624223.469696,1904865709.2629623,230133373.60569,64972708.275779724,429361385.8381653
2023-01-13,1323380246.085701,1201359040.4184341,942267225.2507782,1920670103.4888077,413471952.3400879,3723236252.5540924,12695814767.962646,29620170648.93921,1895696509.6508026,213997853.21201324,63541576.022605896,420708124.30107117
2023-01-17,1317416767.3311806,1205426623.8816452,931826717.5881195,1889771560.1665878,410663635.3803253,3641502235.207901,12376567769.716187,28629518085.68451,1864515990.964241,212018372.7219391,59992526.795726776,416164434.54956055
2023-01-18,1336792177.9475021,1248481973.9650726,934703059.6844482,1938654202.2587204,426402811.9794464,3526756261.67305,12111159676.77063,28298060647.99652,1935084345.4896545,207316252.04101562,59176710.83885956,409397494.19647217
2023-01-19,1360813260.386982,1260693237.3184013,962005427.1875763,2020560831.4206696,428006163.75305176,3530438053.1739044,12122610213.683472,28462544913.20587,1896184574.9880981,204299408.68541718,58243965.683963776,413653025.56518555
2023-01-20,1398508757.5590706,1287687602.0896912,947626921.741333,2034903131.3596344,448677824.04361725,3700816764.3312836,12287756173.12622,28846060713.137512,1871429167.111702,204740980.60482025,56611061.669433594,406378413.70967865
2023-01-23,1431129429.9466133,1314340315.1952362,961242566.6680145,2047318124.135933,448682040.7891846,3689461355.0523376,12413703827.105103,29015016625.270386,1859341498.619423,199475376.30672455,56073039.13305664,400691034.2604065
2023-01-24,1451345540.7731628,1293342151.4101791,955449459.7450256,2052243721.8816566,455040398.57120514,3684841800.9433746,12259885218.946533,28331528789.336853,1884818661.580429,197217368.9710617,51582196.90420151,391721871.24435425
2023-01-25,1476195045.4519844,1302076136.379242,993805950.0062561,2092429915.4166603,454371823.52931976,3750804007.9145813,12461293368.4375,28858856835.76294,1872023842.4653625,192753138.38806152,51462668.6186409,398014444.95155334
2023-01-26,1457559373.1300926,1296712958.6632156,988321007.3943329,2105489766.7967415,446693551.864357,3804313154.763794,12712012589.69223,29316080635.770874,1829102358.4853363,187063249.35279846,52239535.2162056,399067288.6122894
2023-01-27,1474284628.0643654,1299081190.6027794,1011810733.0431366,2095125349.8008537,457510146.6530609,3825642203.7998962,12930577635.072174,29364710440.66574,1809181139.0486908,188588902.8980255,53814351.43996048,400328750.6268692
2023-01-30,1500100985.913868,1292210254.835186,1021198206.7155457,2093830545.0587463,451682702.89016724,3803471530.078888,13034118373.91922,29558111071.301117,1789532875.3894424,189818265.8894348,54786033.64847183,399201053.0464554
2023-01-31,1515583688.9878273,1292313696.1813545,1050517300.3473663,2175654329.005909,451625541.1290741,3823621388.308258,13214401835.645294,29708932345.93979,1763328730.3508377,181851734.6068573,54865936.49183273,403212131.87034607
2023-02-01,1553010335.9411812,1307684091.525402,1054785692.8910065,2236376022.285404,511681274.3139267,3888380240.8421326,13661955628.477783,30338808808.4729,1770991273.2709122,182474537.4167633,56085789.754405975,420993398.2208252
2023-02-02,1537598110.4097176,1277685242.4386024,1068043529.7859955,2301624776.789131,503844686.9374466,3989978128.0295563,14308953839.719238,30787712816.252136,1766356183.846321,177448299.98447418,58642165.725379944,417071609.1321564
2023-02-03,1571908298.4956932,1285431464.0120697,1146632496.9739532,2319061858.4882927,513215657.43507385,4084102473.3366394,14869848201.09726,31259285904.39453,1795911957.7582169,181630502.07344055,59807311.86537552,414038528.82457733
2023-02-06,1558268350.7020187,1288932342.5980377,1155957875.1058197,2261660838.943157,507422056.76403046,4065936715.708008,14756888993.23883,30507578259.461823,1740399200.6222534,180748955.79933167,59890152.578014374,407199872.3264313
2023-02-07,1506108661.8131256,1279339819.3454933,1170364795.387497,2266763392.0456696,510208492.44220734,4163189260.336914,15179002273.32428,30941938292.20169,1725454170.0534058,183251335.98754883,60963793.28216171,409697374.850235
2023-02-08,1511865118.7531471,1279536092.4033737,1167477243.925705,2262453380.279541,519381565.01644135,4166612243.463974,15553719527.550201,31218048765.08087,1694841713.8494492,183706585.86624146,61634999.77474594,399386331.25385284
2023-02-09,1483693382.0588112,1259242368.98283,1184400391.1722565,2294930386.260433,520101335.2083206,4193769241.980667,15680641916.476288,31447153125.592194,1701780463.1184769,179899039.5527649,62704314.12174225,389137793.04611206
2023-02-10,1467904487.219448,1249947081.2591553,1148887185.4746246,2404622229.977131,517445636.6426468,4068708870.0083923,15587034090.535736,31116689975.02884,1626566058.1084824,180765710.9098053,63042941.771297455,379206531.58878326
2023-02-13,1444387329.2988205,1230583237.6143646,1116375231.4777374,2441316480.3886223,567431291.0370636,4015805825.4393005,15561608805.866394,31180397655.827026,1603884690.1708984,184015147.27783203,61102015.88050461,374812407.424469
2023-02-14,1407053893.5903358,1195962369.1366577,1104306088.8031006,2511182185.5570793,581841594.8429108,4017003489.258423,16024397100.381622,31732202322.17682,1609740065.9391403,176121352.7841568,61598613.62960434,376159613.2867813
2023-02-15,1361333537.9710388,1127384506.3426018,1102973613.4445953,2483771827.1993446,567996448.336792,3984386059.7616577,16026963383.948212,31085715965.089874,1510634717.5108337,171677760.87509155,59417742.12242508,367913693.44120026
2023-02-16,1352778757.614708,1095034770.5285072,1081665711.498413,2601900247.818413,664942585.1259232,3966763922.978668,16315955314.02481,30961878117.574615,1515250666.0190964,169852869.7289276,60014216.82222366,367704945.70762634
2023-02-17,1334564456.1236,1048959515.6467438,1071263124.9092102,2719675730.81131,645637674.7489548,3867975559.802246,16335677600.229645,30962203908.672943,1497492569.5375443,174036539.41036224,60491774.07470322,368166406.62181854
2023-02-21,1321803374.6541023,1016944662.8630638,1058401297.2883606,2933003940.9617615,674808614.9843216,3919069908.709488,16258415673.67279,30926948524.9205,1537359446.632576,176209945.3573227,62959357.69374466,367142495.51921844
2023-02-22,1321063030.6362152,1016139790.0543213,1051724087.0211792,3058504568.1861687,786901493.9998245,3968561972.8199005,16365264227.878723,31383659757.058258,1527804774.5621872,181752277.33638763,64538466.858177185,369288657.98534393
2023-02-23,1313763110.2055168,1051390377.0290375,1032027704.267807,3124428096.451988,804043832.5703049,3998630330.162277,16655854684.455872,31604092523.990784,1542742191.6088486,183156979.47063446,64926420.6619339,373302870.8485031
2023-02-24,1343351969.425888,1086343615.6995773,1034126387.2927094,3189339079.4893456,836896564.3353653,4050859567.865677,16977214919.109344,32255625988.678284,1564607291.2221909,186604051.15016937,66188202.88092804,376877842.92697906
2023-02-27,1314371451.6745186,1103205809.154358,1017993135.5847931,3201355553.4168434,828350237.6733398,4027336099.3431854,16863543331.507568,32459703492.179565,1572356828.415985,185555826.15016937,63750367.69593811,376646683.5071564
2023-02-28,1310523916.7806244,1146384460.7939148,1037757122.1286011,3203286239.971752,836976969.9771118,4038784455.9532166,16854783550.587921,32865612168.81714,1585681774.044876,183907624.44278717,62695929.08556366,385334315.8241272
2023-03-01,1299420119.2479134,1136409809.512558,1040411026.7740631,3213692027.9073906,850741745.5578613,4044337711.3160706,17012212605.799103,33060243561.262512,1605141537.1305084,187857200.42469025,62967377.66571045,389671363.2106781
2023-03-02,1251629666.9469833,1110651812.2849655,1001490685.3295135,3181791616.5972137,815944488.8552094,3956428480.270233,16786654711.026459,32686626907.87201,1589120989.0169525,181485151.06449127,61528226.03103638,370081013.9752197
2023-03-03,1201076145.056572,1135387889.9319649,982299157.1716309,3157852853.1882095,814299596.4909363,3870561312.8977966,16406391175.401917,32402546719.88983,1634268161.733818,191050493.41163635,59269910.239429474,365989091.87747955
2023-03-06,1168466835.4122162,1146479303.6434746,900291322.4401855,3136687382.9805183,807169507.7104187,3845114133.960495,16097701072.28714,31942576560.455475,1611856067.507515,189371782.7148056,57760838.083358765,359251692.59189606
2023-03-07,1156409659.978199,1170092292.4983788,895907862.3327637,3132380011.8423843,804661081.3610458,3907385152.1190643,16448442377.211914,32823511092.47284,1644406446.7233276,197752323.32790375,57915402.833358765,368269122.58880615
2023-03-08,1130515837.9918861,1173808086.1003113,884995758.2644653,3181725341.840744,801897705.0500488,3854851156.232834,16164693073.24524,32442925585.757904,1650749304.346695,195687685.41332245,57041925.96259308,366244403.3609009
2023-03-09,1129637577.9154396,1196284069.975834,896965816.8663025,3235110616.782551,828339869.7532654,3980945890.16037,16343459256.992493,33041997467.17758,1684587912.7441025,196711136.32175446,59730825.04294586,368694863.37387085
2023-03-10,1165093627.6688957,1259051447.7864838,970582384.7735596,3350041779.9887085,844301435.1410675,4379332258.405304,17011081922.924805,35002113370.52521,1793878029.5915985,198492230.7530594,73873878.57296371,393732959.0722656
2023-03-13,1176517410.5213356,1288651086.961174,1127619169.7101593,3384288534.577961,926310838.454361,4856584003.371429,17659475213.83728,36528616859.23691,1957146385.5030441,205628065.91617584,86236356.21222305,438908581.84200287
2023-03-14,1201028463.2044983,1306733027.516117,1181957980.7756805,3466382860.9881783,1059553959.4345856,5125388236.563416,18140535311.124573,38052021744.77753,2072126487.0629883,213645845.11333466,89540614.00913239,458663556.2060547
2023-03-15,1252167608.3709526,1375207520.2370644,1264939554.9938202,3545839326.1338997,1139609595.9253693,5376245884.820099,18402369673.26111,39527952948.451385,2211425262.742195,249341886.80578232,103848955.38395691,479083613.55133057
2023-03-16,1264227863.2636452,1431380085.3703117,1314686202.7005768,3600794911.6103745,1179231951.8572998,5643793130.625992,19225831660.866547,41022544180.83313,2341069381.812744,268105263.70393753,110001007.5880127,501650502.58636475
2023-03-17,1278326448.5800934,1461338298.7633324,1497882705.4109192,3494167393.935547,1117806208.633461,6023191317.225571,19687065627.361145,42161271562.651825,2433717961.307106,286602261.8463135,119640168.8069992,516039927.37407684
2023-03-20,1263300022.5227547,1490829510.569477,1565582061.5629578,3378877422.0550156,1133460644.0368652,6185379583.953476,19674044477.223053,42181757504.03946,2458602894.0294647,289813404.2396164,122282145.51821518,521685899.36992645
2023-03-21,1250480019.769516,1497161180.6928635,1627960885.2775574,3198816104.374275,1128229629.9101639,6243615953.0820465,19761519477.839355,42356840334.933014,2446030527.2556305,293871334.3516731,121393890.23978806,520689119.17381287
2023-03-22,1255096429.3539238,1506815364.7661018,1702917404.086914,3155414365.1561737,1047794027.1237564,6483167813.564758,20159196424.465942,42864073459.94202,2501715252.8672028,293345797.578907,123375196.27630234,532029520.088501
2023-03-23,1274381673.097515,1497075651.486454,1765282253.295517,3175053105.2559853,1049359716.8045425,6680758285.114899,20285011063.29895,43272553804.776,2549543972.8793716,294290716.1435318,126017311.7299614,530154186.289978
2023-03-24,1238500944.6106148,1505313367.942028,1795498436.4913177,3164679904.331131,1044440460.0098801,6855335404.626389,20094658273.485718,43267382933.17322,2565766815.14637,296931771.9710541,126750287.23525238,540270012.7451324
2023-03-27,1260312006.5018845,1515937739.6974945,1820393629.5731354,3135036824.5180893,1065101487.2817612,6980105020.00145,20150966849.30664,43146000429.37836,2604361120.156288,314821221.63490295,127491536.53232574,538102773.4036636
2023-03-28,1269015983.7688446,1491021738.3654022,1819884655.542984,3150003059.3348694,1103567185.7076645,7042137335.89241,20189311119.830475,42512634220.91751,2619324117.6398087,321874486.40441895,128249842.58721924,525572023.9405441
2023-03-29,1255727610.759678,1517247534.0667343,1809215525.2981567,3148104963.4954834,1127112967.6655579,7054388831.809158,20175226739.01947,42123669303.8031,2612599065.843849,321418993.2915878,127937932.14318848,522086474.47208405
2023-03-30,1263509401.018753,1521861628.028984,1834076201.8455505,3146997697.813816,1090984743.2152557,7115777822.655411,20308625016.31714,41857722083.08716,2574880401.1800003,326635171.0935211,127627915.5153656,519967115.4495621
2023-03-31,1291671933.0217361,1538101472.5279045,1847932816.4904022,3161421928.366585,1094773656.548195,7246684509.770279,20398722148.1987,42317971576.75995,2555462633.35392,317615261.7687988,127465220.5569725,525218793.0052185
2023-04-03,1280193497.8732872,1534484470.8054924,1896291870.5408478,3193106211.8686867,1110853802.9326248,7273317564.472427,20305084270.05005,42239388196.46103,2567134636.1821747,333031256.337471,127983109.07838058,537988110.7602692
2023-04-04,1272654211.786728,1502220594.9943352,1952211032.0275116,3213209822.976303,1119641124.5597076,7324599224.393845,20065714732.19757,41483287849.315796,2549206996.1483383,328450161.5713501,129167023.25446701,536495199.38804626
2023-04-05,1303728428.0828094,1488771114.3474197,2011466665.9946442,3164189492.868805,1125833001.4948654,7359272186.445465,20296849362.373657,41333124445.296936,2568384493.2681656,328913115.9795761,129961698.82578659,540348749.7994232
2023-04-06,1273767482.2351456,1452327856.4548683,2025948344.47258,3115614429.8895073,1091832543.3504868,7288111785.639496,20004443001.800537,40489261858.2782,2550475241.9529724,330817558.243103,126668016.16026688,543994333.3707428
2023-04-10,1224465206.8000412,1396359697.6641273,1965258659.6881104,2959381675.9213257,1070768446.7679977,6890972035.349121,19314539876.993256,38249367517.761536,2437397993.6156845,330843291.94244385,111744418.60881424,522069531.21479034
2023-04-11,1191530810.2162552,1350386853.9069176,1838645770.4927063,2813152812.4372673,990185661.8613815,6461071483.259811,18552894607.031097,36508267099.01489,2264820294.76532,325758421.94137573,98026861.23576355,481766008.26717377
2023-04-12,1183096204.2280197,1337599079.6715736,1843666205.8462524,2740625180.4310417,808553927.9061127,6275420686.34903,18445408045.260925,35396030153.73657,2186415916.602478,321926350.96248627,96301468.85617447,471985075.66425323
2023-04-13,1144510942.0296478,1264311662.796402,1847427286.3713837,2793628209.4033623,874312316.2324524,6021951615.510712,18075864880.243378,33879188767.623596,2079665089.307518,290692435.5737114,81577431.3840828,449122367.60440826
2023-04-14,1123742243.2959366,1209996713.3068466,1875010135.1351929,2737383169.65641,835336202.745781,5831296506.071396,17479460220.309753,32713462660.721283,1972674156.9388962,276773637.61522293,75380287.18494034,430236325.43159485
2023-04-17,1102190113.659153,1194990535.177765,1722327796.6190338,2652956142.0885086,805973303.0472565,5445393023.629608,16806926692.570343,31402631090.261383,1883530700.8936691,260741690.4377365,64779027.46595383,417098579.6645355
2023-04-18,1096972918.3720589,1166970471.9574738,1688472005.6380463,2624006664.3520164,793092548.6166,5257914486.135864,16692160685.03479,30907711864.308624,1844043125.7380295,249817913.43746185,60471325.83037567,409997114.7078705
2023-04-19,1095384693.6680412,1144320036.348877,1660000518.2337952,2591221260.7486534,770522160.8572006,5131596060.122833,16543728795.12497,30253197687.059174,1830568882.9829407,250195256.93098068,58533493.62432861,405517620.9686661
2023-04-20,1078206954.8397827,1134965797.2306442,1604087469.0625,2516294594.5879745,743562417.3571396,4843444812.502441,16374622547.99469,29649471648.303986,1783567802.91893,251159460.1577568,55085042.78147888,394052518.5324478
2023-04-21,1055239302.6661491,1110046900.7030869,1597268721.995926,2452986011.165104,738078156.7612839,4674379531.508179,16157752143.442078,28850592226.26175,1734876370.3630066,252058694.6666336,51674302.32915115,391466739.89154816
2023-04-24,1041034363.4319687,1066745667.749176,1589095814.753952,2395785519.452915,720210977.0896912,4433332622.212448,15968029593.837433,28079368560.15503,1703121128.7398148,247380017.03697205,48469176.5170517,375713798.8667679
2023-04-25,1030783671.3917542,1035433874.9398994,1604592649.5606232,2409701940.385418,742132715.6542969,4390453937.683945,16075031312.30423,28576404671.503143,1704407173.2175446,227120768.283844,52828193.90496826,376877973.6078644
2023-04-26,1032790273.0947876,1027337722.6358223,1623479057.056656,2398517335.36417,709939033.3668518,4402097028.735123,16190653751.287994,28943900943.362427,1714032005.2148056,232330039.37438965,54592282.459724426,380472089.47792053
2023-04-27,1016904313.2672882,983546659.1640663,1662008107.611618,2385718238.743229,673635727.5017929,4465652309.952087,16401708522.874756,29291231569.724884,1730351017.6839828,233070429.94052887,55053499.02293396,381314107.75325775
2023-04-28,997344127.5746918,970529060.5046654,1665347804.2632294,2376893264.9931145,693282328.4167862,4509384702.781906,16442904325.986023,29723324494.983368,1790464183.006401,232580783.3908081,55845967.069122314,383621594.12685394
2023-05-01,961666044.2464066,959817397.2057915,1665596416.4128876,2325459026.2636185,741939725.0777435,4400689531.911774,16112736538.819885,28760377679.906006,1819546156.5166855,233288920.6059265,56163370.97093582,378693030.20915985
2023-05-02,968687744.235115,934984577.0879936,1718292430.0395966,2311919883.11182,747925864.337883,4501109785.91835,16258170150.9198,29481805972.00363,1873891875.619316,224456964.36281204,60974709.18326187,370689678.7150955
2023-05-03,944656250.4159355,931051762.9819679,1694187084.6199799,2271780380.1807785,760465648.165245,4577310310.431747,16472259618.358765,29967902277.03125,1899583164.6042252,248522698.2012558,63091178.507175446,374935314.5781326
2023-05-04,932626566.5501595,935504315.5484772,1721446641.6994476,2295397563.1625366,786224988.0939865,4688841114.918289,16277976253.751373,30537659779.305878,1906342364.8036194,253101127.71392822,66175699.90388107,375617995.7629013
2023-05-05,925294726.9499779,928226514.4861221,1776692059.5722961,2282963888.360405,817219938.054924,4765876523.133087,16366599097.128754,31026391330.8078,1897693014.67247,257938716.22379303,66580924.15388107,366884762.6391983
2023-05-08,924274009.9914932,911809087.5725174,1774396481.8683624,2249967247.76495,821583976.563034,4762985628.590851,16241785104.49524,30765889787.429504,1901690684.2345428,258976861.2846756,66400994.12174606,370186187.8149414
2023-05-09,913095757.2605324,924295462.2716904,1785309851.5529633,2227654841.0552216,829729865.1163483,4755754603.791504,16121505257.658081,30570586785.21591,1923004638.1575012,265998478.58657837,66814436.12004089,368837340.30052185
2023-05-10,898415445.1226807,927326242.9579926,1780344370.5321503,2209229800.125904,847908512.3816681,4756109536.330032,16121040832.845001,30783130124.80484,1931296929.329605,258435697.436409,66548714.12004089,370394245.8203125
2023-05-11,907767042.8255653,936157069.8331451,1724119283.8370514,1989017054.0917587,698194783.4260559,4772263210.417557,15974433344.694061,30467921059.766083,1917150694.150467,261140052.26055145,66662952.77915192,374970839.4471741
2023-05-12,917216634.7558212,941379431.6151428,1666646921.3168335,1938021114.305153,698985524.8791504,4690435559.3701935,15867133494.169159,30312955440.13031,1891032069.4879532,262346073.77895355,69001400.12380981,368731495.1995468
2023-05-15,921419498.4398079,919642414.2664337,1649021269.0250397,1917192842.6953125,693876027.4727631,4704164809.7795105,15729452770.71701,30069224132.05841,1893228025.4499435,267007376.43165588,68170906.37380981,362498306.1510849
2023-05-16,922080870.2171516,917978587.2977448,1661984883.700943,1955837796.4918327,703454490.5389786,4708955087.112427,15640478771.596222,29941878085.67627,1952677588.6427689,268026626.7760849,68552307.74541473,366220306.9691849
2023-05-17,919044885.2364922,959472112.0562363,1662496798.329239,1990847868.4957504,707516894.9504471,4867391532.921143,15802749908.202362,30583639267.04956,1975413241.895752,269290994.397316,68909641.88414764,370211966.9183731
2023-05-18,919561119.6089745,953494064.051094,1688748832.425766,1987149002.37854,728572628.2302094,4953474922.398682,15896078681.047821,31039677721.9812,2013923452.2808075,265499723.977623,68936240.4404831,367736998.5889816
2023-05-19,919911164.3929863,959827230.0513077,1667637228.4183502,1995687462.552147,758780313.6442566,5022381824.68338,15995853272.273102,31671766642.17575,2073098490.224228,264519721.1875534,70297185.97400665,366116608.3372879
2023-05-22,938943320.3430748,957302908.8220978,1635194268.5047913,2026963184.438305,766692112.8416443,5112534865.020142,16025713828.92334,31618698094.942932,2083498285.3691483,263113083.67500305,70269730.72021103,370067318.8282776
2023-05-23,962447290.8415794,978715999.3442535,1614890412.4311829,2019442729.8249245,744453526.8878937,5151474294.901276,15945545053.926392,31430063950.348206,2077390069.8976135,266522595.18253326,67694864.33028793,370984910.2970886
2023-05-24,937660878.7077141,993248335.8658028,1600366313.7006378,2031444631.6606712,750487636.942215,5144301156.266174,16121237704.181824,31629004215.354004,2068049102.316513,260316764.3001938,67141992.27135849,369771327.46074677
2023-05-25,945843187.4086761,1001035892.0075798,1578578697.1448517,1973958252.9195404,778456225.7604218,5168380618.611984,16207314567.638855,31599064051.85486,2074175401.4852142,265111096.64470673,67334627.22956848,363065983.11950684
2023-05-26,950141204.9151611,981388137.2439384,1569348189.7892761,1941009960.0679398,772649408.6278915,5152285286.338272,16339361621.942749,31705248704.370422,2024107261.9964218,261789070.972023,66492958.811203,354737868.9081955
2023-05-30,965355515.9646797,945518027.1868324,1540436666.40419,1908823446.3054848,730481108.7762833,5136944000.818787,16938696029.695435,31922712526.678314,1980683637.9132843,272078246.7778015,66931385.244018555,352801140.47771454
2023-05-31,985829252.587719,1006988568.5624695,1480258217.1800995,1921357845.271511,739860436.8625641,5088723463.467789,17164678107.386475,32094329242.00775,1948761693.0789948,263723835.04291534,61732426.67008972,349795437.0521164
2023-06-01,1011321435.7762718,1056547822.9611588,1442059562.9351807,1949906509.7420883,776905352.050705,4964935240.194855,17104439105.138855,32100963229.552917,1933883941.1250305,238392353.71896744,58961177.33026123,337108307.6491165
2023-06-02,1056614900.742321,1060586516.2190628,1386346753.1897736,1965724004.5933342,756186812.3812866,5057234698.243103,17254064115.737,32133380982.680206,1903786833.0313873,245478559.30765152,56219266.70543289,329595869.8558426
2023-06-05,1054357635.4115105,1082146568.8759232,1321462649.115448,1942559953.9675713,733285431.1793518,5057423875.297546,17256375577.349396,31734630755.829315,1898947031.6083145,240393947.00906754,55851119.67974472,327045794.0721512
2023-06-06,1083756578.9297676,1115240445.7588959,1309734018.5643005,1957324839.8188972,719592321.251831,5391895497.74704,17397875049.279938,32058435456.95877,1870083725.9259796,237489737.20769882,57943048.84550476,326367368.8385391
2023-06-07,1133745733.5502052,1160837581.3118744,1324309754.230957,1990329436.740799,722841230.3782654,5761012880.341797,18081448016.010742,32835418781.144104,1895424452.5349426,229965843.74570847,60051777.97026062,324109232.72937775
2023-06-08,1142885608.1452942,1166301032.1805573,1294027563.7406921,1986320937.7979088,704078318.904419,5839766038.01712,17934164532.411346,32206402133.549805,1898002115.2660751,248547472.88488388,59063971.235580444,312361470.1559067
2023-06-09,1121694792.789898,1167463173.4183502,1256738017.9075623,1992177673.9289856,705222530.5453491,5894217328.165894,18150811918.391876,32587791037.710876,1908972183.0147934,246377462.33606339,58922323.42463684,305334208.1196213
2023-06-12,1110287286.8466377,1167440132.5105667,1234857744.6125793,2002401965.0969696,705405491.6666031,5962933065.824509,18167403235.038147,32779976885.631714,1929510044.762268,251771458.70048523,56269675.22641373,308258380.88638306
2023-06-13,1123686668.4696388,1190736532.4903488,1229484286.8891907,2064171089.3844795,725219670.3853607,6082703646.637039,18650029359.75525,33713582494.554596,1953948979.8305511,247326971.5884781,56334254.8357048,309253325.288887
2023-06-14,1150577894.2896843,1204549813.7617874,1202971614.7555542,2040943520.6912804,726730196.6577911,6214942508.335342,19255940936.870728,34688385130.32028,1952485846.8559265,256010012.13867188,56643992.501981735,308816546.484375
2023-06-15,1175891565.779171,1182970942.488861,1195416677.6361847,2055315179.5535278,728273553.6777496,6220957501.437759,19776929908.292694,35291927004.19174,1973039981.388092,253122807.23861694,56050862.651117325,308774828.7940979
2023-06-16,1197363483.3736992,1215012932.974472,1195019918.843155,2114257265.9109497,715279298.2609558,6416146751.909485,20175416905.388184,35753514107.244415,1934587076.455536,254697538.69743347,55958097.188669205,311463825.48469543
2023-06-20,1243207970.0429535,1218047459.3509674,1185732746.6005707,2102775633.6419487,682774754.6712875,6422536301.4136505,20046062537.973022,35272135231.01959,1883763436.1128616,254135614.89562988,54433279.92543602,308440955.81443787
2023-06-21,1226859186.9641304,1215504152.7051544,1201597933.01857,2118378900.6723976,674452313.2701111,6454463662.0612335,20282612729.64981,35664106543.48343,1884625208.240242,257742343.53294373,54272337.46129799,308233251.8409729
2023-06-22,1190700495.1039886,1190272495.097084,1214000068.009262,2116279059.0244865,656195527.6840591,6414618414.323883,20350393732.653656,35432683175.242615,1894576835.6625748,258796856.40338898,51440436.351221085,307270358.02108765
2023-06-23,1182718779.1093636,1172151885.1568031,1201037928.4596252,2104536785.3733826,641836111.7253494,6612824165.788269,20198408335.80658,35593978312.67517,1917208003.958168,253933749.69104767,51976085.17131233,304284005.02628326
2023-06-26,1165769610.5589676,1158495937.3355675,1167454790.1804352,2150752433.915844,604502360.90168,6584207442.18811,20009754295.49362,35297317568.204346,1876907223.8000488,246619692.53484726,51806666.622571945,299411383.20415497
2023-06-27,1161126933.3078384,1158410045.8078957,1159523939.1784668,2176866501.143627,593074023.4664536,6586243509.034653,19816226425.01129,34935779594.325714,1883549661.4529037,247669524.60796356,51802837.57923317,302176249.9253464
2023-06-28,1155384942.6753426,1144008925.2493858,1166871047.067337,2203503026.021023,581609590.130806,6576443847.909622,19401389367.537537,35069469244.4783,1888560940.2505112,235295474.9100685,50709420.773591995,303743444.81098175
2023-06-29,1134557763.5430145,1062518545.9336853,1150168192.5487518,2199992257.4352074,569920868.6187744,6575681584.174042,19114655872.65869,34279894808.2843,1965018195.0753403,229317538.15307617,51137642.98036766,305898846.76769257
2023-06-30,1118564174.4220352,1061025186.0891342,1140323894.0755463,2180941579.0753746,522413014.9479675,6614395687.991486,19308345086.458282,34722197442.88513,2014613842.4724197,227916713.17207336,49814202.65916252,313153614.6231079
2023-07-03,1049161143.288765,1044415494.5642471,1097789616.6934204,2066491760.8032799,509555408.66031647,6301410533.336487,18733056382.86972,33545650439.809875,2000847045.5080414,209532723.95549774,47457541.8405838,308357031.04499817
2023-07-05,1047560775.1760101,1038266243.6230469,1095680429.434204,2109855823.8946342,525980873.6841202,6219536173.218765,18536900733.11554,33450869394.493713,2061874157.2413254,209388622.53368378,47293259.44904518,315942200.1817322
2023-07-06,1048178306.9680595,1036064803.8069916,1095901078.8171387,2199778743.916054,548056694.5279312,6044599789.141922,18707736690.363464,33843946749.86969,2179284056.8749237,208835786.45561218,52291276.0469265,319783983.4460449
2023-07-07,1006356856.0471344,995624182.5370789,1060690807.8752899,2230510997.1156693,540391114.545021,5778856561.041412,18371013687.19879,33915861558.042603,2193957457.4739075,206613504.15431976,52202927.892463684,327535235.744133
2023-07-10,997564936.8943787,974868065.5441284,1032017003.9128876,2266967393.1591797,543202590.1340103,5740612761.770554,18426958608.154144,33962417379.994812,2194838945.0331497,187417076.0591507,53170329.45719147,330619728.96274567
2023-07-11,992734826.6217041,966508926.3035202,1017449209.5528412,2282883982.3485565,542386503.1444168,5715483103.654709,18192886565.418396,33567338953.747864,2185644810.986519,184727694.9647522,54407915.09272385,334298711.8001175
2023-07-12,1061393412.6866341,968416299.2752838,1037350519.6871185,2322512180.2085876,555146717.9797363,5848714426.921692,18539214423.66623,33957915218.92212,2242186281.5298843,177037250.98077774,56650711.60821533,339925000.7519531
2023-07-13,1080159280.264721,953227637.5459671,1032277953.2144928,2307357648.0007744,557964630.9550095,5743974590.300903,18396306950.019684,33516625091.12961,2272639506.550026,178711340.07600784,56909024.3187561,345843204.18857574
2023-07-14,1059478918.0274582,938089815.5172348,1019692512.448349,2318497082.2844887,557117929.8847961,5708603932.419586,18175196178.349762,32916621876.233063,2225011606.3780594,171913061.98137283,57017679.678972244,348832284.6835327
2023-07-17,1039388406.158905,942531082.2980881,996093423.4075165,2276647494.5925713,544980037.1517944,5596050152.424164,17651002900.246277,31717713766.586456,2192541722.0869827,168581570.61647415,57372140.32803154,352963469.3702698
2023-07-18,1019004700.5869484,914537112.9026413,992007340.3627777,2210324653.194256,532388421.3495636,5410668354.623642,17237239846.05011,31065848735.284576,2186082913.6515427,167668790.92676163,58154085.32210159,353500220.04348755
2023-07-19,975841178.8920212,896545910.216217,959766521.10466,2195662819.915428,530617636.70036316,5338317448.694305,17375218661.64673,30906796462.53311,2231585461.944046,166823533.2747841,59471545.742673874,360062506.3851929
2023-07-20,995969962.1571922,909046544.20784,945054116.5796661,2157333187.6270294,549337975.4518127,5321210611.721268,17757894212.54669,30831527540.55664,2397295481.454544,164872045.95998764,60818647.75382042,364668332.55111694
2023-07-21,994353185.3815842,906675227.4336624,909486563.6043549,2178004959.5199203,551313653.7596512,5353755285.453644,18018084905.59082,30898751334.49951,2383631763.0633163,163083558.70157242,63348029.421777725,364665810.895195
2023-07-24,1036016087.1032906,886874862.6740646,900832045.0977325,2139451359.4040298,565598838.9852905,5071982083.547211,17893052850.85617,30159335061.664124,2357970269.0815735,164104910.51797867,62411733.42707634,370000170.0168991
2023-07-25,1064761700.3622246,875766965.9895325,909376950.2316284,2122472098.6111832,570203937.8549957,4975498307.010269,17690974737.08954,29856696152.746277,2375881306.872673,165892952.5441742,62783360.99937439,377343594.6336365
2023-07-26,1091939506.2600708,881330083.8378143,921068348.5064697,2128646626.968422,570668588.3986664,4913685274.505005,17680585657.037354,29885894418.122253,2379970814.9715805,162783728.2972145,65118124.21415329,391716260.40592194
2023-07-27,1123772732.3560333,894089484.7823715,937560568.1694031,2169980068.989105,584190733.1812286,4999103031.467972,18031005969.51538,30305466662.294617,2467610880.3565598,161543494.06845093,72949529.34357643,404750471.17061615
2023-07-28,1148638956.6662598,925968042.0532227,911611841.69281,2127193562.8129578,573379718.8554764,4915389615.627899,18278235594.935608,30633941225.470734,2404456205.3199387,161585329.98893738,75862455.55067062,405081685.39836884
2023-07-31,1160344429.2147446,879082751.3234329,904477988.8480377,2112326457.4446106,568431600.4943466,4873770846.1935425,18042353322.71988,29760766741.358795,2385925835.4338455,159198022.06905365,76655811.86997414,406890818.4842682
2023-08-01,1198422875.8000946,890909000.5205154,924320059.8432922,2180235604.3862915,581189862.7702332,5008864215.121765,18461129960.637512,30275514583.350067,2465545926.383934,160731019.6385193,79184470.91647148,410824148.51768494
2023-08-02,1236062652.42342,894047183.975296,931005433.6126709,2179606796.0483932,571709229.1259766,5057261652.042618,19171385698.878174,31065274822.694855,2503632505.2441406,162477264.17785645,86218999.63533401,404754672.05963135
2023-08-03,1209626075.8579063,880015453.3500671,927118886.2828827,2112922181.4105797,579029719.128685,4940495511.165085,19155365334.924927,30746749164.464417,2570918217.7330017,165519336.69914246,84709334.7693634,407843292.7270889
2023-08-04,1225368352.0817375,872299258.8483429,928649060.7917786,2099709953.4556007,594673040.7362747,4891657667.749481,19435162859.830475,31082225760.691833,2623845478.515091,163791287.2039032,88569660.70818901,405017838.5551071
2023-08-07,1221088454.6154404,884460540.5934143,939511096.8191528,2018588300.9576988,583518170.9630966,4811421179.640121,19248445625.941315,31026753118.20526,2667540238.052635,162626744.86343384,92221960.3781414,405204400.8475113
2023-08-08,1226800398.659153,889192568.3285904,969266436.8611908,2021227742.4178505,579626140.7917404,4804838919.462509,19374689959.73282,31195382964.458923,2680123688.6759567,170384295.8416748,99962305.06577492,404207928.38840485
2023-08-09,1163300952.2505379,875698576.7843628,946327443.5781097,1973328871.6946602,566805349.9725342,4639370867.993698,19164031060.754547,30912157972.400818,2624725052.966423,177985025.8588791,106442876.41709328,394772262.8196335
2023-08-10,1127903566.3511848,888226840.7699966,957820540.6828308,2003551785.1910973,560422446.9575882,4690205884.619827,19593856479.235687,31341477714.889374,2636435783.822136,178295640.84415436,117456373.90223503,391799359.98168945
2023-08-11,1136374631.104889,894836537.9099655,955897695.2709961,1963525131.2177086,553026297.4164581,4593415050.550156,19443157096.334076,31305121814.61548,2666339351.276474,181846299.09763336,123521678.5532093,383836862.686882
2023-08-14,1133845892.1332932,874083336.5567398,1002788195.91156,1962530621.0424805,565501327.2702789,4563183889.55368,19441500709.71466,31194307854.84314,2662476957.286911,187337813.9560318,126219741.00375175,374931177.57686615
2023-08-15,1135786318.5177994,879903424.1424942,994098328.42453,1983869377.6173782,590254134.0669632,4525191228.888321,19213971812.580414,31044567011.88797,2694229434.8880005,192869881.90925598,131251880.94739914,369881492.2787094
2023-08-16,1152272570.6344986,877305986.7094421,1015757845.4847717,1998497909.2350006,598461955.9638977,4542617392.472763,19136461284.76288,31296227351.009064,2666518049.731331,199844062.2934723,135000040.3752041,362680334.2834854
2023-08-17,1157542788.8326645,874250244.5298195,1039894398.5301208,2033493222.294178,598828733.2614899,4522579698.311386,18907651247.756195,31770112064.17679,2544254838.5832214,202460936.32789612,139939683.18305016,355586909.48677063
2023-08-18,1177585792.652588,882791723.1064987,1059683576.4108276,2052874446.566372,610712180.6162643,4548004898.375473,18867797793.697357,32296103573.924713,2551857168.5253143,202089216.97280884,145207872.7686882,349156508.4478378
2023-08-21,1131524114.3777466,901677381.5381241,1057024036.4309692,2082838864.6649742,623998012.8451538,4590528480.080338,19027816238.281555,32568436004.80606,2593139245.403633,201103662.36831665,147070564.3216324,343314256.13155365
2023-08-22,1117017738.515644,904545181.2823486,1071601101.4302063,2044711656.5616798,632916550.714798,4601123713.678589,19099021187.699585,32729368292.158966,2604433614.9695587,198758756.03881836,148212683.5398388,336280681.2062073
2023-08-23,1099765488.100357,903775682.3421097,1085862634.1979218,2045097652.3771858,647990692.0036697,4598280262.829895,19164725378.1102,32630914525.760803,2680031619.9671555,207558083.20243835,147091666.4823246,319638944.9079895
2023-08-24,1074844891.7014694,908040117.0823288,1066511499.7795868,1999782002.276783,635730615.0976944,4541716760.692215,19167855241.67816,32484250513.359985,2577404693.381462,209561112.1585846,142790790.1605034,305733149.3205261
2023-08-25,1043952144.7852325,891337581.130352,1086161616.5654755,2010552269.4418716,644143163.2761383,4597380035.56633,19347021908.025818,32891815087.819366,2557128894.8080063,214499315.25535583,144661424.96861458,302111166.7500305
2023-08-28,1028404608.4193039,884375256.4301872,1078285821.595993,1980970884.8302078,630838445.6601715,4571344213.958893,19254369567.170105,32837407441.784515,2498221774.4680023,212790748.4411621,145541298.40877533,291448344.92996216
2023-08-29,1017640118.6428833,868438226.9312096,1090125156.6516113,2006083171.1317253,627963230.4588318,4518167470.409851,19559227010.491943,33419184666.095886,2467839409.468918,217984631.66484833,146143012.7186203,286812547.6377487
2023-08-30,980499647.0900536,853237355.7253075,1092643450.3315735,1981978174.078045,620841285.2862167,4434943404.375992,18994763227.312317,32882656264.514313,2378778751.0775757,214861143.84075165,140422620.36100388,282439425.4245758
2023-08-31,1005616635.7171249,855037083.9276314,1094188583.4123993,1984854082.7424622,600369928.573761,4370388236.559372,18782893719.42337,32926564009.090576,2244782470.460434,215062813.7758255,135747244.3798256,270925045.3964615
2023-09-01,998663824.0629578,864336050.8772469,1090965822.863922,1972742739.7673798,589639992.9965973,4367718595.276413,18393327261.936188,32052587956.573486,2201763190.408249,223797305.1984787,130977116.7970562,264417370.83145142
2023-09-05,1005205452.3135567,860457684.0442085,1113453174.9238586,2004664949.755745,593580433.8048553,4423334906.144409,18307815305.945892,31979396730.09491,2172263304.224663,235529668.5376358,126291367.55555153,262792479.03953552
2023-09-06,1016119778.9416885,850249725.2382851,1115553601.7003632,1998890414.940586,601279516.6162872,4422193357.123108,18282019429.31244,31957743300.044403,2167881486.559601,232313197.2222519,117979728.33522797,261799264.27524567
2023-09-07,1006974554.225769,853584617.1774864,1103263103.155136,2002686422.4000359,608560346.1289597,4428651816.976929,18309085772.026825,31773596276.4299,2156704046.250992,224786968.1790924,110569709.01292801,269207575.0526428
2023-09-08,985035605.75243,835944292.2001076,1079882054.4454956,1948137558.9455986,592151507.1969604,4330426348.083115,17659768803.49472,31099147040.375214,2070550664.259262,219992785.01571655,100374429.07556534,264781115.50739288
2023-09-11,963396145.1097298,824862752.7955055,1065818134.0567017,1966828441.6913033,585303574.5886612,4284622365.6427,17522976014.499054,30924563116.08261,2028593685.7588959,216509073.10188293,94319843.181324,261451899.72511292
2023-09-12,964403318.7002754,817932244.3528938,1020682850.243988,1945323079.2637825,580090190.400734,4246890994.4020844,17514474789.514008,31342853412.028656,2032071806.851616,216610342.3297882,92041412.68907547,259755849.7566223
2023-09-13,944333834.3606949,805475541.4619255,988038881.5371704,1928852033.9126015,567754646.3181686,4231032358.001175,17545898760.760193,31022499002.72995,2028663963.294716,213512868.53565216,86690161.11366272,261691355.410614
2023-09-14,918173487.1139145,814471598.8818932,985241693.0688477,1923166666.6075325,564535441.4002609,4239019133.616562,17488900897.005768,31135966583.399506,2048243031.006775,212558819.24079895,81862681.70704842,262714538.53157043
2023-09-15,914283143.1292725,812086660.7340622,965789315.6284332,1934458864.1536903,562480573.9999008,4353992576.234589,17657853095.085907,31521686835.615997,2020717753.8845444,214713511.77799225,77708728.02334785,261970978.7271881
2023-09-18,895441808.1921959,798331890.2199745,956262086.7518616,1858603114.310646,550288458.5860443,4226347082.919159,17254101702.624664,30638813493.190155,1994916761.0138702,228953750.19630432,71925090.53634644,261382067.31430054
2023-09-19,883302777.365551,781303894.368763,957143265.0231934,1869534207.8991127,536393393.8759613,4235735918.56575,17032315505.484009,30607962493.638153,1977878729.3375397,248512790.10536194,71021834.58355904,257799097.8207016
2023-09-20,879746199.7769928,794608617.6571465,988911285.0717163,1897008738.2567978,554866122.5621033,4286721149.647522,17053661830.41504,30986857267.122345,2011650919.378624,259030843.28071594,71750792.24907875,259531989.36107635
2023-09-21,889561338.6758041,809827678.7722778,985616856.2696838,1927387308.8189125,554822586.6041946,4366615504.299088,17342733130.17456,31697020091.606598,2091117877.301178,257787850.48049927,75460713.75231743,269275593.1820297
2023-09-22,914566401.6341019,809400150.6359482,968935740.495758,1934716712.3356056,566645071.7152023,4329072122.439499,17064901614.470673,31932083478.73535,2117267144.7206116,260232791.77539825,74771370.33694267,270432376.89617157
2023-09-25,929854800.8668137,825641849.8977089,964067302.8412628,1931266156.6991615,581827476.8070221,4260508099.2760468,16506578981.839752,31244321718.48297,2197149471.5857697,256691914.04079437,72991243.20279121,268646124.73560333
2023-09-26,959969753.6572647,841357770.8307648,985138472.0955658,1985553421.9765282,602123652.4181366,4312083293.505173,16704594127.448273,31910448690.426636,2279797984.199562,261033208.84796143,76444921.12494469,273743313.0174637
2023-09-27,952759243.5826683,852525594.5461273,1012053443.1777191,1993247049.3805122,615646453.4499741,4421510544.743423,16606963445.086823,32269323920.188446,2343289923.6771774,268085998.31691742,79525655.8974266,283139667.69615173
2023-09-28,978391538.640213,873900737.0837402,1039755786.2635803,2042752209.7488976,636753805.6971741,4510459823.025055,16828749490.265198,32680212378.341827,2505659745.4247665,272804672.060585,82329836.35315895,294453535.6583023
2023-09-29,987614168.7684822,894008611.0974121,1085979474.5480347,2106234628.5544205,666152170.9773636,4661456018.12912,17308093671.734467,33625313747.815857,2583288843.456688,271620332.4879074,85524173.01365852,304470764.3845749
2023-10-02,993031605.3648186,911629602.502327,1148994476.6687775,2215364834.380169,719369633.318367,4785987755.264664,17487390275.740814,34075186976.65222,2619624476.067314,269307486.11637115,88080551.31114006,317185518.18149567
2023-10-03,1041749512.7011108,933424176.3817978,1182890129.782486,2360769665.8672523,785106385.8179092,4895708747.693329,17942824575.865173,34995996804.84131,2767704329.127617,262301344.4998169,94667237.06595421,327476014.6601486
2023-10-04,1051322735.399723,956954041.6663742,1210605292.2878265,2692219675.4656982,811699034.1589737,5011278739.111404,18120950141.45813,35270321312.31583,2885508564.8799896,279579405.8921051,98038306.72569275,343081055.01995087
2023-10-05,1056460165.0706673,970032566.2189865,1240451898.3301544,2774650986.4401627,827953490.1925278,5075921893.394318,17979277101.055145,35202064597.01706,2946672146.0150146,289881494.65168,100774857.64187813,342329823.3281326
2023-10-06,1088617768.166809,987565027.9495811,1295545869.7106934,2854334335.4977417,858252347.988739,5257397113.290558,18670784403.32016,36230801511.38077,3112280978.3766937,296345919.6539688,104922822.18845367,350038059.3539047
2023-10-09,1088974017.1248627,984155648.5863686,1350788417.7210999,2847076503.4132767,864046908.8111877,5327276745.598831,18748235328.575592,36610372952.78839,3155024799.280243,314759931.7713165,105869503.57297897,352807051.5717697
2023-10-10,1103774228.5012054,1033292944.8813057,1361750979.8434448,2936648487.0729637,890334292.1500015,5447210003.2827,18841955960.590057,36810037319.74136,3282458868.8410187,317827678.8822174,107456240.19475937,357611869.281044
2023-10-11,1110128915.8833694,1049797951.9363976,1389382253.895874,3015562038.49123,923465212.2812271,5465231561.676788,18688660733.67401,36832458209.17526,3415397324.086609,329620762.1360016,109298374.02275085,364427208.1635666
2023-10-12,1132506338.1905746,1058477478.8723946,1385819465.5381012,3108685224.188671,949111006.8782425,5537061411.545105,18700787949.796448,36723766188.14896,3556692595.2552795,333056124.0218735,113998603.28162193,365137382.0949936
2023-10-13,1118581774.791851,1076016626.5737152,1503766807.7381897,3144846769.6100044,950512099.2071915,5465645963.419342,18371893681.85028,36311127732.26715,3623240700.675659,348091480.36769867,121042737.74772644,371225616.81568146
2023-10-16,1114293080.6215858,1109603773.7782288,1533090403.5572052,3204754384.247513,960807743.9650345,5557116520.213394,18502292230.628815,36705510172.21802,3695732773.531723,344107299.0168381,124774867.38138199,375008353.3498001
2023-10-17,1125780334.4493103,1114256522.851982,1568616136.3859558,3254666613.297024,974691870.141182,5683749153.305817,18741602190.711365,36869691592.42447,3793977126.9052124,332402353.1141281,124898892.22836494,383713116.15039825
2023-10-18,1133666687.668972,1119579696.4411354,1610860044.9406433,3349151357.5997353,985457549.2563248,5763687234.292679,18895745322.67044,37064747879.915924,3912040861.930847,334455150.78884125,129490035.59000969,386230224.52114105
2023-10-19,1122875827.4025154,1146735603.5534096,1666181921.2804413,3430346923.403492,1058342712.783165,5913654720.028,18947972801.31668,37394903341.64078,3993854898.0451965,346203333.9623642,133347368.8830471,391663805.2894211
2023-10-20,1118142839.4643974,1185515770.0042152,1751085854.176712,3513895824.3415833,1073245761.4780045,6155351650.534897,19305515649.22699,37820038164.07654,4067463797.0796204,354123012.67196655,136543354.3219185,393328984.02584076
2023-10-23,1125504229.713459,1188457391.8103027,1788214847.407074,3565368962.9275513,1075035385.2695084,6328188597.570114,19674199825.797424,38209801668.716125,4152907669.162674,364585111.6899109,137634232.74107933,402032311.0995865
2023-10-24,1115061189.2827797,1200452052.3427963,1785239246.439209,3586680071.358452,1085175446.2559128,6334209116.705093,19570975636.81488,37838839074.470825,4178433704.9507904,379884069.7375107,134914710.5950451,403159101.35105133
2023-10-25,1109466302.876091,1201989421.190815,1782843307.7224731,3575697570.145149,1102795399.6295166,6308368813.646011,19818773769.14978,37584232701.75995,4219241591.3155365,386231280.0326538,134290661.59485817,400778883.12833786
2023-10-26,1102353793.7957954,1209495332.856102,1766272876.614914,3572090388.9278793,1119323665.0878525,6440363205.365372,20153825225.308228,37969666058.398285,4169660786.4388275,386833386.7236328,135291445.38823128,404694205.46354294
2023-10-27,1086723269.0519905,1218107192.531433,1808145798.402176,3520508180.8677673,1110976676.2358856,6487883168.511353,20089485802.72354,37722455535.04318,4098309967.136383,398768946.51893616,137254629.33379173,420671520.5747795
2023-10-30,1085476518.0006027,1217641245.5453491,1781407641.9519806,3395463354.180088,1069666085.4794693,6410260169.672165,20121973905.000916,37730509512.0253,4093664649.3071365,407453980.3302765,135943826.0825348,418117926.34168625
2023-10-31,1058092327.9676819,1212575020.6809807,1777488440.303421,3287150939.4519234,1029768260.1454544,6307193025.527573,19888783203.517,37226400557.105255,3962094011.5192795,413136531.06327057,130227310.57971,414369844.60206985
2023-11-01,1043603244.6451569,1217604466.1546135,1775651255.2243805,3043506112.0949364,1064270337.8880692,6310369851.745148,19955147603.95706,37434825969.510345,4020851844.8830795,398937557.9013443,127813965.24526596,408557653.0788231
2023-11-02,1054534288.6198044,1222782274.06847,1784418411.693344,3087353431.2373543,1075819574.4216156,6448766988.752975,20185248304.145355,37972380135.23239,4155389395.145073,394189492.51335144,124570685.04330635,412837014.5472145
2023-11-03,1069845828.10112,1233194876.4479446,1778822867.1477509,3206634523.060894,1121989873.0083466,6577877401.453934,19802437420.80185,37725195534.38599,4222519144.674721,398658848.06430817,119294853.340168,415354311.79533005
2023-11-06,1090019477.9660225,1249166830.538559,1766530016.687088,3419081144.9840164,1144442559.195633,6647847549.400711,19691038842.27005,37474241262.690735,4269110886.970482,382433151.5169525,118491159.33361053,417587213.4849739
2023-11-07,1060279320.1828194,1223781380.8688736,1778159005.8994293,3420943010.862541,1151856965.7876968,6637843780.798874,19770395134.90158,37180209632.599945,4206735317.9746246,392794662.04216003,117167213.92435074,419867776.6726494
2023-11-08,1050243760.3451157,1209168291.5786743,1777124378.2817078,3385405055.468273,1136912949.4158554,6774368085.317001,19726797274.77417,37168101081.32294,4191873867.200241,395405683.1826782,115658852.92705536,413770362.1438408
2023-11-09,1031956857.9396439,1202045638.9406967,1784762590.9371948,3396540083.0941772,1154689637.7113342,6765056224.770889,19804932746.7276,37211174439.86328,4282989731.031761,394602228.7212372,113519602.97086716,415271374.9710655
2023-11-10,1018900399.597187,1179440409.7896767,1684966720.6771088,3341526765.338917,1158090999.9108124,6780904966.226578,19947534607.449646,37132075326.548004,4254191062.2096634,381359885.9656906,106335832.2523117,408801412.9943657
2023-11-13,1023237478.1157112,1152126824.0050125,1658963867.632904,3338536537.0884132,1165262204.1738892,6746135585.393066,19900130443.581696,36653603905.259094,4207809790.2277374,372363797.54146576,102265127.02320099,406535788.0206871
2023-11-14,1101305204.335785,1182415439.8130798,1647789145.7784271,3399621673.964348,1179840242.1450806,7079902974.5980835,20261583523.784485,37173891343.29498,4270225939.3012238,366712414.52236176,101203139.46969986,414584021.273365
2023-11-15,1129224300.3561974,1172056752.3492622,1566483565.027237,3361241179.2258644,1178059023.7023926,7277004101.302032,20318380380.80948,36909100645.34912,4252757430.948677,366005380.45726776,94417947.09685326,419801100.84459305
2023-11-16,1121834644.8312187,1133321752.15477,1519555282.6395416,3313441724.1619873,1112534267.0009995,7254327492.788239,19899270821.38611,35859119267.098694,4127666957.820015,364763056.54621124,86576047.35052109,410202215.76387405
2023-11-17,1107069109.3834114,1094537855.6084824,1446922698.2347107,3256648374.64962,1097124012.9421616,7190474447.192764,19517817806.015015,35147643241.90094,4111613173.3670425,366886530.257988,80702166.66646004,406667759.60443497
2023-11-20,1114328492.3501205,1072142903.3485603,1409608543.0903625,3209480776.9275856,1078308413.7942123,7057517407.271652,19310317126.47705,34812751849.29428,4009552605.4424667,363121046.0567093,76491267.88841248,399566506.6715431
2023-11-21,1094049362.922802,1044854066.1821747,1417150273.3311462,3160701491.7120934,1072411994.3936539,7055264580.859756,19306701292.284546,34282896346.02249,3945876753.79467,346844292.1503067,74797364.01386261,393972439.4124794
2023-11-22,1087640272.0612717,1032036347.1977043,1364519385.7859802,3161336952.559643,1041712887.4235916,7012834934.646912,18926232595.55298,33687493231.888275,3846864438.56205,341767090.1415634,71202696.9399929,392876418.4931946
2023-11-24,1060195920.565033,989861706.1144257,1316619420.3153229,3049413375.99596,994333141.98143,6731109733.404388,17897856474.656067,32045461398.1752,3740398584.631386,333388476.87675476,65328343.6067009,373209093.63098145
2023-11-27,1044034448.2936859,951711091.8949509,1244380670.369339,3039378811.5569115,987189153.5154724,6634930453.077164,17473000435.02777,31023566709.669495,3781190722.0497513,327957163.6961365,59345800.57562828,355522934.2160797
2023-11-28,1056330216.1657143,915656746.9556046,1266504862.4028015,3091812521.424122,999864146.9940567,6601624681.46904,17204200434.915466,30650546935.41107,3796682091.524582,314346955.90927124,57070473.407735825,353883697.2843933
2023-11-29,1039736849.9848557,894461148.4480858,1253173052.8307343,3119910405.153446,1034147612.3038101,6624228780.540237,17125584832.470093,30427739401.13739,3913112348.4056854,313659049.9144745,56326610.926418304,351137199.8825455
2023-11-30,1047802316.166935,893634301.1668205,1241477194.7660065,3113307558.7703514,1020298431.4912033,6548930073.501205,17100268259.291992,30183607072.51526,3885763909.4994354,332200202.51838684,54392787.72859573,343132164.1478348
2023-12-01,1038937439.5055199,902175904.1290855,1334464413.5645294,3093021342.917309,1053832328.8047409,6709129437.550735,16836986680.144806,30185937767.43866,3882017849.4174957,331309676.5893173,54071010.596961975,348183861.3286209
2023-12-04,1015548105.8371925,885221118.7778664,1429047262.6914978,2918517549.877987,1027566682.4834442,6632897817.815552,16845980479.706573,29680135266.22818,3718021404.5716095,329866755.0364685,54577457.88591385,351431526.58180237
2023-12-05,1003441565.1811218,892666107.094593,1418950648.521576,2726907267.8036118,1090206222.3422623,6667689870.266037,16958392636.378937,29791999528.11386,3869766757.0438766,335845465.8228302,53477141.39360428,359338645.53539276
2023-12-06,1012492215.5748367,897946297.5909996,1411181003.8078308,2636470450.7022476,1095787229.2696762,6797653973.221588,16822815190.436554,29954408450.29358,3985619102.275963,340011717.3069763,52214059.04811859,358036251.4216614
2023-12-07,1014552752.3869514,911928573.2323647,1404859191.0477448,2596730605.505352,1108434535.0543213,6721116505.851059,17121168507.796936,30133307776.040955,3974910666.0232925,329368219.2594147,50377519.37055588,367940262.3451233
2023-12-08,1014871191.2890053,910703065.7253456,1419171122.075653,2496878012.035942,1097006053.0833817,6735148434.884415,17041329689.748383,30239736725.87616,3816954068.3595276,327657793.5118866,47162250.64426422,364224741.08825684
2023-12-11,1019084938.7841988,912617417.0784187,1429102834.5549011,2482421104.6053123,1097660754.3333054,6704919865.675278,16757408762.170868,29785942876.784973,3816779537.237816,322829302.93510437,43994904.04126167,362678458.1879425
2023-12-12,1014305317.2854424,920973672.8831482,1426886926.0231018,2459012417.345562,1091791502.0416641,6768811289.344254,16770756876.865692,30207322407.509308,3873021825.526657,334436623.11668396,42837380.386276245,361806443.58070374
2023-12-13,971919031.3500023,909373911.7780685,1464455323.9375305,2453757670.0639915,1101938533.5840225,6748593288.7397,16586106493.811798,30220911209.718323,3917035390.818062,336343660.66581726,42215536.484298706,357268473.9077759
2023-12-14,989309384.0026093,942490502.3806381,1505808244.1418457,2537178553.8557243,1189732813.444481,7037579780.663528,16659388682.89566,31255808834.136047,4085726247.743988,335499557.30888367,42308813.41958523,363577595.0167465
2023-12-15,1016530798.5276031,973919407.8859329,1507842689.2843628,2489046821.240711,1187405700.3948975,7348571329.591522,17052807023.460388,33029387993.530884,4154855040.7540894,324133700.04283905,42098687.822613716,376596744.99370575
2023-12-18,1033991574.9141693,975982893.873558,1513433959.5154572,2463140528.758812,1189610393.562622,7398060806.869736,17103657870.859222,32829941898.24463,4131154481.240082,322113436.57497406,41708336.28376484,386153583.17668915
2023-12-19,1030778223.5830116,995250118.1533432,1521003251.652298,2448635937.508278,1197760722.670784,7674344843.812027,16969830011.28067,32579351259.98871,4100803307.700119,321713813.89011383,41156710.79563618,394082104.776268
2023-12-20,1074670189.8579407,1032966802.2219467,1509595481.249466,2481993761.8518066,1214907124.279976,8008600370.818558,17215491790.783844,33839478401.922607,4217982421.5216064,330554409.4857788,43925233.68281841,404809268.9255905
2023-12-21,1100558811.959629,1047593224.4696045,1513325514.4870758,2427375786.9615173,1223637988.926773,8133751094.192047,17284828642.433014,34521454893.64609,4381481034.640274,322992220.7736969,45733310.23882389,403548991.57512665
2023-12-22,1111549238.938198,1062858076.7506027,1558916497.9477692,2460332642.7806854,1228113472.8759003,8397457925.401306,17674523038.67691,35410910940.0264,4429930302.626114,332618836.97101593,47306170.56648731,417080256.4745712
2023-12-26,1099969179.580059,1059589736.1462021,1543056323.672409,2402252347.6325226,1202582124.5755768,8398680807.34848,17481052733.659515,35579987809.86893,4374229963.37719,333954220.4043579,46871747.42395878,413688993.6258316
2023-12-27,1092289401.9512367,1068524063.9448547,1495870818.2522583,2337092867.8011703,1177731679.548874,8510849274.787445,17448814470.717926,35786699522.6181,4394094599.359779,338062680.7898712,47129723.27692509,414389705.3976822
2023-12-28,1114371177.284565,1092394787.8456116,1475277694.6012115,2254782456.2031937,1117980960.1544952,8523966788.384857,17252748820.31906,36184189180.26993,4301438511.380806,340810349.1452408,46626512.22342014,413379431.4670181
2023-12-29,1151230935.5132866,1102428362.7352905,1448034794.9789429,2200201777.273445,1074247664.3885422,8648645496.53061,17103706311.434326,37245679144.95361,4238894784.020958,317800313.04351807,47259415.986180305,419668622.2480011
2024-01-02,1140315291.0044289,1094596269.1460037,1344901597.7410889,2141677912.8837967,1024163779.9451828,8503387279.05777,17479266720.680695,38102432369.96399,4182727067.451973,328732464.2811966,49467461.35129452,417205199.0409851
2024-01-03,1149377725.7728767,1109271079.3522263,1253410543.1923676,2165010224.576645,1002800993.5096741,8640581588.361664,17429825491.80771,38860326255.46631,4300710671.128616,335591840.44086456,51532285.376410484,412085876.6947937
2024-01-04,1142193525.3413963,1092461214.093132,1229457326.4044952,2167870247.756233,925800337.9138947,8717578242.503433,17382500064.69742,39230217444.324036,4218627020.5607605,336155321.9220352,52223998.26728344,411091287.08358765
2024-01-05,1141245194.8100471,1108342623.7621307,1246019606.7958832,2201565039.942398,908906204.006958,8713383908.589859,17466077975.051117,39666483872.03766,4152623846.006241,322619664.75170135,53689346.69026852,409553218.6833954
2024-01-08,1135656576.9816017,1116310412.0132446,1249817894.549179,2222289051.175461,880620553.9153671,8721792643.227997,17361765696.637573,39907332568.33298,4120331004.988556,328585795.64086914,54445125.02251625,406064134.7998047
2024-01-09,1147870436.7612648,1106942631.7212296,1218341120.2147675,2209463526.3235855,853673562.5375748,8670081059.144897,17244088409.086304,39573022806.713104,4079801008.506012,329901094.9542999,54580204.581189156,408375876.7316437
2024-01-10,1147735566.1588478,1107664516.8572998,1182367934.0247345,2230535509.766159,848989454.4641495,8737116711.752167,17126675609.733887,39678269825.52231,4144963405.853615,342245191.38923645,54960345.20742893,411028384.8697281
2024-01-11,1156413020.3208733,1120123090.5960464,1200141339.7680664,2255650658.7013245,863051188.1361008,8907720847.601776,17458590029.496765,39947365432.99423,4330970151.797028,344577857.45658875,56115804.47350025,420813628.12381744
2024-01-12,1117958305.5091667,1102472812.4990463,1165185457.5655365,2147494370.795822,830046691.9947433,8660637651.418915,17157750584.60907,39168362361.44455,4192312620.3520584,357382583.92097473,56445749.944911,410903498.94233704
2024-01-16,1101306150.274353,1094803071.0196686,1140768041.4600372,2069379032.7090836,731143940.9990311,8246713538.666992,16944040613.198853,38412248138.54355,4064460881.5589523,356874090.59394836,57581306.50479317,403237630.09815216
2024-01-17,1122659605.3146744,1074138363.3460236,1143243774.27742,2128410689.8552322,729754545.2396774,7886618271.006851,16782027332.852173,36765859313.53012,4033511689.507942,360447833.62545013,59190036.86983585,391761336.94725037
2024-01-18,1110505276.4029312,1080981434.6423721,1136812052.6984406,2128646950.1283646,730614135.6560898,7849130719.040298,17060027877.129364,37278083288.839874,4205984002.078285,357702971.72130585,59695073.75966549,384051571.4349365
2024-01-19,1104429741.7734146,1081593288.0352402,1133576123.78273,2192161115.0372696,767680427.8741837,7934137916.880875,17800843704.120636,38588160170.219574,4271475448.5248566,359761057.62680054,60623424.248137474,385012984.7441101
2024-01-22,1068435545.5336189,1056373425.1058578,1118288547.719345,2186805761.9857025,754716470.8478928,7743811966.380768,17660505495.88791,38028708584.09866,4194319332.5803375,359092826.2958145,57318751.17069721,377532895.37620544
2024-01-23,1068930603.8081551,1048147420.1962662,1121901136.6420746,2192048612.7038574,743320318.493576,7773745587.456055,17433780250.21042,37215672642.09656,4055256177.2065353,358759009.8761368,54279267.02334404,378637839.09355164
2024-01-24,1107373614.2494774,1062203977.9182053,1110345331.2019348,2223604073.871765,763542729.5011139,7778581436.965027,17729117445.90439,37598008447.458496,4154827461.1239243,361116889.2233658,54433497.55104065,370799633.11439514
2024-01-25,1119610338.3767128,1083935110.1340103,1110701855.5851746,2343929004.7385406,799120058.1956482,7870762160.516205,18201998008.793945,38037235903.960266,4289053062.896118,361559098.23791504,55074412.63510704,370396833.5808182
2024-01-26,1101371513.7376404,1095352350.2580643,1102081095.3085327,2355000487.613907,806105029.7782135,7833156024.169922,18329241670.47989,38277636870.534515,4208766352.1336365,366138696.11660004,54436572.686719894,359431952.69168854
2024-01-29,1075955236.9924927,1083381254.8069,1096010310.2472687,2366104648.9068985,814956197.220726,7829590460.366974,18598131402.23419,37954657750.76355,4209416182.994232,359219583.30444336,54249471.969127655,357627427.84469604
2024-01-30,1024936765.1055908,1049939163.2813263,1098849546.958313,2351492629.182663,812277770.2295685,7742942999.846649,18507060337.099457,36530267228.03757,4197199475.3603363,361161271.46778107,52955504.593343735,353856550.60085297
2024-01-31,1054287714.109211,1070162044.0002441,1115696201.0372162,2398915616.2552643,840308492.8356552,7951881415.6604,18671326315.737762,36647602439.62204,4336415375.001984,353145181.4307022,54655395.04678726,363212152.4595642
2024-02-01,1034423245.2065086,1066652628.5467148,1131640431.454544,2429281519.053688,939491236.6205215,7973867307.796783,18809317095.693207,36472549969.800415,4451781853.01754,374946531.2056732,52956196.68652058,377537267.8269577
2024-02-02,1049970639.529705,1079696653.5287857,1159029184.661026,2463665550.6578445,967707377.610054,8067117174.772568,19299907406.052094,36943029124.70001,4498407738.727989,377154633.1864929,52823467.6189661,385809649.49611664
2024-02-05,1058490346.3290215,1062961398.2458115,1139176759.9684906,2533491538.51799,976774686.8889618,8053174900.2845,19263763139.403534,36798266226.15341,4528255995.089073,371106074.2915726,51668368.652668,394346596.8250656
2024-02-06,1105600448.8747978,1054957640.761528,1126671317.4783325,2532271527.5888443,986605853.2640076,8078107350.261078,19171387332.44156,36414107305.4245,4498868469.182854,365472979.9744415,51343964.89399433,393750926.6292572
2024-02-07,1089493598.5980797,1056296111.1782455,1144136012.1533203,2590836868.9629745,991931755.2120972,8101169614.720764,19191780153.237762,36603427338.76709,4520718022.687569,368834967.8793335,50978690.09939194,397871977.6496887
2024-02-08,1096218197.0492744,1047413320.3813553,1138377379.4579315,2557184252.4155807,985618648.7565613,8105817865.244446,19145513857.963867,36312519261.19629,4524644749.388733,369826044.4174957,50569362.601799965,397537674.17697906
2024-02-09,1092573189.982624,1028970393.944397,1115599632.6222992,2550685811.326866,977206490.9848785,8092133167.400131,18840704785.929413,36066899951.92871,4300073158.79097,354568614.1973114,48885551.31957531,389203346.6860962
2024-02-12,1114890525.2840614,1013803192.2539139,1094808358.7718964,2567561277.432976,970411132.0578766,8115443357.814713,18753782128.262634,36098278252.826996,4249533489.977913,343927011.22276306,48801564.0352869,392197052.66239166
2024-02-13,1112624573.9253426,997589919.7622681,1121175477.1414948,2654154053.5594177,978764821.1599731,8540238312.183304,19230319518.342285,36850774106.53549,4193733394.78878,340627861.4998627,52973797.58729935,395362933.6935806
2024-02-14,1076666521.3792038,988248809.8478699,1105701247.2803497,2603181832.147217,977518931.4297867,8616327306.51619,19101477029.104156,36927549064.51553,4142487987.0446396,342039819.41192627,53573769.79822159,396402470.2546692
2024-02-15,1070814713.8402939,981983777.298584,1119630832.064743,2635618586.5812683,968169558.786583,8676013007.770996,18719536170.520172,36306141354.222565,4025084892.084656,341268344.3092346,54038945.84116936,399005408.38760376
2024-02-16,1083514425.9586334,975091317.3033905,1126618536.4157867,2655735728.432312,922147216.5357208,8557330092.670593,18399297072.770386,35542165833.72604,3964686647.800255,340652528.8512039,55044574.19312477,393326022.3287201
2024-02-20,1098901144.2375755,976179988.9635468,1137300242.1849823,2640171548.420868,915025837.9548645,8447636706.746445,18603927059.472656,35492111197.07031,3914990717.7725983,335815962.27420807,56951734.04150963,395055797.35313416
2024-02-21,1091154730.7893562,970193915.7443619,1144197284.5174408,2687419451.5395737,914708522.1270752,8318752075.209427,18959648609.369507,35747642451.74927,3915013877.7025223,338609462.7186966,58370571.2339592,391963027.72369385
2024-02-22,1083515203.9009094,969304318.7859726,1130158760.21904,2747853848.9168167,909915855.051918,8300426851.280289,19137991207.15851,35703297507.18063,3874769641.2641907,331591187.0866394,59062252.42437363,398755306.1629486
2024-02-23,1113961400.7697678,957391757.9809189,1151027617.994156,2668874857.311783,887287452.9138565,8307691094.235001,19063562479.872284,35496918272.00821,3796505140.590782,325845267.7392578,59115412.47602463,399841210.8337784
2024-02-26,1120804932.4807549,953880797.1674728,1145937985.2998352,2690643500.3852463,875284855.7700729,8273429317.575607,18998732147.85263,34921248378.237915,3790648916.491356,321244443.5209656,58892723.97190571,411737096.1919403
2024-02-27,1117001418.7142754,947150713.6504745,1141480674.7344208,2707141357.304077,877313642.6784515,8310083125.409164,18909222467.829895,34661084673.71582,3754304195.661888,328410717.59082794,58310804.28767204,412502744.422493
2024-02-28,1134343229.5011902,949779603.6980057,1121149318.078537,2680801524.7839355,868378137.8157043,8288198877.087021,18845684733.321533,34652923063.523254,3727349427.0422745,330146162.4734497,58837662.81838417,414800438.835907
2024-02-29,1149124277.4223137,928449142.9137802,1111667964.4958496,2640378490.9025955,850322253.3205795,8049306702.042007,18449254192.52594,33769195944.15741,3593678131.687355,326318438.0558014,54951420.96122742,406550214.25457
2024-03-01,1176709269.5171165,936489096.7439651,1143157700.654602,2611349684.6118164,753977787.3274231,7835849180.449448,18351656343.566284,33500136615.952454,3416080670.1745987,300271948.36429596,54560110.03577709,397632255.73760986
2024-03-04,1195149789.2202187,932588227.8012466,1193686308.4253693,2541061281.71196,722346416.3949585,7584041774.598999,17842064568.450623,32357540977.466278,3241111616.6959763,293500624.6657562,53387479.36653614,388346308.55529785
2024-03-05,1208204487.012291,924864809.1860199,1238066899.6652985,2496164192.696762,703138999.8748398,7551442448.6896515,18244865407.104492,32339909859.487762,3175452633.6258698,297958529.21520233,56428551.15190029,383350841.18499756
2024-03-06,1219057139.8262405,963995947.5851059,1296162411.5460205,2501723809.561081,703935945.7226944,7566657654.514618,18489568846.750946,32691078928.142853,3208422439.4732666,301317967.4404526,58807194.292879105,382211002.4782944
2024-03-07,1229361584.635563,994648032.0122147,1321014418.9718628,2460429878.6836624,703243069.7992706,7550660995.631409,18664366440.36621,32450850564.314575,3206803013.5743713,297099733.10050964,59587300.52219391,375420331.67922974
2024-03-08,1244206959.157734,1016037292.1353912,1421046010.62294,2504229241.3396454,704825859.6987152,7630214618.080292,19587740619.803925,33334035189.818268,3102732283.832741,289930583.45558167,63233167.053751945,379385337.93304443
2024-03-11,1246291070.190525,1015977479.6190643,1453684781.2763214,2482067594.0278625,692424096.6770172,7426933920.3224945,19780766866.98456,33330043978.910065,3061418110.081024,291344631.1303711,65641339.719901085,379804643.7616348
2024-03-12,1257159568.4708977,1047939148.5205078,1503921904.0148926,2473400647.814865,690522914.6782684,7347952272.833786,20278090497.266388,33790044301.839905,3070144495.1361465,292666761.69776917,66357994.270682335,377761680.6158066
2024-03-13,1229059891.2216187,1048658693.2819366,1475684946.6201782,2337588791.4978027,681363611.3089752,6782791431.0372925,19738349802.91443,32457833229.080048,3026332833.3447647,296126605.35850525,59996889.17477131,367938093.5086441
2024-03-14,1236013826.3828468,1095736880.398941,1479616703.2589722,2365889144.167938,686057715.9027863,6825363781.759338,19905403063.901825,33556532198.506927,3086839582.701912,295724095.5484009,59595013.50636482,364133895.1445389
2024-03-15,1247872693.5439491,1110012333.280487,1467294752.7980804,2399074123.5702133,685134960.7772064,6902538098.760147,20638020432.929382,34725582957.50687,3025286437.3534775,292305838.5107422,61717411.2106514,360444988.2597351
2024-03-18,1222809238.8801765,1112068115.3948975,1478640699.2517853,2347989065.8722305,677319428.0679703,6745443881.565323,20519703457.844086,35113967977.82669,3010489715.553589,290126996.0113144,61011346.174817085,353861748.1389618
2024-03-19,1206920125.132084,1106407251.6368103,1473322421.4248657,2382579283.0192184,665278874.8594284,6743509204.089355,20312988949.36203,34909803908.35739,3021343185.756073,288235636.52038574,60296420.43393612,351852313.8641739
2024-03-20,1214461302.8536797,1135435885.451851,1516038182.5482178,2378750458.467407,681660066.2952805,6964931346.003571,20224738741.59378,35242462078.86398,3052898719.720001,290852529.596405,62286208.157463074,354200677.2148514
2024-03-21,1205729814.7143936,1128197374.2175674,1548054336.405182,2344092732.560158,680132084.4464874,7031244322.821274,19926723400.19928,34892481662.61688,3008461278.2518387,291270071.76425934,61191570.25185585,349657809.9337387
2024-03-22,1191432897.4718857,1134632039.7085953,1552972147.6333618,2352626538.9978027,679012191.488266,6949340762.537537,19690953482.9068,35387463155.14191,2974530364.3851852,288222262.9124069,61142366.53658867,346770822.3528671
2024-03-25,1170802460.059166,1115643959.459114,1551251093.0269623,2342362469.341011,670863095.8172607,6865942068.308258,19589854292.032776,35377674280.78186,2958537985.4761124,283709921.832428,61401327.197384834,344390953.1549835
2024-03-26,1159839658.4211922,1121215945.4527283,1560695054.2514038,2335220176.3074875,662270705.7645416,6780168769.807892,19609734732.738953,35829200116.18591,2977825200.9420395,274864338.7140274,62087936.01813316,348550279.51675415
2024-03-27,1142879398.1708908,1123414902.7664948,1595446861.9120789,2350797830.8886337,660530348.5946655,6841648527.647247,19811271158.175964,36554853910.83954,3046904523.9953995,269520495.57353973,61816521.01538658,349047905.7588577
2024-03-28,1114603225.7173157,1125334114.865036,1625196067.0092773,2312475125.892067,642011032.1533966,6827616238.660431,19698949168.258972,36937557311.64627,2977967484.9683,274037935.45223236,61967341.31067276,341755569.97974396
2024-04-01,1087192683.7106323,1113794982.5282288,1637972429.0272522,2341611872.6543427,637376527.8432465,6736398690.259247,19586160268.93341,36613083453.74649,2987698392.5217056,269884552.8813553,62187363.512654305,336727485.7577896
2024-04-02,1057867744.7460175,1127107896.726799,1659765372.7729797,2422401648.293762,639656005.049324,6853761250.273743,19798701237.33139,37249928762.91565,3066130786.235237,274686243.51955414,66785297.79197693,335295009.6015549
2024-04-03,1060566607.455368,1139203608.3167267,1685836438.2278442,2394026999.330406,661756167.9469681,6789825807.762451,19425238059.677277,36952437105.51605,3093299408.62175,272254103.41999054,64546937.007632256,330769507.1337509
2024-04-04,1037246143.1848335,1124313935.4848862,1712027775.2837372,2399815326.8136215,650400852.6679993,6768436617.187805,19655971319.00711,37680060549.56177,3118861082.942505,278852896.70757294,67358499.67744827,333843624.437294
2024-04-05,1046838654.9535751,1134094127.5350952,1771973688.8494873,2401156173.6263657,640799736.254158,6761224979.134827,19868655598.617096,38096135445.122986,3125614621.5449524,280735559.61990356,70713024.97674465,339788955.5654144
2024-04-08,1024430793.9490509,1124749783.3488083,1747296238.7867737,2376682293.571472,635826712.1612167,6557968999.658966,18919674969.59198,37169323032.61063,3174366122.075577,281363699.323349,68879626.379776,336703596.89640045
2024-04-09,1027775248.1366539,1132230175.3490448,1815513534.2401886,2393922704.671669,633646862.549057,6548460855.589066,18791768009.856262,37337493249.64859,3233526690.090103,285852957.8484726,69406237.25745678,339002392.78980255
2024-04-10,1027328355.6591225,1154060497.0222855,1864815930.8644104,2538085368.529396,668611883.7675476,6759914775.259094,18913215356.58844,37572475551.548004,3411193430.1493835,298739874.86255646,72730572.28711605,357350728.80939484
2024-04-11,1023512866.518898,1145495988.465004,1930616144.8823547,2612075389.820366,666160835.880127,6875223293.853836,19089926456.47354,37960375932.42096,3515769376.1743927,307724888.63414764,75240178.95396233,370948561.731987
2024-04-12,1058670131.0817337,1116404469.7153091,2196928040.9443665,2593822253.9937973,672462969.8091125,6751170792.7043915,19121001888.290253,37508933629.24194,3466583278.5342407,331198183.2438278,80122558.8560772,375235964.0125656
2024-04-15,1054975842.1688652,1129367576.197586,2297684962.0446014,2597292636.512451,696079629.9249268,6619728404.480667,18907964546.640778,37098955111.36322,3545359809.9837112,360862068.0346298,86337341.59323692,379083839.5920563
2024-04-16,1092602712.2327805,1165299325.3450012,2344468765.0403595,2665467755.7497787,723765520.1169968,6714125187.139206,18899335701.260223,36680813860.989075,3602395072.14859,365017620.65567017,92194668.88010502,391278849.4644928
2024-04-17,1095633508.1134415,1172528866.743164,2424436254.670105,2683904423.577118,744673501.5772629,6783774425.59845,19164216587.327118,37005299590.46631,3723936823.7231064,377893163.1068039,94842674.51913357,395157746.82201385
2024-04-18,1071571562.2919083,1148401510.610962,2399028880.0938416,2692657992.278061,730093961.9209671,6664769930.160828,19180883461.625824,37054749160.03174,3718060868.7503433,379301864.73033905,94879253.33314419,392195391.72180176
2024-04-19,1073226960.0920486,1159880958.5590363,2420361807.3620605,2757264700.51445,720282294.6339035,6629894388.697815,19855300665.6485,37986896389.67224,3755106157.501564,398767536.1916733,99132679.98289585,394063247.10723877
2024-04-22,1063399586.1500931,1174228244.2974854,2495533983.959503,2802451832.5971603,710663853.3221054,6646027522.803879,20221415343.611603,37633868375.80109,3727303327.4604034,402574562.35370636,100788035.42933464,392907479.4975281
2024-04-23,1080443653.7699509,1188046410.7479858,2570358442.249222,2849508646.6417313,726398121.9400406,6752837692.527313,20542881838.229828,37997403875.36209,3735733501.482239,407481197.6830673,101542075.56780338,392851704.35726166
2024-04-24,1085568160.8961296,1173336317.067871,2573973206.049576,2888974823.715019,734555954.9731827,6795940178.603592,20815803289.708252,37720055663.03482,3786271377.432022,411335921.64417267,102508992.17321873,390636440.015831
2024-04-25,1085606183.3039474,1168745129.9716187,2583950622.601166,2946058067.0827866,737801549.7370529,6743609020.495071,21110356476.58203,37300349264.2366,3767737700.1457214,414089251.1038208,104942215.58758259,385204673.309288
2024-04-26,1078132888.123684,1151061157.4301147,2557270117.0095825,2954988005.2409744,727848764.2845535,6595251783.27034,21193892829.636383,36439337749.69177,3746403147.1120453,401860699.2082977,104439745.18481731,379246179.7003174
2024-04-29,1098630291.806736,1132641842.3773193,2484435972.6535034,2905129920.2111435,701664021.8553925,6534145408.266678,20984408038.76877,36003660033.84735,3699220023.138962,401564348.7245178,103231576.85300827,374709987.3716736
2024-04-30,1118549420.8468437,1136909172.7902222,2462079225.4668427,2918595738.20652,702301909.8753738,6461202831.613998,20935830918.98987,36022236941.64093,3683611638.401375,399436635.6544876,99958539.49638844,380570607.8366089
2024-05-01,1120476104.9515724,1142336736.7071915,2451536903.4988403,3059214695.2105713,699150851.9707489,6557867310.796051,21151390525.583496,36481029427.091675,3734335988.642082,408861651.8455124,101574940.46123981,392856299.7180176
2024-05-02,1152968304.0039825,1123954921.5935516,2388372313.1046295,3078048069.2049026,705866197.1890259,6502409693.562622,20690766836.93161,35599545032.684326,3771312018.524971,401600633.24329376,96857651.97872162,387860374.1430664
2024-05-03,1155300812.1901894,1101955329.843979,2336838187.726822,3124268090.515175,714978142.354126,6531597396.669464,20543255317.977905,35529077729.584045,3799912216.8906403,396568609.7052765,93523464.2187357,385350375.0353241
2024-05-06,1158695611.731472,1091249437.638359,2298614895.2900696,3119883767.8308105,701843051.4440155,6548442725.157318,20588057500.12802,35495413421.47705,3740839287.0401,404565609.1130829,91565555.1842928,381674364.1715622
2024-05-07,1153922598.0962372,1078939386.9515991,2216997569.086914,3126758691.37661,713007570.4846573,6515116941.012802,20400577843.628998,35098239534.79355,3730856864.535141,405102044.5660019,88500350.40125847,379424821.3892746
2024-05-08,1118981211.3417625,1025574331.1703873,2121085433.6390686,2947842793.583107,688064915.0460434,6137481597.683105,19609905892.292328,34088134879.64096,3554336539.4226837,386275253.3413315,82600574.62404251,363389545.46489716
2024-05-09,1117119112.3907661,1031263687.4753189,2079510676.4673615,2861061956.3825226,689643488.2439804,6000634332.199326,19144894078.72818,33425551617.74185,3449787109.466629,369208543.0558777,79596855.18710613,357086472.90958405
2024-05-10,1077102177.0785332,997129196.4281082,1839577335.6811523,2805823741.4967346,653790361.419487,5872092292.244797,18575154470.104828,32447938823.871307,3343416025.259857,339905938.2185364,71547810.58259487,358134381.136055
2024-05-13,1062492069.8736954,946323492.1293259,1746263175.7564545,2695838777.396927,615675626.6966248,5664969178.934174,17727207308.70926,31117108562.173615,3212779743.954468,309881372.4705124,62311656.26679897,348836229.92614746
2024-05-14,1029713437.3134804,918226386.4140701,1678244974.2967987,2603563790.567589,585262564.1133118,5587957828.858643,17472604156.144104,30781518064.16443,3138550502.6031494,300677502.1780777,55037140.54348469,336807313.7778473
2024-05-15,1042643694.3034363,903656477.8356552,1654437506.3226318,2636558831.505394,589936629.454422,5566007095.786514,17203724507.173004,30466399317.081146,3177009924.983101,291019558.4328079,51286309.48875904,330606189.4660187
2024-05-16,1060376236.9616318,907377201.0391998,1630186312.4996948,2610728730.61718,579035163.7297058,5458603495.463333,17006636145.50003,29946701550.535736,3159094036.154442,285361833.05927277,47988369.33205128,325656550.8753586
2024-05-17,1068850673.527317,886457179.8574829,1651378919.1493225,2535882477.0674515,569880396.6157532,5414103377.252197,16264617074.803925,29008280556.307526,3080737053.4319687,263134646.11301422,42776151.822133064,319922537.8651047
2024-05-20,1069997377.0430183,846990470.159378,1574166491.1592102,2462956095.213394,572610159.0911102,5273144796.750565,15825464862.596283,28329385396.77841,3054252500.221672,257965900.50689697,40943059.61812496,316872773.98052216
2024-05-21,1065931171.2716103,822070943.9608002,1503669458.206253,2385626001.1535645,548962106.5596008,5101576242.30011,15415089243.44986,27603229255.26718,3008208708.073845,252200212.51167297,40353940.40145874,306935711.5262222
2024-05-22,1078246098.5526466,831447661.0378265,1540039040.5031586,2355450114.068184,532632393.6361313,5034064815.887833,14959951498.843994,27475273326.81015,2970672173.207016,246363853.3444214,40589335.53254604,305165771.6928482
2024-05-23,1094059442.0153046,823156472.4969482,1571591057.090149,2323642233.2619095,534055016.220932,5065572028.976364,14673130762.214355,27245879786.647797,2987188078.0896378,241392475.68481445,41026898.46289158,305398478.39962006
2024-05-24,1089219415.3178215,812312309.7609711,1549174005.1348877,2277383123.9961243,528024895.7444,5027289977.465286,14452749237.526855,26718941512.059174,2940423950.334282,239326849.29496765,41277181.22487068,301726706.563797
2024-05-28,1071169545.0685692,822900885.398407,1521451320.9973145,2259652466.6269684,544857779.4952011,5012282859.028854,14406272966.478882,26501865149.433746,2970604044.7377777,232621643.71620178,42870445.78698158,296854014.3658447
2024-05-29,1069330713.9902306,805470393.1352997,1447520760.409851,2223547749.362793,556171436.4448929,4972749778.593674,14160942599.176636,25765693931.020966,2990655071.7376328,223813350.9173584,42768195.22520065,283139308.73638153
2024-05-30,1043724544.0625381,769502557.638588,1369859461.7661285,2132998369.3717194,525489321.95858,4804670635.066681,13754051098.206787,24990987685.97519,2870815606.0367966,209973262.88398743,40675681.06435776,267158764.59590912
2024-05-31,1044522790.7066727,790078507.6585388,1363331203.5883331,2146871145.0970078,509348737.9319,4798217383.226395,14228625120.207825,25783995192.15164,2802278421.0593796,199717028.08101654,41950876.58575535,265311864.33856964
2024-06-03,1048215450.2163696,799579000.4553223,1337948234.451294,2122169047.8590012,506168401.99481964,4732642416.488266,13923550134.451447,25176391108.4494,2774371256.5963745,209617403.5535431,41729168.089404106,261972698.66321564
2024-06-04,1084328266.744957,812198710.1413727,1323644883.5720062,2155361736.2413025,526801830.12577057,4768888119.5373535,13799632184.25827,24878625654.857483,2856684311.967201,194784112.22572327,42542779.38067913,261054525.88855743
2024-06-05,1097967062.4366379,811596516.4847183,1322689923.5282898,2141368533.6999512,521645247.4781418,4774886378.791199,13899779764.828033,24794607113.504486,2914644408.213539,185847455.41290283,42443341.774930954,256347032.87937164
2024-06-06,1113343408.6985207,837103623.132515,1333005056.7346954,2146731914.2204666,508570125.4657364,4764644983.91861,13861379968.570404,24537818446.53183,2884106488.209305,183705362.54543304,43321583.69134903,256292279.4252777
2024-06-07,1143707940.6877327,868971726.4841843,1378150925.8862305,2173888929.3255615,498020154.7924042,4790079542.383347,13916602270.255585,24556327822.804718,2867978025.240135,182616699.2774582,43472876.71394825,247806245.74604034
2024-06-10,1149025102.2640991,872935857.8912735,1328008987.700348,2175167373.6943054,501243694.52480316,4822557242.277222,13798856010.094452,24162475859.1185,2863542147.843666,187444341.57432556,43963394.72561836,235708528.12473297
2024-06-11,1175367071.922264,909966579.4659424,1317939196.6732025,2186707507.3056793,504507137.0768738,4870227614.908981,13805432252.057343,24182443568.53195,2895539486.247444,182956456.09596252,43927934.324150085,237247706.61140442
2024-06-12,1195785288.4932327,910024974.8022461,1330564944.1378021,2271397909.095154,524492090.88150024,4970719864.734802,13854771733.236694,24383674682.56897,2968943912.016182,184099422.00984955,45313730.76438904,241151992.3583603
2024-06-13,1177266102.125492,916397568.2253265,1290288420.4792786,2210404050.306549,503885147.2738266,4906146316.477737,13536033245.826263,24030990893.52997,2837641166.0781097,176595992.13245392,44998658.29137325,237442187.73525238
2024-06-14,1158555630.458355,931358990.3560257,1319293933.93013,2282924878.187294,509188362.69039154,4960235866.911163,13312727356.544952,23797103991.839294,2803300668.411331,173339991.99733734,46872064.00029659,235804261.93805695
2024-06-17,1137147755.463276,942673568.5135651,1243684504.2791748,2288698667.5102997,514097030.5073929,4853072458.8510895,13401601318.135376,23758783384.356995,2833230324.925461,175642512.7426529,46873486.05005741,233260173.5072708
2024-06-18,1160075562.2961235,979757865.4316711,1229439383.0108643,2385487697.860222,517363949.74048615,4943309987.74086,13437383267.914734,23889129732.26776,2875061889.0251923,174726473.53927612,47008428.30159187,234096807.4765396
2024-06-20,1210926343.927555,996644962.013092,1264089009.3008423,2408742815.734291,521474600.8751297,5080268414.671249,13722485342.244568,24897061915.28717,2940990034.2311096,172817244.88616943,48222760.13045311,233172018.73809814
2024-06-21,1204945112.2903824,1008759928.5939026,1261313619.838028,2395081709.521179,536087320.6707382,5237789141.455612,14045507482.218933,25359953175.73639,2878990140.8971024,170066965.23159027,47083871.126151085,227276711.21704102
2024-06-24,1187165309.4833374,1021057559.5172501,1208322753.335495,2370107888.2627106,533443832.58880615,5119769979.517288,14014214378.59497,25101873247.14203,2911632608.487892,168524708.30989838,44009104.75342274,223049285.18878937
2024-06-25,1195857081.271305,1018679865.2147675,1203836298.0547333,2389986475.880699,533194412.8102875,5076111915.8564,14031210208.246918,25047066701.10901,2930733143.845024,169140485.9954834,42783810.796871185,223721815.51166534
2024-06-26,1191170300.2152443,1008531921.3009644,1212127574.5690918,2396152583.5712814,514127074.7848511,5080188254.689636,13976286506.552887,25138674806.80481,2905980410.860939,166436375.32424927,41132910.14296532,224920950.40920258
2024-06-27,1178147255.8765411,1010258928.1624222,1220404956.269989,2365947648.880234,492763935.57640076,4999521480.64621,13930576310.737305,24916311962.23053,2820433796.4699173,167373690.88546753,39694888.5397625,229460072.24853516
2024-06-28,1182630390.2842522,1046623419.4464874,1229693755.8098602,2335586821.8389893,497295571.60015106,5143837342.354736,14076303603.409424,25760326553.022156,2930749457.3983383,163976665.67886353,38769882.501945496,235056774.04903412
2024-07-01,1122633157.0749855,1045073249.8677063,1210160263.493576,2287592667.7415085,535431345.7110214,5100405163.819046,13424425075.549316,24502710858.73993,2965594694.894142,165617591.11400604,36521493.73394966,231733893.7218094
2024-07-02,1099009038.0778122,1018923806.3413239,1196165736.516037,2266311669.574394,537734406.8274307,5031861009.377289,13329690133.588257,24383469796.017456,2930717359.103737,149712531.67240143,35291164.6577692,231318498.31508636
2024-07-03,1079676086.4702415,1002087523.768692,1191965552.1775818,2208469239.071121,516619625.7212448,4914597607.752457,13235108664.214325,24375732688.17383,2900047691.0136414,144092185.49240112,34380231.6403389,226961337.66506195
2024-07-05,1067760865.3577614,1000982117.6826096,1198024883.691864,2196014777.084198,510843685.52360535,4877269511.253052,13160294343.581238,24260321595.65796,2864016693.105774,144741377.41355896,34233673.47054005,230330444.11777496
2024-07-08,1053358630.304203,973560673.9265823,1203227310.0837708,2205630709.38488,508566617.2544861,4911162182.39975,13201526164.375916,24437738195.80139,2834945272.6752853,145820720.7212448,33556296.22784138,227564836.4906311
2024-07-09,1018853667.3792648,922739317.1362686,1116838739.8858643,2160774212.1450043,491070590.88321686,4831607385.4348755,13241654740.455017,24054807132.625122,2815821824.444275,145967996.74415588,33420483.447146416,223549010.30902863
2024-07-10,989248719.7174263,919980842.3858261,1132772384.9704742,2163495381.0131073,491978723.0188751,4776509138.967972,13465207699.218445,24185201037.445984,2830431174.4618225,140022011.01287842,32591439.797143936,223918120.17017365
2024-07-11,993229423.0997658,890866186.7392349,1193955310.4424286,2232562660.1721954,517359118.40049744,5217764570.36171,14171553125.411682,24676097568.745422,2916570767.1001434,145013613.22681427,36073087.222356796,229087300.44612885
2024-07-12,975918419.8579788,869542377.9609299,1188262832.9896545,2165213454.732704,496253904.1686249,5312368754.120026,14271248865.434265,24460947034.85016,2856338591.245575,147700685.61302185,35140460.56611538,227732643.8103485
2024-07-15,983347051.6416931,850496507.7197266,1189858455.755539,2113915016.6553116,484245439.2279434,5555410640.044556,14427006759.522095,24391922606.890564,2875789219.429741,150158116.49608612,36168700.078487396,229607154.79042053
2024-07-16,986088098.4188461,828172380.176239,1239894291.450882,2077438932.164917,481268266.9475937,5976781567.309723,14511034388.883362,24338849648.850708,2908375598.3369827,149183974.23557281,34294116.684184074,233742855.2414322
2024-07-17,1032099264.6984673,822495941.9361496,1296226440.3910065,2078202102.02919,482251002.6648712,6445062339.00116,14964453566.633148,24405292094.63318,2900800024.7356033,149024385.65475464,39088631.56247616,245222927.87677765
2024-07-18,1046422115.5846024,825270038.8323212,1305131546.3558197,2065444212.8482437,497385027.3547363,6762208658.532181,15549445989.350739,24819331904.971313,2932674082.865219,147806918.87439728,42046184.22890663,251808955.6282425
2024-07-19,1028195202.2825623,843052306.3528824,1321682378.169632,2098446043.2138824,504932959.0496063,6890804740.187988,15731315950.656586,24702987289.866333,2939819274.507904,152343990.35953522,43175424.848566055,254039482.54138947
2024-07-22,1022073943.1063652,842878624.636116,1285629870.1246643,2119209034.978714,491759050.9836197,6913115265.841827,15804549528.181,24166157680.64514,2996399898.8726807,152386126.30691528,44318058.99192333,258545006.4307022
2024-07-23,1028348504.0340614,843085737.5811768,1285109852.3511505,2121181328.1173706,491070370.94882965,7182579348.813019,15472906198.80478,23890763048.840332,2850546957.240715,158765990.0499344,45211148.03383827,258597670.2593994
2024-07-24,1033362136.7773438,850347734.3361282,1319961530.661087,2162300489.4966125,495218860.454216,7478691929.234314,16133295287.70279,24851085805.09552,2964687383.1549454,161940527.79327393,51655789.30887699,264977043.2637787
2024-07-25,1050845405.8762169,876966224.2619705,1376840044.5767975,2185143783.11882,496005237.55947113,7775874761.6635895,16936540986.590424,25432252543.778687,2991201017.579384,162776148.45977783,59072839.68084335,271705630.3122711
2024-07-26,1045316052.5367737,864409564.7117233,1393147340.854721,2167004652.4243546,497461238.3047867,8051369867.795486,17227802215.057526,25926821606.07727,3039067229.5622635,163727559.53811646,61031521.74946785,269165235.76545715
2024-07-29,1028148221.6802788,834910647.273674,1402018782.6994324,2146750966.8956375,498553598.42380524,8071111801.2864685,17048603557.148438,24954210162.664795,2918431104.0224075,165668358.12576294,61315383.66012573,267352392.55573273
2024-07-30,1028334909.7594643,793669171.8608475,1416039994.213791,2157722832.312126,459398596.11515045,8148351097.561951,17390263793.69873,25121189628.754272,2834604740.562935,168705178.07044983,63524865.13159752,266760778.02585602
2024-07-31,1063357769.0808296,834570548.7662125,1445872699.831009,2230821752.7785873,472969697.4717331,8552058096.993179,17784791193.36548,25803484568.845215,2898759428.2979584,181722892.39486694,64458180.05305767,278229321.25904083
2024-08-01,1078388290.5945587,870822067.1532822,1472243819.8342896,2333959560.2072144,503136981.614418,9160018406.943588,18634427866.488495,26947366523.544617,3087826709.207077,192597424.98451233,68947342.13923931,301736831.098938
2024-08-02,1107155018.383789,929989971.3149643,1531680126.8792725,2493327366.8405914,563877016.7308044,9673491159.063416,19407520720.237732,27978319828.307495,3355331199.846649,202901225.07354736,103679032.12656975,311380561.55799866
2024-08-05,1184891017.4110985,1006643237.5809097,1567942827.6628113,2761208549.661751,627585739.4413757,10117198656.611328,20748052325.40207,30695221231.298523,3699108204.8555374,209162713.3998108,150504115.57712555,326958875.70877075
2024-08-06,1207540878.730812,1055523742.4237442,1683795214.4475555,2903856418.291321,657312173.7674713,10311914279.448242,21490887875.12558,32117739862.483215,3843333693.6262894,213769155.45547485,158037002.87657738,349392571.34780884
2024-08-07,1246871308.4313965,1112028192.9984665,1681166027.984848,3011281043.398514,677321306.1249161,10422353924.621964,21974570476.423798,32847690277.118835,3969735241.450882,223009918.07430267,166047709.55685616,360484584.05189514
2024-08-08,1231369114.9469376,1131806273.1960678,1647975884.797058,2965749466.0391617,656636383.5332108,10016526081.276474,21820092948.315125,33045708945.768127,3922130546.5223694,222309444.80091095,166023079.74966526,368064190.8660126
2024-08-09,1221121576.0537148,1136264054.2903137,1640061750.9468842,2959587101.030731,660947553.6426163,9698332271.314468,21659754069.013977,32781369618.573303,3944741980.919876,221398537.07935333,169272022.4998188,371074593.3017731
2024-08-12,1200589420.8691978,1137095310.88974,1639567032.141571,2997175788.3439636,663251605.8789444,9382225970.304642,21515780958.70758,32776344795.447693,3891114296.576271,231213463.42468262,170290789.7604704,371382833.2075119
2024-08-13,1202849712.7890968,1139538767.0484161,1590059030.4851532,2983846731.9408417,671750194.5618057,8894623804.568634,21795941263.392487,33155527913.49182,3869913746.206856,232190942.60009766,172163398.4885502,372021414.53357697
2024-08-14,1149682356.8838882,1121831220.5735016,1553898095.7431793,2996628435.6069183,668577000.2914047,8432243196.431351,21249853586.597137,32729056293.3667,3885621962.0736694,228870753.7971115,168439730.0861168,364808858.24035645
2024-08-15,1117437279.5840645,1098818403.8610458,1551800512.6935577,2987545119.044876,655380020.6682968,8306707002.261429,20977682897.408905,32853810493.42163,3910519224.9290085,229525436.738739,165838413.57195854,363574164.9584961
2024-08-16,1112048718.0188751,1079507804.980774,1594043146.5699768,2980976415.384636,652281005.0805283,8220761301.492767,20891234317.179108,32300144679.457092,3901419312.8040695,228693452.70095825,163955069.5182562,361585090.8694458
2024-08-19,1132864249.0402985,1053346690.4866791,1594698943.313675,2972781475.130005,655385820.1058578,8012334585.084839,20494729915.596924,32195165024.355164,3861834283.284378,240805470.01686096,163090583.4558773,359320121.9809723
2024-08-20,1126101306.0321426,1027900526.889801,1650796493.4535217,2989499541.509018,655220030.1249313,7749284171.015701,20635158363.46161,32184139631.258545,3876720976.086464,239031858.2906723,163289630.89517593,369321198.11798096
2024-08-21,1100108199.4547272,1029184354.6577454,1636908069.2811584,2980115301.1083984,659006353.5326767,7503761187.564697,19899127710.514526,31351061500.92987,3796479933.943825,240909039.73926544,158674349.51040268,366294022.01488495
2024-08-22,1090522284.4598198,991843867.4655151,1596296844.7284698,2960641394.2609024,661814149.8585129,7206519837.588501,19442171817.772217,31267424531.32202,3756535506.048355,245508221.81301117,152489533.65280628,360702740.3600311
2024-08-23,1105550848.2705116,994327728.7800598,1589337225.340805,2993878204.2147446,663730491.1049271,7190014045.281296,19382516294.10385,31228093548.273315,3754628253.972702,248786140.6572342,152093875.14163494,382211188.068161
2024-08-26,1114979680.581665,985811618.453331,1574622474.3668365,2967315506.953354,650437058.1264114,7090775267.080917,19380475559.00055,31156940846.227417,3748765199.4724274,257766661.70276642,152557862.85796165,380213579.6463394
2024-08-27,1106439706.2054634,991310980.6986237,1571426830.3762817,2930941219.3356705,651026191.6004562,7007624953.434143,19094069719.68048,30813322379.7287,3724478962.728157,258992804.42619324,150417592.69132137,376388962.5592041
2024-08-28,1059162971.8170357,942816650.4449844,1546039424.0098572,2832952534.765053,639078402.5007629,6643086982.267303,18927235402.348328,30166587346.62506,3601494087.3147583,248170796.62662506,151429305.47358036,364453168.1896591
2024-08-29,1019651589.3663979,911716331.7821121,1528911178.925171,2719135850.3788376,620231099.7010803,6148705305.9713745,18595409796.00006,29195334339.092102,3374847097.7915955,249902797.02850342,148523295.25619984,349636428.72024536
2024-08-30,1007424908.2076836,881771577.1544266,1470156492.7314758,2568454747.771263,558855819.927597,5713153400.707092,17911410754.572296,28766705424.891357,3149665625.542221,243970510.01930237,114445032.28362083,342928457.9966736
2024-09-03,962402276.5320396,820438842.6476669,1444617966.0366058,2319434893.3981323,509431245.1583481,5390481456.042786,17054741014.16504,26704537327.60315,2958281919.638405,247206044.46922302,72091880.95872879,337512996.83052063
2024-09-04,949760254.9398041,780887017.8119278,1340234950.0083923,2225933984.249115,511901465.7875061,5266775338.319626,16421854578.721008,25811992259.516296,2872639056.000328,251332825.078125,69683906.94050789,320275432.61917114
2024-09-05,923921843.3306694,739797748.6074448,1338130362.928009,2190145845.793762,628160380.1422501,5212363123.544922,16026122892.469177,25209247630.548096,2864187879.8451233,245039402.06832886,64906292.52936363,327088371.2612152
2024-09-06,928669144.8130226,732408729.4623947,1340094330.3577423,2257616423.401642,687967607.81147,5295161328.332367,16088298140.115509,25376956567.668457,2962161352.7693176,246387849.53231812,66948043.06540012,332606926.9720459
2024-09-09,926274025.6567192,732607727.7143097,1331325887.9828644,2242337845.7320404,703903644.3924713,5324054611.608887,16081695967.719269,25268777556.463013,2944248327.5662994,244546199.50317383,65918556.60052776,328088535.8533478
2024-09-10,935446428.5176659,740285989.8843765,1318737066.545639,2260574953.421097,721667920.8533478,5354939735.308685,16134495242.471619,25136243282.19635,2983757902.980728,239410791.26995087,65814269.435043335,342916243.50315094
2024-09-11,945513838.635273,745480130.9149551,1295729213.0184174,2280680572.157593,726018243.8030243,5373676787.511444,16558256022.671051,25788438487.24823,3031270221.204033,241142391.50035858,67894707.30720043,347208527.738266
2024-09-12,950673922.8574371,763667320.1800919,1351288548.0610657,2255713281.659851,733927775.5620193,5403251974.14032,16701185172.620392,26076192250.57831,3082524129.7750473,248651545.74245453,68337313.70599747,346911693.0573654
2024-09-13,930049427.9131699,752906446.6930771,1380429482.6153564,2231009872.4451447,733586075.2272797,5358342453.512039,16487274513.584442,25511575921.13495,3028742152.8196335,250867865.7429123,68350756.73061371,345296788.86821747
2024-09-16,895062676.576519,752191726.3131332,1298357437.9532623,2224899972.610321,744383344.7473145,5289799243.380203,16113942158.131561,25316354444.807434,3045159856.37249,253178086.92504883,68244342.7346468,354736013.84399414
2024-09-17,881509643.6797905,754494396.5167999,1300932476.1330414,2218749934.3992996,760356509.16893,5489986637.46315,16253499603.22876,25603468783.32184,3078664137.545624,242025852.71453857,68375154.99070644,357134024.39689636
2024-09-18,894822221.4883614,767108013.3905029,1325955510.293579,2243667719.359894,777630523.33004,5844839438.124695,16490352470.350952,26302010248.795166,3188865361.993599,240464982.75917053,70214320.96370697,359287639.83955383
2024-09-19,950070503.2657433,765096041.2380219,1337046550.563202,2298215313.5369873,830137524.1549301,6025559426.924667,17140166552.228088,27265683205.920105,3239266570.134926,245422207.7204895,71238017.11240292,366825549.35344696
2024-09-20,972642621.6038895,767734450.2173615,1364629847.368164,2352097450.4372406,838528022.5233841,6211551501.800766,17078860374.32434,27898713490.568848,3257995688.6909103,238692805.40634155,71044475.58150768,369954808.34373474
2024-09-23,966676777.2875786,752970135.8570099,1367614816.823578,2340944920.5174255,847996155.630188,5997945420.897369,16816982096.734924,27739640958.315125,3275727520.4654694,237579009.69726562,70122248.02228451,349838542.4861145
2024-09-24,1068617919.1900444,753691528.0057144,1434119669.6102905,2371678221.670532,864308277.9275513,5956300252.878952,16795457588.387451,28069444556.21704,3312163881.461334,229994323.7223053,69675600.35654068,352799704.0230942
2024-09-25,1128930031.991043,762391663.071518,1473197443.0662537,2394815808.9808655,891997080.5836868,5995167919.852676,16785607393.049164,28245938459.772644,3381118951.930809,228864076.73244476,69829406.69606686,355851195.89889526
2024-09-26,1277417868.9271355,782846782.1049118,1502656604.2121124,2433504633.111801,891715943.8454819,6054251440.077667,16690577621.47995,28481384211.74408,3448700856.837311,237723648.81217957,69003594.91219044,365733151.2711334
2024-09-27,1360121462.1574974,789514797.8884506,1540359416.934433,2500968107.9049683,892119086.293335,6050064151.842499,16284980429.188538,28604302672.445984,3465414169.5700073,233426510.40439606,68798383.971982,373258994.1251373
2024-09-30,1433607340.0362968,781352627.3315048,1558003149.6179962,2516770973.492241,911178106.2591553,6040196405.644684,16228620331.54602,28664661222.742615,3429731894.6753693,229181923.0021286,69829175.221982,377026180.34835815
2024-10-01,1447212941.3433456,815225872.1854782,1614345085.2960968,2570934010.9926224,927348917.1778488,6034150772.793274,16219790616.372375,29054999362.073364,3415276080.4400635,261802576.73732758,71704165.14126301,373466596.0789108
2024-10-02,1522183945.8574867,808240787.1944809,1643749784.6607208,2604721161.206131,917494529.2110443,5941527252.917557,16045979861.055908,28845959605.00305,3390374617.2080994,260329688.3310318,69208166.88333035,383293543.4860611
2024-10-03,1545768134.828167,799978327.9567337,1657194808.2427979,2557725354.891281,816082607.8116989,5920166996.622543,15864649308.450928,28794014204.902344,3350037583.0654144,274976494.2260361,69079682.03534603,367581247.22553253
2024-10-04,1547168350.356121,786830945.2774048,1657224709.0008545,2524523242.8211594,774596923.3237457,5868803356.181488,15481692779.890747,28191644505.534058,3338228471.1613846,284500838.0736542,65861699.7835207,357385410.39562225
2024-10-07,1602543459.8620796,774989181.0292435,1663120120.0654602,2683714873.2743835,781044914.1692734,5787202023.59848,15336652805.00122,28502143113.09082,3400894014.539528,292440507.6600647,67694033.01532269,359521431.21418
2024-10-08,1668544751.433239,762713839.6189117,1705142583.2618713,2694175034.4732666,771387575.7528305,5746065403.343506,15348516457.856598,28576804177.123413,3401826786.2975693,309418845.41332245,67518722.94146061,349093374.3568039
2024-10-09,1693194819.073124,734186829.2318726,1700954263.8906097,2695403133.1572723,768142619.5227432,5663449602.88765,14618038118.855133,27611087608.830566,3375015316.5244675,323217433.4031296,63620650.544929504,349858851.01665497
2024-10-10,1692174690.8934212,711867539.19281,1641802227.136612,2701485772.834053,767560097.3530197,5639161499.034348,14308352324.43161,27441866554.69818,3416450904.3769836,326741987.91542053,62687956.48067951,349253574.23404694
2024-10-11,1720500628.415966,710490357.6230621,1623890495.0701141,2684578590.0479507,767279463.8049316,5459236711.538544,14128314376.226654,27562995799.674988,3416151906.1787415,332288590.77552795,62507259.05164719,345454690.68927765
2024-10-14,1735282870.4011345,698178962.9605103,1615713555.2936554,2615302106.463356,753691089.7375107,5422068743.776245,14241858982.768097,27592098355.304565,3396819044.2730713,335500312.49134064,62198216.589818,337715813.37589264
2024-10-15,1760400915.1760101,737412227.0129013,1622686826.8398285,2628796110.8961105,752466012.0273972,5325016168.808899,14383043387.594452,27775329530.390625,3453330935.1099396,343475919.6118927,63215940.51629543,336760120.43109894
2024-10-16,1761761868.2598495,727752691.917839,1559326039.4256592,2600632806.506233,735733821.4833069,5052167711.282959,14011461688.950043,27032830825.982666,3371029308.642807,342788959.93190765,60292285.35459995,328059557.90058136
2024-10-17,1756082699.596157,722881388.9982986,1550629061.8486023,2592418060.9598923,683210326.0993195,4864445011.38443,13411409258.065796,25913673071.35376,3376487334.2691803,337006274.23095703,57901454.43546295,320947900.25123596
2024-10-18,1753797140.1974106,714967200.6920624,1555342711.824646,2539233127.534561,676226939.4525528,4711578461.809998,13206722556.512146,24827602085.97931,3317099705.311508,347569810.6585312,57127072.628154755,313621221.7890167
2024-10-21,1744170927.6247787,718281694.8625183,1605798478.17688,2565089111.989403,671399492.8765869,4758200809.136047,13356818553.539734,24638233344.732666,3365921890.9188843,347945897.9227066,57011165.58389664,316932428.9613342
2024-10-22,1645785872.4482155,713643713.9676666,1575702493.897705,2588965585.8016205,665351951.1373901,4703428005.681305,13388455413.714905,24305077522.807312,3361955783.7731934,353188724.84825134,56583155.78371525,313223762.1644592
2024-10-23,1598304850.2734184,695908487.5478363,1586227507.9042053,2627112743.727684,648222748.3493042,4705424822.224884,13701458294.228668,24628312451.768494,3338263973.691635,349665082.33421326,58774349.68111515,314212769.1062546
2024-10-24,1452974446.6903114,669453871.9581604,1574639174.418106,2617301417.2093964,635943004.0317917,4635376430.7183075,13462147240.793457,24265714840.00305,3326876478.2098007,341918720.4727173,59270028.06133747,304551870.05146027
2024-10-25,1384414270.7816887,662176186.5465927,1528633961.6590118,2612139380.7927704,636108951.762352,4632051365.087967,13862361082.29248,24427921290.166016,3320352039.33445,344267718.3293152,60484574.24843311,299427353.1154251
2024-10-28,1282758312.271881,635909828.381691,1495609902.9222107,2612614245.7162476,619493449.3960953,4611238954.635086,13632714086.638947,23499968369.20746,3306687730.0475693,362253898.3067703,60329050.49884319,290581702.1897888
2024-10-29,1230809325.2656746,597200308.320427,1479015397.973404,2601075830.8115387,603463560.8607864,4510950640.771713,13307873485.151062,22698278915.28717,3298651590.9312057,325962580.81653595,54472113.4210825,283966052.8549576
2024-10-30,1156907777.0043755,597819161.7124176,1477728061.3285065,2555363793.357086,596057495.905571,4571293815.410538,13472721572.419128,22813946031.983337,3316008499.967308,325110185.69942474,52715138.78447056,273816084.6250534
2024-10-31,1180948181.508274,631250744.7105408,1533954262.1923828,2597642600.469818,581705598.8981628,4602138568.630142,13856954273.714905,23354281938.486633,3361624873.7529373,331849944.0514755,52791954.28703308,283678939.43626404
2024-11-01,1152061326.3768768,635248911.05587,1542805628.0874634,2610838620.1657486,610463465.8692169,4530100206.474457,13928834994.438782,23426533726.48285,3448982899.996414,325868682.88635254,51327995.874791145,284263505.55656433
2024-11-04,1109333986.7438507,645190507.6997375,1553730880.4592896,2460962388.993149,600958136.8063354,4592248988.396606,13893131565.265808,23103493740.538025,3475116242.6618958,320664546.5989685,48284167.37976551,284012394.51148987
2024-11-05,1050190816.7623329,656928504.6738815,1537183242.1916199,2427665692.7017975,609960449.7867584,4689378080.134888,13801641128.581238,23168719890.27466,3529303398.4243774,300776442.45716095,47681151.47591591,278043349.7748947
2024-11-06,1051985042.6974869,679829741.7751694,1666884370.0850677,2430981929.2287827,646383630.7883453,5374115653.653183,14270152700.071411,24071064728.806763,3787174949.8394012,291890054.59846497,48888603.40856075,287471994.85500336
2024-11-07,1098114517.199974,701369015.2163315,1718809320.437851,2508722715.57251,688797796.6105652,5518350391.980972,14477620558.265228,24203508087.42035,3791944971.960144,285960078.7830734,49123103.64057064,297308498.91693115
2024-11-08,1130865763.3013535,717517200.7701111,1725461318.1385803,2522428981.8811035,719128374.4668198,5612566897.280045,14556962636.763306,24364461029.821472,3916939189.353943,282761155.51223755,49626915.43771267,303895103.07785034
2024-11-11,1131014192.9689407,713475968.2590485,1818484617.7963257,2518877233.2154083,719434593.1987762,5748354302.293396,14529874815.736237,24430260901.525574,3887564102.1914673,279396935.75149536,50488152.568740845,302789607.501564
2024-11-12,1134000462.0238876,706771468.7036896,1870896706.8108368,2567654285.5316925,719832144.2448425,5875318490.365829,14340453308.529816,24148262939.879456,3927441538.572769,271155370.69438934,50612264.04197693,310549541.8427658
2024-11-13,1134225882.7617264,737845809.9533844,1903953249.8270416,2575865253.1443405,726276837.6098633,5866957087.356262,14404635784.858856,24658216741.423035,3989455318.4329224,275406127.2558212,52447441.38208389,308815689.254303
2024-11-14,1124775667.0809746,772964336.5196228,1937518887.193985,2526115683.6419296,734669804.417038,6000412205.440903,14465172653.664246,24807871291.966553,4024622443.5775757,273623098.3523941,53331437.10911274,311925016.34426117
2024-11-15,1117871878.113575,806249716.0923386,1925450885.833969,2543164018.957062,784833677.8128815,6203783733.275375,15110650653.686981,25916935215.18921,4223395928.2855225,270782962.74871826,55887736.412358284,314659883.92276764
2024-11-18,1132758214.020729,804105667.2467422,1885379034.81102,2512813304.0428925,776307980.5577087,6269508970.795212,15036901155.033722,25941219389.325256,4162950539.3823624,271369776.1870575,56266779.46293354,307048173.95706177
2024-11-19,1125407266.6711617,830711511.6540527,1892312477.71904,2510256377.7148438,773909820.1034546,6392220857.569199,14992863516.346588,26393322209.743958,4150411833.2395935,271694997.8689194,58022106.949710846,309223358.75930786
2024-11-20,1120604896.6775703,847533544.1049194,1872048546.273117,2440081063.2146072,768483796.4095688,6416446358.370361,14777871748.776703,26444319789.916077,4124798842.2579193,267725721.17198944,57592041.07965469,310934569.56424713
2024-11-21,1118785587.8787804,856208065.8563232,1890989389.9634552,2433164649.80896,766454752.7028656,6548248558.528442,15104509106.862488,26811403265.720215,4104379732.01355,266385221.36081696,57084050.53814888,312385991.2024689
2024-11-22,1101761563.1152344,882548696.4921951,1928676145.9693146,2412406411.944046,761404187.8950119,6558417852.413406,14750302232.236176,26585740290.253296,4072559046.499939,262296608.09379578,55329606.9448185,308467993.2404709
2024-11-25,1107929731.819458,947314633.0141068,2007769652.557602,2424829268.1202316,771533445.1926041,6740389479.971695,14909692216.598663,26969538073.624573,4176453347.347946,248027927.07874298,53759544.717121124,316406655.59791565
2024-11-26,1113999672.824974,948311586.6261673,1954203633.92807,2419050204.535141,756549548.3496857,6786348740.6427765,14885623784.329987,27089311293.393555,4111662338.8575745,244360263.8313675,53359571.32136345,316545395.2598572
2024-11-27,1099364405.8254242,942641756.4790344,1956357900.5316162,2425721980.4585648,753351057.3243713,6801934302.310257,14778628644.658356,26909365995.07202,4102808663.358841,235973502.00748444,52489689.84908104,314411618.61709595
2024-11-29,1041868657.8904152,914264446.2008667,1863739073.1132507,2362305931.3071823,737992448.2225037,6743803842.463989,14177077422.630157,26123569357.58087,4018749505.4989624,208710079.0203476,49184424.88166332,301467628.31165314
2024-12-02,1038871327.6729012,935597248.5949326,1840026737.7998352,2322492842.153244,695748753.4856796,6815624673.136902,14006289009.795685,25784772827.673645,3851852690.48584,205008759.34394836,48068302.62295723,296970655.312233
2024-12-03,1088959431.46904,946931575.5759811,1825503675.6774902,2314984774.9129486,683500937.094841,6846415652.145615,13921693538.748932,25513972611.894226,3780799461.3886642,204656149.64206696,47068040.26684761,291115748.0989075
2024-12-04,1087078156.350174,949824384.6680832,1805484152.1957397,2284120243.8241577,674025073.6615372,6791123306.969681,14004085364.062042,25672377230.646362,3735559450.170555,204052412.43312836,46263614.71512318,290385517.70706177
2024-12-05,1057409862.5102043,951004148.7653732,1684482384.170227,2212714408.455124,630545402.2561646,6147636773.493118,13394592119.079132,24552904261.657104,3425201290.6554413,193927208.83491516,45604134.469566345,275824271.70196533
2024-12-06,999117219.8826408,933774398.2592773,1617379914.0720367,2136162122.29599,592269421.2465668,5985340303.512878,13178509502.916565,24104923803.88336,3326400190.2619934,193060531.3317871,45379838.645362854,262656787.29026794
2024-12-09,977973520.9560966,920215377.3813248,1597471169.911728,2105928160.6494522,556980533.1490326,5869131061.5589905,13129627345.452728,23773009441.65924,3215523083.2310486,189483535.452919,46007374.36590195,257182916.5950775
2024-12-10,989543727.4749947,938185121.8254471,1514076351.817398,2165090223.173485,555242812.786026,5754342807.624741,13142430180.92102,23770044567.18567,3244443881.0038757,186716359.54238892,45262149.74779129,259833782.66384125
2024-12-11,962151077.7604675,922029542.6984787,1530757112.623291,2094450391.4348984,548735326.8793488,5612967963.7361145,13330504488.768005,23365858597.380066,3167079837.772064,191207826.19010925,42950322.84477234,258329213.45176697
2024-12-12,944417087.2262001,900308357.4032974,1556065520.795288,2077960203.0163193,539592047.2439575,5560653056.707764,13322026527.459412,22913298955.102844,3155253311.3751984,189369664.38163757,41905006.286849976,255497113.7848282
2024-12-13,914518457.7960396,868628862.0607376,1538799407.348175,2084003499.5007706,529786072.2967148,5501642571.305695,13355715486.401367,22845209215.38849,3097422496.3043976,191991850.81180573,41307590.962963104,251515584.51381683
2024-12-16,922237768.2632637,906999496.929512,1492977614.242859,2043564165.1343536,476724085.9513092,5447867867.1698,12942294171.733856,21963490798.442688,2887849913.4682465,186512329.51457977,38579943.28994751,255230985.19348145
2024-12-17,927693796.5101433,930028478.4749222,1470678786.7404175,2048585570.5279922,477241271.7050934,5493992093.421707,13030084826.588287,22548513303.00232,2837609054.1685486,183141704.38861847,39462199.173583984,257469566.83177948
2024-12-18,960986035.6480789,940496845.0740814,1486553496.1888123,2210722886.050415,506031165.0643921,5767858014.373856,13818247234.663239,24228802700.473022,2968873377.328453,177353545.15735626,43087588.50442886,266532839.3719101
2024-12-19,986654678.3601379,958023670.1184082,1502627980.5830383,2385756106.0362244,521172547.73101807,6054789994.394684,14264327075.46402,25248513357.37091,3259528498.0194473,180069414.75009918,47416636.75918579,274789544.4652939
2024-12-20,1005784945.2144051,999352343.9037323,1523658949.8905945,2512429878.073883,525344672.1520233,6313484329.495239,14956013493.531342,27542062434.80774,3328712954.776497,179152637.9100418,50557643.968048096,293267788.43357086
2024-12-23,1013701369.3569946,975913879.7929382,1500237581.2233734,2510781556.5167236,527667558.58192444,6370249584.757156,15128884509.059296,28111690179.54712,3372407244.739952,176517648.3787918,51514371.51731491,299092331.9880295
2024-12-24,989332837.5071526,904914078.9505768,1399335791.4117432,2426997265.6204987,506817298.5615158,6118576786.180496,14928637398.358612,27849391656.644897,3219459823.0865097,168350707.20767975,51897239.100055695,290054492.4478531
2024-12-26,983279417.4146652,909962014.6315384,1395709696.467514,2344840081.918869,500400856.53930664,6074347522.459335,14760206641.792297,27725324604.918823,3168021495.926323,164644135.67134857,53352735.19294739,288254507.16602325
2024-12-27,992888445.4818344,939859020.3104019,1368401270.4210663,2309479953.430786,491866484.58465576,6139178822.303085,15012952383.755188,28628135811.86371,3108709640.146103,164391393.06362152,56423317.1872139,293256358.88801575
2024-12-30,1008054804.0130997,955775727.6993179,1377523204.7769928,2292998541.927414,489909443.8082886,6219222209.458466,15510651472.164612,29373297960.380554,3168800987.0454407,164162467.18524933,58883272.961769104,302781685.63209534
2024-12-31,1056120972.3945427,974278170.1781082,1350057428.4610748,2242665248.4754944,488898603.20861816,6204395903.998108,15607343902.554932,30078174896.414795,3126796334.4013977,156349660.66688538,59803803.8599205,307445031.96151733
2025-01-02,1004595073.4333801,970335269.0233994,1383259076.392517,2262250023.3812714,486999168.44589233,6272221485.553818,16052526858.83606,30724932892.180786,3098730102.74765,157242294.47032928,60946587.54117966,320546370.1804733
2025-01-03,996374252.4048042,976477533.7112045,1386195151.5026093,2297502239.5506287,473075180.34290314,6307869212.989731,16124083378.319092,30553615980.04181,3031232106.746826,154542408.0809784,61794799.24352646,325232574.9377823
2025-01-06,1000411127.1334076,990577570.7838821,1373539809.7647858,2329864445.5318832,466754116.61712646,6331712673.919983,16594340698.849487,31094165075.25299,3050069416.1569214,157370163.11470032,62551121.7842865,329682147.9630661
2025-01-07,1035944241.6650772,998101481.7643738,1392773344.8336792,2379045538.1591415,459862652.10136414,6404412107.564926,16912557437.07901,31911374079.092712,3078220724.7938538,161831472.88589478,64167021.251716614,344779568.80119324
2025-01-08,1002601537.4514008,997427250.9777832,1412459129.782257,2426376879.494362,468449658.2616043,6502215822.665558,17164500352.985992,32252921665.34424,3124745093.9405823,167091335.62194824,66499227.841415405,353634817.7268219
2025-01-10,1030090517.4140167,1000661846.4066696,1508404626.83815,2462042848.064842,488052880.6919861,6669511245.459747,17556654848.496094,33239386037.123108,3188631719.526596,178608730.67897797,70433481.76441193,381413303.1186676
2025-01-13,1042808212.9067802,999043174.1641235,1473760451.254654,2512969219.280739,481288307.18048096,6705182912.08786,17507221926.08246,33755172467.687378,3155048832.626114,188188520.64804077,72503663.07861328,377775549.90070343
2025-01-14,1052678419.3528748,1002625282.6475525,1408975949.3741608,2513942720.951996,480072630.1411438,6733312534.908142,17737825862.683716,34206990712.340088,3095772610.6253433,196938902.59914398,72758552.70994186,383648807.2267914
2025-01-15,1057725797.2697067,1009116747.9205322,1407285675.439682,2584814985.748024,491155935.3068161,6791331598.315659,17877699905.350952,34802205257.716675,3149584756.014824,207499973.42761993,75385026.34658813,387503328.59729767
2025-01-16,1026176454.5030975,980079189.754715,1482485117.45018,2621782528.6862564,503769083.0849838,6652108248.888779,17743738321.38275,34763114327.84027,3191758153.4116364,215280606.3651657,76496253.3719635,388982725.3303528
2025-01-17,1025856673.0683899,967712143.758812,1532166351.7362976,2624265716.4242935,499320791.15802765,6572931418.468857,18327287790.873413,34817754724.96124,3212932889.5719147,216917036.75296783,76486471.61689758,391381224.15901184
2025-01-21,992658135.2529526,957599304.3127441,1533324648.0599976,2457912407.2815704,468164872.75821686,6299734141.545944,17542773341.398315,32969314064.06372,3082774538.7091827,218167390.79113007,73989916.84585571,384487089.6307373
2025-01-22,963901246.1022949,927203563.1565857,1502477428.3752441,2302225917.6670456,443736054.2632675,5977697355.874481,17245708813.686523,31938928090.499573,2779065105.3897095,221797676.06975555,70005145.33578873,374863607.1629715
2025-01-23,943051934.1937256,893792726.4427948,1469862249.1021729,2174520397.623863,438369580.9975052,5624365294.13681,16300656061.594238,29519107908.226013,2720661796.8531036,231012980.61771393,68854303.45247269,354590916.8184662
2025-01-24,949709226.1375809,884640302.552414,1493396308.1528473,2155937453.327446,431958630.45101166,5516379386.323776,16053155018.929443,28868407162.929688,2672652881.1818695,231745083.50227356,70779565.52312851,349511380.29346466
2025-01-27,988252828.5962677,915557884.5839691,1537534567.5502777,2217352371.853142,437443082.8555298,5675260987.715454,17142260637.862549,29961354218.716125,2757677304.4776917,235636008.15490723,83730750.25783539,358119105.40649414
2025-01-28,1001214368.5141373,912060737.7199173,1549111329.0465546,2262233618.722267,438469411.3630676,5640840464.67453,17500133181.859436,30063314892.500916,2780881362.4016953,235301301.45187378,87599590.93233109,357387812.3887634
2025-01-29,1006066929.7455978,884453473.603096,1564131740.6240082,2261304313.190155,443744826.9364929,5571576456.743011,17311357546.947937,29262836023.05359,2774135061.450882,236399440.9614563,87730525.86772919,353328586.16565704
2025-01-30,1018911026.6040611,877854517.3919296,1689240706.0909271,2313106742.3625946,441968618.072052,5580038454.116058,17138448982.832336,28795141618.388977,2678499687.6978683,239037837.4861908,89386460.42261124,349907686.82857513
2025-01-31,998793951.6935539,857224551.4596558,1774556001.5312958,2381373010.1703644,443976950.45280457,5688891782.51236,17404268429.194946,29120759448.86322,2748453527.8754425,248032439.3478775,92854580.75653076,339666751.2483597
2025-02-03,1024760147.631073,867358735.6763458,1847701385.309143,2380816580.9662247,458440471.20628357,5744142968.246613,17526267834.6344,29613139543.63617,2926946980.1867294,251799670.33390045,96394608.03085327,339721432.2400284
2025-02-04,1045109434.4610977,862164404.600029,1917672502.5209808,2368736142.353096,475659893.0635071,5674087417.182846,17456342846.239624,29500376892.227173,2976014138.031273,268277058.31108093,97103075.70978165,339462031.3624191
2025-02-05,1036933656.3207817,833207495.8601761,2039439107.7581024,2369167723.916664,487837722.2436905,5585488258.820572,17068903275.275269,29015419507.94342,3057126740.0275803,267551694.0207672,98498427.69325256,336259721.9862747
2025-02-06,1014545604.2485809,828946266.1878586,2092200551.8819427,2299722434.018402,487202794.08130646,5481032137.533035,16641604589.171295,28334073489.739075,2984197500.6713104,260440367.64808655,97790497.58396149,327869819.3746567
2025-02-07,1042248587.436924,849951449.2237473,2135501111.9960022,2277127785.30674,479530607.9955292,5510267060.601807,16622865614.150238,28463191472.99164,2935350151.2581635,255482668.4122467,95923793.80189896,317025357.05760956
2025-02-10,999633676.4065361,834825809.1665268,2159657024.1051483,2228058155.0104904,458366919.6620178,5274105322.372894,16150316942.862549,27151587958.413696,2841931281.647339,246018425.3810501,91770128.69169235,285919775.8772278
2025-02-11,985278532.639389,821093875.9930801,2151701709.0857697,2176405199.4707108,451305679.5798111,5170560874.247055,15861484804.07196,26676676666.9281,2798300221.2976837,234151003.7482834,90765554.0914154,280446386.8634033
2025-02-12,980804146.2988663,851869719.9336624,2215845881.5488434,2195298878.830681,464314898.65177155,5176827302.171173,15671523215.279846,26627868839.80652,2863790990.2553177,233810800.00167847,92353236.6427803,285068642.5323105
2025-02-13,983888023.7673569,874878450.978241,2249709335.230789,2133188877.4150085,457118576.56009674,5083009421.136322,15538794908.141174,26196338708.104248,2821956061.156616,220427631.9895172,91910551.54436111,285169626.4914322
2025-02-14,1000442362.8441238,841085777.4344635,2287720794.495468,2113365459.7916412,446982601.8189621,5001590147.063904,15297045805.272217,25742980341.02997,2795782119.537277,214665953.81217957,93387063.07649612,277896350.90198517
2025-02-18,987702144.8644257,839363406.4900208,2294909125.065918,2091157476.9991302,449617370.9241867,4874249083.090744,14505252577.512817,24841165067.7005,2795646761.5016937,214132271.69139862,93831436.91545486,273222129.8030853
2025-02-19,997078989.4923782,833198877.0769882,2324378624.644928,2113836603.141632,450497098.9020157,4759650969.8641205,14416449384.103088,24514663234.828186,2755151151.8587875,210373505.9306717,95367469.90690231,267724346.3805771
2025-02-20,1026033280.8967209,836796441.9808578,2357733582.812042,2117320747.7753067,467819219.7727585,4724508726.300735,14238219727.580872,24174676118.782043,2767703086.627388,205447125.06175995,99358970.34858704,267915448.94569397
2025-02-21,1068596087.0178223,840760573.0933762,2395729579.6232605,2134561424.4616318,473966675.410614,4972050558.920441,14857257977.518005,25197898672.82959,2835325712.4929047,200741785.67611694,104198496.8000412,267328823.79032135
2025-02-24,1107121150.2388,855350395.6085587,2375037683.517456,2125337268.023491,472736008.3328247,5079292675.945663,15347920980.309753,25653210946.51886,2859823636.5302277,204222083.80168915,102984176.35570526,267490360.78659058
2025-02-25,1096820655.6093025,843732597.5721359,2437054903.1636047,2133590234.5641708,488360388.346138,5130093826.752167,15043808028.277283,25282160948.756104,2898020021.3275146,205451138.14411163,94656872.34376907,268698173.0414963
2025-02-26,1105148587.7020454,852204280.915184,2466897030.6721497,2102562814.0356445,504367268.3333969,5212420101.644897,15064128624.493713,25227870420.194397,2931862840.7957077,211097258.44913483,91074804.08214569,270905296.29657745
2025-02-27,1118654705.9376907,896112244.9141312,2518989089.0045166,2178286347.574501,509305557.61260986,5293745421.751785,15677490374.484558,26261919971.918945,3056396386.4138412,214544795.48984528,90950018.7379837,269437108.2103348
2025-02-28,1164724776.8971634,924003897.1073151,2502938643.3580017,2215500386.1338425,543518703.6604309,5344335002.738113,16167263881.022644,27685705356.583252,3167069125.46875,214686605.73337555,90351512.9647255,273183566.9521713
2025-03-03,1197363364.075985,931397797.1642685,2490125867.0796204,2229885165.507126,559618336.839447,5323816115.472336,16262584908.901062,27847100386.15387,3153800815.633278,215531793.16638947,88108720.76303482,282680673.9437866
2025-03-04,1183212359.4919205,947721759.9072266,2454485056.837921,2364478593.0659866,580737236.0160446,5522360257.621689,16888442089.83612,29021209895.39276,3105570301.0199356,206631979.08260345,88538881.85560226,280543579.97982025
2025-03-05,1229801470.211296,976364747.2634888,2419436137.5312805,2377508463.094597,621058426.0958862,5688655108.134003,17364606841.56967,30073073044.306946,3181393574.36779,196457503.12820435,89630058.18916321,277609645.7686615
2025-03-06,1256160030.3789902,1019646767.0438385,2334267652.285309,2445691864.3315125,633752196.306839,5913284173.863831,18206999086.854553,31417552810.420837,3159752119.843292,199711946.22440338,91354972.8515625,284824839.58976746
2025-03-07,1266134403.0270958,1042730232.2243881,2359243516.422882,2551048127.016182,651728386.0692596,6142784496.070557,19031641414.06906,32649069413.915405,3221446196.759987,206655057.43701935,93275522.22537994,289171911.23096466
2025-03-10,1259435869.2773247,1069008998.8644028,2339470550.2609253,2656788127.0925903,666347468.0097961,6210945006.351318,20062067910.695343,33886302981.321716,3268534424.2712784,205315265.5713272,95777841.65250778,293556847.4835968
2025-03-11,1262806623.6535454,1111878602.674408,2275211167.2906494,2847795952.4153137,698932534.7782516,6557185430.53009,21123726527.960968,35519451860.69977,3346243575.082245,201125874.5703125,99133945.97236633,300795107.61585236
2025-03-12,1259214471.9641685,1145328241.1428452,2277166624.231262,2954819831.3913727,718202119.9144363,6719951373.155212,21729108892.798462,36536890268.43536,3395492034.663925,200883373.96823883,100250372.39522934,305040009.9618912
2025-03-13,1254705602.9817963,1151491841.3002396,2341352247.9730225,3124325546.6565323,717480974.6367645,6744041626.639099,22155682585.582428,37207988223.33771,3361817752.024765,193283112.37163544,99151806.31723404,300815904.22519684
2025-03-14,1253143844.5466232,1140153041.3851166,2412460736.2161255,3179515380.5015945,710240973.3078003,6846095267.168274,22429006172.425995,37715052485.33386,3288638440.094185,193462463.2541275,98029788.50431442,300632711.3957977
2025-03-17,1283713829.1689682,1160965602.048874,2377486412.9478455,3205767402.119713,717690262.9991913,6967664302.764587,22952120864.27292,38274869229.5871,3287655485.505066,194712833.50959778,97279461.54464722,300161248.3813858
2025-03-18,1277473090.3155518,1166054161.1357498,2401022054.3515015,3267121355.7201385,738419314.0478134,7027515717.858582,23321829756.97525,39292143489.97589,3266975145.527458,195655777.79064178,96321569.27696228,297721022.2898865
2025-03-19,1303062854.6030807,1189206322.3877335,2398501670.8888245,3290232162.740402,744540723.097229,7168734709.346008,23760158479.05487,40213287357.79602,3316504470.842705,195964473.76781464,92486034.81925964,295666518.11164856
2025-03-20,1293968551.5951347,1200708752.595787,2381125431.681061,3353199617.3527527,731164343.9113235,7224095305.684891,23927092567.464905,40866622528.96484,3353666771.589699,198940106.16752625,86856439.4231987,291706258.189888
2025-03-21,1261891403.309307,1230271687.9862595,2390734160.5152893,3364498818.2556915,726043583.4981537,7138057158.487091,23705399006.413574,40939154486.90674,3280960828.0636597,194223379.79724884,81409183.58636856,295207452.9098892
2025-03-24,1224177311.5702248,1235652328.3337402,2426685152.8614807,3421025066.8870544,729409874.666748,7081690634.330215,23535244550.334473,41113055805.50903,3288663000.6962585,193406578.63998413,80168170.5431366,297145870.92071533
2025-03-25,1245350873.733158,1238099982.6026917,2362176761.5330505,3415173833.395767,725585808.5316849,6907445273.899155,22927003224.80835,40499277750.56885,3167869026.451874,191754214.93839264,75329932.80490875,296125796.70791626
2025-03-26,1238153771.24094,1261171927.5548553,2316021506.161957,3522328032.059021,729551239.5812988,6833284455.039902,22880707091.390686,40686703598.56476,3134133743.9016724,189142517.05867767,74497131.69157028,297030489.5726776
2025-03-27,1207330660.1045227,1228503519.1961288,2311343986.76239,3513802558.115082,725809237.4196243,6767981503.609772,22379716993.996887,39731733872.59888,3004387598.6587143,185202085.08693695,71695510.02515793,299391511.716156
2025-03-28,1156595972.82238,1203994960.15316,2295737737.264557,3564963056.035042,700507884.8548126,6693291771.567993,22258515697.711487,39102993417.01843,2959298529.0262985,185443393.4854889,70693815.44706345,296129315.84846497
2025-03-31,1116180230.3896904,1239637539.5477676,2393320339.7358704,3589638492.1992874,716891051.3793182,6637315435.571899,22393902703.15094,39601538242.43469,2938683849.332161,182962380.13462067,72013842.42883682,288462167.73334503
2025-04-01,1098920188.8666344,1226444941.4450073,2508178900.302582,3544131432.3192215,741736923.494072,6320316004.644623,21691526579.179382,38002653006.50635,2866505892.6130295,186132746.93462372,67101203.546772,286947417.6287842
2025-04-02,1034258788.7765312,1214207505.0068283,2573507040.037079,3605008429.542198,706391360.6092834,6319127677.471771,21718214732.906036,38076839738.812256,2839921669.765358,183439916.7835617,66264525.78432083,290383578.4213257
2025-04-03,1018591139.9249458,1212506363.9265823,2785132521.2168884,3841251348.73085,748012310.0243759,6489548666.382599,21901421396.573944,39155814838.43231,2907107016.6534424,195318558.15086365,69789932.66946793,293116217.96474457
2025-04-04,1117447712.7442741,1305435293.8769531,2946090585.690155,4293798093.348427,830985782.0390701,6876393539.363556,23025821104.02771,42288372485.34378,3157872982.587967,211845537.81585693,82944385.40903091,305045386.71554565
2025-04-07,1221783160.3599548,1448938081.7987442,3116145214.6832275,4766844084.398117,1108448524.5085144,7343358705.311584,24629328240.6015,45932903635.32272,3512350794.882431,231506769.14089203,88498058.77532959,341739161.8782425
2025-04-08,1285084986.4263344,1504605063.374977,3176524978.0529785,4863444728.611336,1149871143.7147522,7361244962.473145,25113747252.660522,47584358908.981476,3648202400.3627014,251442632.09135056,97477536.79166794,353162801.0831833
2025-04-09,1389467494.2695427,1668627810.6934357,3440324743.5983276,5217936260.504265,1224732265.1312637,8147541502.358551,27311310234.080048,52215163284.13223,4061650389.4952774,294488936.12874985,102606986.19436264,383402763.16101074
2025-04-10,1438912421.5161133,1730474757.064209,3541268843.0474854,5256802942.60643,1247843463.6418152,8447193522.132721,28632647007.835693,54405810375.316925,4217646540.451317,304864260.699749,112214226.65056229,396523470.6228256
2025-04-11,1480717663.692665,1783389494.4070435,3671359421.503601,5325403360.957413,1475213756.5839386,8515635471.309967,28780981240.09552,55248684179.84605,4502485832.01561,312014278.8243675,118059442.81934738,401519952.8526306
2025-04-14,1443811639.7953415,1790970087.2294617,3736666606.915283,5380480846.89415,1501702262.3105621,8567185593.535461,28779951722.796326,55690792422.796165,4544062641.18721,312053227.7820015,119659292.14733124,404990560.3889847
2025-04-15,1437004467.9660416,1801040815.6116486,3720316728.4317017,5376748990.284348,1495985785.0600433,8620747428.46817,28665681383.618164,55377538212.759544,4536621204.432526,308078129.5060158,120447926.91501617,406542392.5374222
2025-04-16,1407853818.3382797,1798104371.7460632,3915748424.4114685,5397574613.356018,1508980588.9726639,8619033748.692474,28782120471.858368,55685797243.64089,4550507044.23748,320219783.015995,122569574.04331207,408190832.9611206
2025-04-17,1400429498.775959,1805053530.5446625,4113355412.9966736,5374886222.92366,1520587193.379593,8749123883.051682,28896984445.02884,56008650375.017555,4528711809.417686,327512978.4442711,123528135.43674469,413405938.0445099
2025-04-21,1391881731.9503593,1791309993.0125809,4304496548.836365,5375822220.939255,1520376811.1319733,8586817136.191635,28839501854.510193,55437004170.48814,4563957591.007576,329911304.09605026,124868374.09221649,408697883.0968094
2025-04-22,1400474262.3159409,1801192435.2707672,4743608859.424133,5364515319.736824,1522232189.448471,8640120495.298004,29152019897.868347,55747968607.9103,4578704988.980827,335200243.39227676,124717657.0778656,401744534.0275955
2025-04-23,1388226278.5513115,1819110777.2857285,5058697375.405426,5488727606.91227,1527700460.5582047,8878530807.259598,29774202142.948456,57051227790.9575,4666278806.530266,358317847.1309471,126028484.21310425,394061572.8342438
2025-04-24,1401781925.151825,1796557896.0989761,5174030478.692169,5480560913.983192,1523595843.390808,8967845243.413773,30008057321.152496,57326847977.82485,4661778268.186913,363849167.35853195,125816119.35821533,389423904.3551636
2025-04-25,1406419933.2119179,1797622838.3805084,5217429931.897888,5515676139.46949,1525044362.798462,8965682396.709671,30115765882.423706,57807309315.56289,4657233408.518066,369139140.8418083,125632133.84471893,386601483.50097656
2025-04-28,1370440344.668579,1782397323.4080887,5226480994.648743,5455669190.492134,1519479211.4295578,8918280373.978806,29822901476.89331,57137136535.35691,4573039639.713135,371005852.6450157,123749435.38061142,383359303.3101654
2025-04-29,1343179620.801468,1716603861.031952,5130719754.213257,5469092360.491638,1483882462.549858,8795462415.782394,29311170784.536285,55813610553.853294,4500898103.583794,374146554.9020958,121247799.78975296,382062958.7985611
2025-04-30,1341817545.861969,1754915182.6446152,5028311324.355011,5526355039.155502,1465207566.992607,8818255520.53276,29450467723.16513,56848754516.55593,4509072510.152016,396063986.15283966,122893483.92892838,379337789.2963028
2025-05-01,1334615095.481186,1739003865.8858109,5091381021.831665,5532513023.088226,1492988159.5406723,8773131219.530945,29306693674.09897,56472835246.45217,4447042173.794746,419581735.26123047,120411978.88591766,379548289.3293762
2025-05-02,1352463426.246128,1728106124.1249466,4926750562.019043,5262983002.448578,1451780333.2795334,8505225449.001541,28681368416.586304,54835641529.89517,4331046785.051765,419606386.46915436,112085976.45877838,364846436.104393
2025-05-05,1252864570.9352875,1615559243.687706,4762740859.684448,4762335366.855278,1373109473.5889816,7881656276.497879,26905260840.272217,50479501543.13507,4018252922.5419235,403134058.0124855,95830011.70700073,343295447.23148346
2025-05-06,1124603967.532196,1431633600.7824326,4672210338.134003,4211427724.5625687,1088440943.676796,7264057777.791519,24287500880.63629,45427610967.83264,3573616290.981102,395732506.3533211,87114838.91208649,302260297.3207855
2025-05-07,1067032475.8200264,1340167819.5866013,4620855271.669464,3958088312.0700073,1043216934.2616272,6967163539.893188,23106678573.89679,42906510076.917114,3361637754.9341583,381822910.60274124,75533328.46883774,283521982.4378967
2025-05-08,962867638.3316422,1163387293.4872055,4440922655.994415,3527116668.00354,963107480.8764648,6139782482.824402,20757876943.828125,38178507868.50952,2914716103.465576,345312273.84649277,70032604.29628372,250426971.97040558
2025-05-09,910523055.1953125,1066411680.2105331,4257004387.3745728,3281246289.4524,925594885.2756119,5704941943.547516,19027704287.536316,35026129511.01929,2663786076.025467,338292761.53024673,58804633.07664871,235822233.37768555
2025-05-12,881206516.8983269,1009668779.5542526,4157322168.2492065,3286346290.1836777,721025722.8993988,5687883672.349396,18980516061.973877,34720319577.54639,2405635678.344307,340150640.7600975,53264239.959049225,230410569.6969986
2025-05-13,888572527.6840591,1004375710.2583313,4126478452.4502563,3300664356.994972,723261117.7455902,5655054992.719727,19346493032.974243,34877884962.20825,2469834849.390526,346115430.7182884,51538817.459049225,234895928.97144318
2025-05-14,902363759.0437508,993642853.4291458,4225443725.543976,3325608093.31089,719745477.7386093,5640507575.643311,19752614482.755127,35290151306.47583,2546741655.6716156,349832161.3400459,50788781.438884735,237669303.4052658
2025-05-15,910733166.3886452,977241889.362297,4107019349.8542786,3321344535.0691986,720875258.8800049,5541926602.052689,19965642856.441956,35201219563.52081,2640902359.536972,349150831.9262886,48447449.58852768,238806119.37091827
2025-05-16,915710096.4359093,957715177.8953934,4035619456.5986633,3300066024.6995544,719987260.3416443,5451462147.318802,20230377058.043213,35356376236.78192,2639612984.816971,345391034.6369362,47934212.165203094,235906887.0621872
2025-05-19,920124281.7773247,934760792.5491714,3887851106.217499,3267698106.8444824,750550688.6171341,5483498348.654251,20643069872.505035,35598132352.96295,2681216310.502205,354948652.8138542,46525017.82583237,238882831.94091797
2025-05-20,912501829.7343636,974504996.7778015,3534704854.7517395,3241392014.675865,767095005.0754929,5392075341.085129,20587021630.677643,35395565735.330505,2692009709.876938,348908552.50616074,48247787.107982635,238326593.73889923
2025-05-21,918062750.3820992,978577705.3570938,3338573062.8060913,3211906120.61924,781640077.0365906,5338922166.8888855,21144264355.11902,35739864565.90637,2817083667.489624,337074457.1957207,50273859.49796677,239160130.76690674
2025-05-22,894587887.2949219,987446896.4522552,3318594097.3269653,3192176612.731476,797692257.9895782,5372540650.672989,21497391095.64392,36047910924.61365,2963534886.483803,334021737.9870415,51119879.27827835,241049009.85507965
2025-05-23,905274607.864418,1016487620.5224609,3362287034.303894,3125686004.6343613,817664730.2690506,5423806188.170853,22065845249.00345,36559426930.74524,3058073382.377968,337294942.07906723,53203679.254283905,239868832.14969635
2025-05-27,940878569.1262817,1028687726.990242,3363235404.1204834,3095436409.4968033,843887896.6302872,5531991804.032669,22501533247.99301,37381986023.93616,3203942750.838127,339590658.69340897,53940022.40623474,236648888.41762543
2025-05-28,973861803.2729912,1065744932.1376419,3392104246.2323,3007580144.522972,858002403.9290237,5601470019.69574,22980836705.39276,38059690051.850586,3250571098.359146,341938043.9894295,52982731.604652405,233222543.24996948
2025-05-29,983746463.9803696,1016760324.0520477,3410535036.6600037,2858171237.1104813,837893577.4673843,5655280959.813004,23386713027.627563,37549825781.99249,3229397244.4924164,325721486.3793564,50989719.435482025,227872515.25482178
2025-05-30,1045925509.2064667,1054787769.5902252,3332918715.670929,2779719438.02063,821859584.6914673,5716557584.198303,24095486808.85193,38442856740.06622,3304233312.270775,320810656.441803,52200789.8913002,223528895.8538437
2025-06-02,1017554661.4115715,1103908119.7628403,3415448870.6300354,2797190262.229004,839728820.9797287,5725697772.8767395,24306699229.186096,38547232454.703674,3358101361.5958405,322877764.07108307,52669568.197956085,227183232.00092316
2025-06-03,1014402735.9101105,1120526058.2670975,3422395391.20697,2757131894.7587585,832434763.3974838,5910074413.308868,24777989161.322327,39342551439.27948,3400043659.9142838,321666879.90903854,52489371.965465546,226584949.8123932
2025-06-04,1036079832.0577621,1134366852.7244568,3357861782.942505,2778583550.905838,850754815.7891464,5950837922.058258,25080486281.978455,39696813903.45001,3548821261.2774277,325488446.56541824,51363297.943286896,226748732.2005844
2025-06-05,1045092437.8842163,1161339276.7813492,3402610818.1295776,2824614373.1315994,847348582.6939392,6088364982.556076,25759455948.182373,40857122667.553406,3607315442.425804,321898257.24170685,51773131.724624634,230760612.29919434
2025-06-06,1044913320.239315,1155554916.2963867,3339765035.4656982,2858475445.676918,852657519.6829987,6100388316.363678,25917454981.89026,41009634153.36365,3657225149.3587494,319114937.1170044,51295566.03527069,231158888.88175964
2025-06-09,1062020926.0889244,1159290210.7388306,3343458883.783722,2882860974.8244095,863209520.5151749,6287737905.342712,26132622711.90918,41530889145.64636,3695068404.6339417,315014902.5254822,51523800.72475433,232221911.18816376
2025-06-10,1063649625.336647,1151323080.4732513,3237569453.307495,2711851365.080681,845818404.6637726,6215305223.103638,26074184248.390198,41230109272.646484,3665310278.0355835,318421682.4736023,51204637.83918381,234062509.437294
2025-06-11,1075669282.5872612,1149431196.8204117,3226944385.421753,2630667340.6454086,816655227.8191757,6251991847.262268,26130135399.02008,41448090424.13269,3594633430.0406647,335220615.20370483,54467639.31850433,228811992.5058365
2025-06-12,1070805243.2814789,1164884478.7328339,3190002348.94989,2568723955.402527,820832239.9508286,6249817841.159821,25822709726.704407,41436767810.24719,3602710308.5009766,369482442.5181198,56450021.160583496,224746176.59496307
2025-06-13,1102593737.0007133,1212253189.465294,3251403027.1606445,2517402152.3612595,821887286.4170074,6652831210.220108,25990207067.04254,41996597443.51227,3562916228.315277,487953268.45531464,63783390.27053833,223844224.8324585
2025-06-16,1112776428.3556175,1253490789.2775345,3243183564.8968506,2501544500.1654816,825112589.7312164,6655680054.478531,25734867021.526794,42145238962.58209,3581340373.7482452,634744175.1047134,65714023.8457489,224125851.91448212
2025-06-17,1155301863.5796738,1285878938.3218384,3197914469.863434,2507728371.046829,796505405.9531021,6727952864.900894,25481008485.17639,42567920143.37555,3521990473.6663437,725122447.1098328,67114323.75183105,219422722.56008148
2025-06-18,1169863559.5970535,1265676137.1382523,3148218374.4670105,2534201511.3293076,786990218.6520767,6944971812.568359,25537979644.317932,43052679086.6449,3537369975.720978,866820615.1775742,66919602.44293213,223470722.09762573
2025-06-20,1186982608.065548,1272339715.613594,3094763268.1178284,2504399907.0225906,764707646.1438751,6959721328.986893,25334170749.892273,43080841522.92786,3337400287.9558945,907479263.8327408,65031481.469192505,224907414.16080475
2025-06-23,1200404420.8938026,1316051860.127411,3145038860.206909,2466315318.3995056,758013881.4487076,7012722031.495819,25253887168.013306,43638290287.3468,3242343893.4793854,1089232048.415947,66653207.53965378,228030015.43807983
2025-06-24,1235831209.4286156,1308516982.3038483,3122696249.82605,2548652796.731682,748965948.1799698,7058895291.387558,24997056925.666504,43499876558.33923,3190402912.27108,1133501731.3736343,67160835.5169487,231101598.8256073
2025-06-25,1232799460.8912468,1316781629.3808365,3080258604.882202,2515133666.513481,729417438.2503891,7025254469.774551,24980066734.634094,43249002372.44141,3069215471.4419174,1165709490.800209,66363360.29073715,240369835.1277542
2025-06-26,1224658853.526001,1313836526.7321777,3050645539.3925476,2523955153.2160187,723565348.2276154,7041032032.244415,24967990267.311707,43642270390.73151,3055852903.971176,1183062053.6667252,66487346.65111542,257308443.98239136
2025-06-27,1258949584.9012947,1334618824.0830612,3105996570.50354,2598110470.5810165,718377926.9533539,7216727690.137634,25026147343.843384,44229518373.61694,3208883543.4262085,1209289619.6652603,67215214.81145859,260460392.72346497
2025-06-30,1243435951.6247177,1377432290.348549,3085837360.238037,2690765322.3914337,720379003.0105209,7107425408.493805,24530606507.7005,44422906606.61713,3233798101.386986,1201397871.4249802,66763472.58666992,287226836.91589355
2025-07-01,1257797861.2335587,1316971562.3246384,3017565902.213745,2693250258.1219482,709138337.929306,7272713761.905365,24895277852.625732,44760800125.36377,3210514490.828247,1192978086.9552994,67514786.86058044,297981975.85113525
2025-07-02,1268058866.873932,1323899921.6101456,3002281858.4580994,2709853625.8581543,698407645.7859039,7274663072.03537,24741672468.90747,44932058513.239136,3238836494.421196,1203545165.1386642,68978700.84339142,303827181.79683685
2025-07-03,1256190905.3700447,1297587666.8123245,2967297762.699585,2630255220.5204773,686271430.2230453,7254209916.272049,24386551661.77368,44827166525.49255,3113579665.729294,1197687239.0571213,70510677.2605896,302975078.34846497
2025-07-07,1254130603.7281609,1291119235.4685974,2912967329.067688,2604231108.2139206,685371527.2214127,7338340278.7825775,24040296296.071777,44425185041.86554,3116277558.0060196,1212085158.0003357,72059756.61903381,308745163.4001541
2025-07-08,1254937794.5590973,1286265479.1861725,2974208195.587616,2568802488.4720993,675150558.2908249,7400070783.971405,23915400177.971497,44268766432.06177,3090436911.7028427,1216133631.8830872,71500212.94820786,312725625.1032257
2025-07-09,1237889292.2883224,1282951275.3520584,3027052834.08844,2570981016.2356567,679396976.8235397,7401108881.024628,24218217883.711243,44741503440.09674,3106289371.864319,1220477762.8001022,72089219.26719666,313429765.7915878
2025-07-10,1228426607.0275116,1276309823.6009598,3026596933.065033,2589255443.5744476,674580290.4213715,7458340613.796768,24097847334.579468,44552018870.016174,3106609185.0061417,1225908489.0183258,71381472.47159958,318881356.96300507
2025-07-11,1227600075.0566864,1260166964.1960526,3026002415.3520203,2591912480.997238,672022964.29245,7476787467.842789,23769317376.3739,44331535917.61444,3124731619.6596146,1209999265.7593536,67002330.176467896,323741212.3142624
2025-07-14,1221729539.4939232,1237361010.2576828,2934902803.582611,2575480441.502838,659779344.4130707,7482476079.102097,23873599574.05426,44026067483.004456,3046826531.5667725,1193669003.4256363,64730382.32917786,329225157.4957657
2025-07-15,1200612881.9906616,1188308743.718338,2797471522.419739,2583574791.5638733,643623937.4773026,7336767109.393997,23610596103.83606,43677835353.2074,3008209554.4244385,1079768006.9868088,58609168.53902817,338438321.60720825
2025-07-16,1216326560.9408188,1184043455.1086426,2869881574.543152,2635878875.3154755,667701781.1915207,7561743912.529831,24062215873.37616,44047986271.73279,3128245733.9367294,943368861.329155,58206913.89764786,344897231.9530487
2025-07-17,1189772428.4477806,1154601193.1172943,2843609567.4717712,2629571878.593979,665255133.0006027,7705343348.913498,24083018381.159668,43765376409.37622,3115712097.3773956,851958938.6218643,55084813.18971634,351588808.5602951
2025-07-18,1186040276.3152313,1123853314.4900894,2784193265.4289246,2611756553.372383,653053879.0881729,7799998409.386826,24336513291.810608,43545355194.38721,3068645245.541191,729486846.6096878,53312986.62397385,349892494.37461853
2025-07-21,1152404830.6645203,1093358313.9346695,2819973993.1163025,2547983727.794876,648490887.7138519,7726077814.325256,23833894542.901306,42751918207.01111,3126084272.0606613,681254221.7274094,52882095.275821686,354274330.3824234
2025-07-22,1155572393.3256912,1048617147.8502655,2839025308.213196,2525315411.0009384,633972345.8068466,7694989377.172012,23701979360.614014,42024577485.26825,3119337691.1129,502577659.7003174,51330182.53770828,352486624.049263
2025-07-23,1128845278.7457085,1065245186.6134644,2819408335.9814453,2432659861.1262894,621925502.7768707,7778189585.697403,23609679248.886414,42203512615.710144,3109680399.212532,461851605.4066467,51185674.12919998,353812764.7125244
2025-07-24,1119156300.227337,1057018690.1030731,2835448647.996216,2444258728.870735,619386383.230896,7813117537.206268,23591757739.74823,42575763492.35382,3103200495.41996,438988383.13308716,53311276.05371475,349889388.99837494
2025-07-25,1105046041.2343025,1031468126.9511032,2875450451.0490417,2449606925.9461594,603143932.9273605,7805835056.525879,23264220487.431946,41990623791.40839,3087941367.6761627,416281404.57450867,54418389.91893768,337951746.2800598
2025-07-28,1083203117.4036217,1021355529.9487305,2816759568.3355713,2352997923.3244324,587774695.6863022,7573561857.360153,22584406463.941956,41097408584.86694,2885806153.9606094,388389386.53556824,56014854.909935,335494556.1540222
2025-07-29,1064912879.9658585,951299764.9550629,2779810275.4356384,2233940071.959915,575351194.5345306,7616758315.545807,22617398839.96643,40173462775.40192,2859761879.384079,398391484.3147278,57533667.34283447,314367497.0832825
2025-07-30,1095396622.890396,964634129.5518112,2838792147.183075,2207696034.385071,560353562.869873,7679938344.83902,22316281396.49994,40557630351.99646,2864500596.579132,402121117.47413635,57913937.58693695,309572045.7161331
2025-07-31,1111224050.419197,1031658980.1422882,2846243996.345978,2242438508.5035324,580325358.7442017,7754975447.644577,23131457267.968445,41748501999.1095,2906618626.3936996,392777021.1138153,58050130.74050903,315251555.48023224
2025-08-01,1127583079.8495483,1087411279.1880035,2963724691.1750793,2428997557.937317,601417024.6875381,8174500160.086899,24312335417.078552,44476856857.874756,3062872222.676697,403703107.952919,62873668.36645126,328112304.6508026
2025-08-04,1148538747.4534225,1095016307.8247452,2969493704.2686462,2431914605.293274,601779088.2884598,8103152191.585922,24404708383.91449,44465836331.65253,3059019628.469887,400437143.9323807,62422505.913734436,323558856.5842819
2025-08-05,1154644380.901165,1105683307.1006393,2898293595.981903,2426366684.1370773,615789226.1877823,8047763895.236664,24767835693.63037,44768429193.14484,3051020100.762825,406048391.5393448,63522067.33537674,324281526.77970886
2025-08-06,1160621311.925373,1117376095.9389877,2850861885.228882,2427955741.434746,630989036.7381668,7941484053.665619,24757055645.59967,44741995765.06958,3106591307.1782684,424147634.48856354,63770897.13348389,323344508.9225769
2025-08-07,1165366999.7498322,1130282232.1422958,2913387055.2645874,2431004459.024925,637115676.9720078,7968224868.484116,25057108044.65454,45281706393.1958,3127509521.477127,412013212.7655411,64532172.026023865,314893637.3840332
2025-08-08,1141705595.9155083,1139161058.8470078,3082657077.2976685,2409796573.2854843,635759903.7447357,7930508970.583878,24972486418.334045,45336419312.22534,3050763637.761879,415905240.04413605,66330865.56951523,311506318.4114075
2025-08-11,1138384128.6802292,1141940231.0724258,3153066685.975952,2434893396.254158,635278279.661026,7933278361.689377,24907451278.70941,45580153837.680664,3034337816.5410614,400547927.8477478,67316402.15169907,308515773.4381485
2025-08-12,1135022935.4266357,1151130887.8723907,3177560412.572632,2451068783.921776,640812946.7902756,7946272356.727829,24924949924.62433,45350996505.31464,3041227032.580986,388875060.3161621,67907339.76165771,303185959.94003296
2025-08-13,1127574962.089367,1121495471.6513443,2977808566.9174194,2434753561.2252045,610256626.5579605,7896296172.237625,24664252789.908447,44520472819.1626,2902286879.444771,386131122.8532028,67234523.38741302,300802060.47893524
2025-08-14,1142255253.3813286,1132861002.3862839,2965027731.533661,2476930191.3199997,614214699.1539764,8045631824.700394,24844953270.47058,44273227335.91858,2912062764.702072,386346227.2705841,68867678.1747818,301211746.5146637
2025-08-15,1144796622.7952385,1138558957.815895,2971151628.5572815,2458926150.7950974,630037388.357811,7883748277.317657,24856490509.125366,44419227428.19641,2950559244.740944,386846186.6327286,71305071.34986877,300642857.0029831
2025-08-18,1151273582.36969,1150062599.178276,2893384546.676483,2447779554.9931335,650599441.9882584,7802077944.662323,24601585327.218018,43842190745.389404,2896714170.522003,395142527.23049164,71781386.45519257,294637610.4906082
2025-08-19,1139265465.5344772,1145403281.314392,2753759519.385071,2431683967.990341,652650198.6377716,7740830414.261551,24915804928.464355,44181752124.9762,2870829096.397438,392650072.30392456,73408469.8226738,300915454.00211334
2025-08-20,1130650047.8585815,1136274376.6009903,2689578028.175659,2445962390.9511185,658454769.7887039,7646467063.58017,25949657651.582947,44775325451.06354,2851264260.205879,388724534.74990845,73350152.1916771,300504819.8631668
2025-08-21,1119629513.5171509,1133445847.4300385,2644030581.159363,2479667925.639,656372949.3565369,7595118315.038528,26062658330.35614,44260686977.74078,2866718810.9739304,377939689.64977264,71965944.10419464,297662492.3242569
2025-08-22,1159366505.535431,1162739214.9723434,2632323328.796234,2593485100.4170227,690143424.1204834,7998856642.111053,26665220678.954468,45152346418.2431,2962713117.6081085,383823750.85186005,74859514.71767426,299316009.0865326
2025-08-25,1151062878.9400864,1155840761.1629868,2553337151.282501,2634776917.8798676,712916011.5838623,8049485379.202194,26740891332.336426,45051627403.2486,2965161818.910942,381202140.89946747,73218515.64422607,301327692.3069763
2025-08-26,1154606855.2791977,1157001369.7811508,2647969943.6782837,2682658798.2855225,704072445.184021,8024613797.811356,26429302367.095947,44794940862.19879,2891453818.3322906,361321838.17409515,71706001.68289185,296989257.82173157
2025-08-27,1140922656.6594124,1152317318.9445114,2512976810.3330994,2630612779.6092224,694399700.4171753,7784710563.376846,26255442359.65332,43817581706.73004,2881154498.2147217,353639174.5978546,71440974.37633514,286153934.6010971
2025-08-28,1120547444.8844337,1078007555.1994324,2528307690.8836365,2566234722.868767,677258396.8259811,7611176223.627319,25782372140.13916,42560189602.108765,2808940103.761978,351698789.4705963,70373033.79673004,276607489.3091965
2025-08-29,1116977126.0139465,1081284646.4641953,2578578626.418915,2439224140.6396866,654081207.448349,7272510120.728989,25459926657.558594,40629845523.58765,2714815837.2476196,337385619.2522812,66184634.41329956,263001880.14549255
2025-09-02,1097831529.4787025,1086207180.885086,2805725222.8796387,2494761563.760109,654906727.604065,7275273284.16893,25975976391.097412,40940333882.56592,2762034147.4163055,337766373.21445465,67528699.03173447,263314707.51472473
2025-09-03,1124230457.2621346,1099702010.8418274,2960387532.162628,2513623476.979027,652149183.0870438,7317301256.822586,26157530605.532837,41081569551.805725,2859824650.9809113,339120553.127861,67158361.14282608,257960302.30766296
2025-09-04,1119256541.8502235,1095925250.8302689,3036384265.5412292,2543778083.3501816,635299040.1113129,7419741586.410751,26337221596.53595,41161234114.929504,2850521287.8216553,322953902.03876495,66793243.64198685,258661460.52886963
2025-09-05,1123898869.571991,1114706760.6720352,3131786157.394867,2582753736.082878,653714730.5814743,7575659896.70929,27036815098.434143,41567461764.2514,3024877132.7072525,328343692.51579285,68673895.29800415,259538781.1994934
2025-09-08,1141143327.2352028,1123245855.8804703,3132180258.6506653,2592915416.685066,663552886.771431,7638155820.985489,27364584909.12964,41574892006.22742,3170220888.734932,321511812.4123001,67864404.3734932,258443127.46902466
2025-09-09,1164245540.8705711,1134854613.3974075,3334349753.7617493,2619440965.5916977,679463821.7871475,7778194930.841446,27691914884.826965,41854467001.0022,3245527280.390129,324824349.37854767,67624113.89242172,258457965.49358368
2025-09-10,1176813668.8472557,1133547810.701065,3385124659.1215515,2610489331.32267,690190465.6283569,7683161744.973068,27900307996.85974,42314027026.01929,3250233134.499283,336698412.2990799,68105928.65896225,254465867.3336029
2025-09-11,1205896102.3153114,1141208775.839882,3464197309.072418,2608686813.821945,703104284.761734,7725860332.863388,28010762048.097534,42671946743.96362,3323805362.543297,330363182.0578766,67933544.36782837,250992378.77552032
2025-09-12,1182913864.8793793,1133969967.0505142,3536154887.980957,2568467571.2958145,849101488.6614227,7637671293.030624,28181394275.756836,43145850373.74481,3327192431.284294,331874487.78484344,67248440.64594269,245540309.76860046
2025-09-15,1181021630.3380585,1163040826.6156006,3623190310.4100037,2587049471.425209,838428087.938118,7651370411.110306,28065960348.529053,43047572103.44818,3284286886.357765,317375954.4759369,66896382.92537689,247469498.59962463
2025-09-16,1208110049.9381638,1225344639.3910217,3735297833.9294434,2618043758.7866592,821545502.8895187,7862353463.7690735,28296035367.272034,43650483960.76691,3290199886.3734818,317335777.9927826,67194597.55428314,250967524.3175888
2025-09-17,1305373504.938469,1254100545.966034,3937118961.1016846,2674148495.1716614,841891831.9211197,8530383250.178986,28810395853.26935,44766995404.82666,3383799584.8003006,320030267.915802,68611948.29090118,253072678.78032684
2025-09-18,1335431821.404457,1254455300.2067184,4086924612.3327637,2728325966.6906357,848509291.762619,8801749700.117722,28457363479.267273,44924535978.36334,3515239673.906822,321441339.1732788,67845750.58040619,253442851.29257202
2025-09-19,1397494138.280735,1302876507.0261765,4267126637.691345,2716143833.3649826,849780916.9157028,9203711015.235214,28891415404.29413,46425647916.337585,3535874094.012184,331535517.1607208,67780977.82424927,255565762.95150757
2025-09-22,1367825538.0142593,1293298594.1944122,4348414983.3558655,2591270591.121254,824218209.4153595,9177058875.58075,29140260260.634766,46039040207.23663,3433292988.0667877,323583986.0341644,66283976.67102814,256928536.787529
2025-09-23,1364985495.1942062,1307382007.5370026,4604227187.61673,2609678309.5389557,811531163.1049728,9356359020.001068,30100306951.752625,47097225517.93945,3435611196.2474823,332635688.39134216,69092657.89813995,259010881.43314362
2025-09-24,1366731124.2523766,1321742078.9225006,4639848216.725159,2589349719.577446,809695157.1489716,9496767640.709305,30608981824.083557,47683506186.92566,3430074983.4645844,335930919.83673096,69783423.93356323,258857122.38140106
2025-09-25,1361256833.8843727,1363578898.7967682,4790176400.020905,2625090589.8319626,815877162.8939438,9642124202.164764,31652194635.517273,49062255447.368164,3399543772.26223,345609624.42329407,71485444.93177414,269108769.7077179
2025-09-26,1367232974.759426,1395261908.8059235,4841613022.995453,2652034353.0578995,819471683.4379578,9696396619.576874,31921927609.584656,49358467383.421326,3397305502.152252,355151618.20610046,72255700.85882187,281979755.765152
2025-09-29,1376215955.3305626,1375318178.41465,4869867432.250824,2628089748.180008,817534433.390274,9672393457.30957,31773251647.754517,49400230086.65558,3363452041.149826,365665954.6877289,71662509.31041718,286451067.2579193
2025-09-30,1382640836.6735077,1417126384.2378616,4760576702.103882,2642304907.121353,820879352.697525,9690795328.660812,31310910932.50244,49654963972.727356,3328415061.07193,373441749.96299744,69268178.21573257,284839028.69377136
2025-10-01,1390535489.9698448,1432022983.1996536,4774277614.389038,2735530929.482994,824778773.8567734,9649491499.837875,31182030187.89612,49805158370.64819,3279563422.014427,373196007.0451355,69410743.08088303,286945326.6511917
2025-10-02,1428279496.4565086,1456054541.926155,4869820905.865631,2718394316.1684036,839153476.8917847,9641863139.791641,31142331311.347656,49599755049.24194,3209818057.966385,379090633.7656021,70591441.67272568,289235638.11511993
2025-10-03,1424979795.4987907,1451511230.5182648,4862546951.264801,2703428740.1885605,818450952.47406,9504323416.620483,30580049337.115173,49212800592.06665,3024388930.5482483,384433210.41145325,69310669.67185974,284987609.37072754
2025-10-06,1414493906.4643478,1456709259.417076,4862304849.620209,2713506998.5622406,812228466.4172363,9518993743.66249,30514730680.64911,49006319155.54199,2910193233.853035,389836159.2773819,68833225.95542908,290524216.9970703
2025-10-07,1404026128.3501053,1449495382.1253586,4809152523.183136,2679251379.6957397,797623253.9579773,9489036777.547989,30996518748.391113,49269148551.849976,2876061968.6136246,392054205.06702423,69877723.03520203,299271078.1529236
2025-10-08,1376527252.5116348,1447741955.4623032,5131100295.6285095,2667349717.709656,780005673.2792282,9408484825.731735,31113944074.49341,48778468261.22925,2797134695.3638077,385382044.7297287,68137468.18191528,303889150.1240921
2025-10-09,1341937913.0327797,1446044657.1187973,5594364828.261566,2787638714.015236,773072574.9084091,9207827040.259705,31199288999.49829,48717454135.660706,2686919358.0781937,388168993.17863464,68119485.3765297,305446083.33942413
2025-10-10,1469359135.1153183,1517596263.9436722,5879535143.996582,3009248136.3513565,650660770.2851105,9496894334.210205,32584619491.340942,51513889159.51782,2804256149.4024277,398643059.5347595,82248993.54442596,312886801.8234253
2025-10-13,1503369748.139534,1485690800.598755,6050428373.021088,3026785984.4659805,653597685.7164001,9546133169.749146,33254136633.964844,52045510024.39758,2819205100.97126,398001401.9700241,85661426.59305573,312710630.3791046
2025-10-14,1522633753.3819199,1440110281.3272858,6194441773.0633545,3145078705.038681,662199281.4434052,9665461600.61348,34229044331.89972,52964525863.65051,2833477660.2016068,396460941.783638,90973886.96666718,311515911.3126755
2025-10-15,1465516395.06279,1431697854.7979736,6314825556.940765,3237488854.600601,648576950.0669861,9281186064.544754,34076257071.194458,52336086111.6803,2757524959.2154694,395428271.75361633,90136470.53028107,304633105.42827606
2025-10-16,1465078098.8918304,1474308920.523529,6731025695.302582,3361879928.1023407,668147065.3320312,9325172084.319305,34388855870.512085,52995655104.02313,2693101830.5114746,405721431.3117218,99202129.01586533,307833178.3874512
2025-10-17,1432651964.1475105,1452604950.271492,7683290994.603729,3508396829.2762375,701371685.542984,9317762369.39354,34820208167.36267,52951408571.152954,2731107656.1291504,402574799.7379303,107561527.01932907,307311535.3184509
2025-10-20,1464013432.6745224,1450508125.5604553,8165491998.128204,3574462425.3453827,726140333.6766434,9068820861.443253,34499703252.63672,52668538006.51001,2751139080.122566,413071415.4728699,109147755.50264359,300338181.8760681
2025-10-21,1480497648.8672256,1460496239.043579,8867486554.365997,3606436523.7078476,729251213.3097839,8885173313.865509,33930024476.296997,51853749562.3938,2745323208.9791107,428940458.19885254,108862712.82550812,297786152.31716156
2025-10-22,1478294793.8849258,1462382593.242035,9225128759.648743,3693454707.9159546,734895412.7940369,9016001138.959198,34304109816.99463,52289712738.412476,2760602645.94841,463660731.5337372,114128756.36089325,297045217.34493256
2025-10-23,1459550562.4515724,1411241511.3511658,9266639582.750092,3711192568.701477,733551765.0153732,8923772164.976578,33510339557.545776,51550569250.345764,2757482420.8730316,476614689.7841644,113126994.99513626,290479809.9747467
2025-10-24,1453818236.731987,1371220341.0058594,9314195376.57608,3746122788.145294,735336797.3126602,8906726389.680862,33361411323.47168,51777378269.67743,2749897079.257889,477486783.1762314,113664701.54844284,278224451.8426132
2025-10-27,1449644060.9071732,1358249531.9687653,9471297672.84378,3777588775.9256744,740066202.5994492,8985252738.452454,33612515970.80963,51510744596.34247,2743742093.303528,470519973.1639862,113580913.57131958,277425496.4165497
2025-10-28,1454508027.6543999,1291072206.776123,9585543949.732819,3687791411.18248,723075336.1931992,8930503443.02414,34150275875.595703,50763656114.548035,2682434980.5820847,458299267.62542725,114964558.06669235,284555924.25022125
2025-10-29,1465838715.780716,1295317979.3301392,9651196680.283356,3663691133.0838394,736809490.1837158,9276166433.860016,34876284539.59595,51278731822.09961,2686493538.049164,450943058.29330444,118687269.2580986,295809517.1290207
2025-10-30,1453184232.2208405,1289519782.5543213,9638622187.244568,3689069177.075577,734738209.0407562,9469957531.892395,35477716119.10339,51964025718.673706,2772757118.3385086,438339939.0765381,122023436.09571457,299686264.7358322
2025-10-31,1474616070.9326172,1314125411.892662,9583876753.346252,3727410343.6182404,756427181.6173172,9502843558.871994,36158901580.0827,52572761725.1828,2827870402.0059586,439977193.42308044,124697344.29643631,305855329.8534775
2025-11-03,1477949713.636303,1303909204.1434479,9406208666.130219,3823816824.634857,764598823.6359787,9468795165.144272,36058453601.63513,52695746829.776,2883702911.2846756,436443795.4988098,126732251.2389946,307145145.6690979
2025-11-04,1497357535.3993797,1309272468.721695,9306936795.335236,3908457017.344742,769443766.2957382,9496472638.454971,36274613903.72223,52932136468.64563,2873359988.285866,430203301.58699036,127819034.80249405,304804414.47151184
2025-11-05,1516675579.8112297,1314835116.945076,8937894953.187714,3936763268.369293,800428984.6182632,9644477203.91716,36244199232.769775,53405927463.36548,2968962540.656624,426069401.29875183,130191075.4237938,302821335.7772064
2025-11-06,1518144330.2047157,1340296989.6213913,8448737108.69339,3864378219.4330597,803169383.623848,9809511118.724823,37055866912.6828,54019176590.65979,3019775640.0925064,423762203.4830475,134863697.84532547,304048165.4473877
2025-11-07,1431934071.9888306,1287461951.5656662,8205917592.649689,3726137612.2626495,808125117.971344,9635955475.44197,36674977689.13483,52203634940.32715,2883553487.276802,407919927.57347107,125032894.06944275,310075081.8787384
2025-11-10,1416372304.6113205,1309663880.249939,8110489972.324982,3804312690.855789,824521185.6636047,9573985422.628555,36435601800.4483,52150604003.054504,2865478431.334076,402820793.2577896,123447547.0091629,312856665.1704788
2025-11-11,1384805163.2959366,1301535046.7797089,7964221286.834259,3624204623.509941,811698129.6149445,9348029938.675003,35763336600.83893,51231848585.44525,2817249236.6571045,398572287.6822281,116836357.06737518,313723630.3271103
2025-11-12,1368361340.371704,1277950989.7626495,7877965800.135651,3563268943.579216,808986567.5524521,9202072943.020706,35347059332.767334,50648531185.4599,2783078703.9243317,402229794.598999,115311204.56321716,316418780.2845764
2025-11-13,1369699370.1703072,1237334668.2654572,7515272717.890778,3478418896.2457657,974988511.3733673,9332833927.129898,35387455605.79712,50474236635.86975,2754761160.2516937,390920755.0625992,111101886.14271164,316271987.62874603
2025-11-14,1379489259.133625,1240738884.6592712,6594609508.183136,3365507484.5656586,968944463.9128113,9351478739.029541,35649695222.11975,50521840959.307556,2743564124.304619,387012094.56516266,108102906.46320343,319170048.12755585
2025-11-17,1366129175.7616997,1266760684.2058945,6145770196.161346,3361596361.8693924,950776497.0632935,9594831787.375107,36175714938.238525,51494020914.16504,2728417730.060196,379282836.06204987,111434236.4554596,327636333.3728409
2025-11-18,1371782213.0503082,1291512060.8988953,5271658007.164154,3355988947.6543427,955833794.5196533,10003009193.776245,37294584792.8186,53368407736.47034,2757526045.1174545,361702123.47888947,117261966.63259506,333570802.80376434
2025-11-19,1364184546.419735,1291883743.319931,4901711921.135864,3289445929.875679,986448489.5822906,10104078282.919998,37625007472.63672,53812350280.90393,2732978640.812187,328909870.35640717,118339707.26560593,339741342.2171402
2025-11-20,1394832553.7759972,1361192866.0941315,4839244072.490845,3394767572.2755814,1000252219.1243744,10840073122.552414,39757158625.40527,56975568166.63544,2750633087.5548553,313311752.9915619,131788060.75689316,350479553.7721634
2025-11-21,1447141312.4962234,1441872882.9519653,4835793730.828857,3480867925.101967,1023918065.4516602,11673875513.510666,41330725613.15979,58529340975.88898,2807766675.118637,314320435.7793808,145492694.32470322,363830415.9739685
2025-11-24,1470079278.2997513,1475936781.8769836,4593386489.632874,3489952679.2796326,1022225693.9066315,11709099987.891846,41451909660.730896,59044486702.60376,2809303099.7220993,313662868.4360504,147125854.6185112,365206067.51838684
2025-11-25,1465989571.5468407,1523744120.4112625,4441367314.706726,3587040466.564331,1039688939.55719,11923764906.882858,41268393808.627014,59654973010.18646,2864308100.502281,317846237.7246094,147187349.4666481,363368587.28717804
2025-11-26,1434503086.2389183,1503195200.7862473,4274411762.064514,3493189336.5951157,1023702482.3728561,11659976351.265793,40430241480.41168,59157856101.00891,2840089781.298485,313198320.79704285,145759931.33468628,353653463.7246704
2025-11-28,1413363571.5018654,1476688340.5537033,4139438384.5999146,3453306443.9348984,1018620624.642601,11352243592.675552,39218740149.513855,58252140980.545654,2831525750.158272,315158078.5733032,140846348.9150238,338471373.48545074
2025-12-01,1381385697.3080635,1487584888.5827637,4153352296.15448,3455185477.7277756,1019572639.1044235,11347524865.708466,38400093113.85101,57368571061.76727,2868110701.310463,305508478.88671875,139207140.3845787,334904453.51737976
2025-12-02,1390230072.2841454,1504325815.6234741,4176497966.740265,3395998750.0803375,1016501176.5767288,11384010793.506088,38920218677.04529,57553998459.01276,2810036937.8804398,311489991.1972046,138371425.90507507,327298018.7625122
2025-12-03,1366133428.543644,1524218386.9289398,4119999772.0396423,3340936869.089737,1020180256.7936325,11378332136.02768,38437131782.82654,56869062538.84064,2795848971.4544296,311207187.22953796,138015941.1812973,323748833.37875366
2025-12-04,1344169639.6560478,1531750064.0457153,4097589612.057953,3313513143.532181,1007309722.1538162,11417079275.694885,38386010903.77228,56472263659.2511,2713305300.9199524,313580859.7607422,135617077.18559265,332380620.6864166
2025-12-05,1331411441.6889381,1531601063.6104584,4154047397.4378967,3252479758.90419,1014204093.1074524,11392718074.601135,37859133640.947876,56340096024.34296,2710319866.8354797,314501374.3317032,131313699.91191864,334465838.7310028
2025-12-08,1322478122.54879,1530628493.192978,4081833296.2683105,3237980417.2977448,1029506952.1336746,11095796749.38942,36724995719.91333,54865484643.35632,2724357608.188095,312410570.91602325,127783594.73848343,328538156.5644455
2025-12-09,1294610887.3760986,1532007684.6811676,3950423462.242584,3155704444.9004364,1026679187.6866531,11093883749.003983,36145781321.450806,54277641900.130615,2730067879.7042465,314226949.8724365,125629689.81492043,331754998.3569336
2025-12-10,1327203746.7419243,1570578631.5672684,3923599081.351166,3296650744.4701767,1066334856.5220261,11408526074.177322,36477029188.06641,55201976374.28528,2848797034.7613907,329411242.8186035,128617016.11466408,337695170.45059204
2025-12-11,1320658574.6341705,1616227916.299324,3831888452.8245544,3300121740.2871323,1073283425.9671402,11519822524.178848,36825134093.73047,56035332740.460815,2860622190.1737976,341104654.7364807,128541943.45537186,344293818.1240463
2025-12-12,1321542787.2591972,1638665999.6518707,3860134716.2983704,3270648933.787079,891431087.1663284,11474014211.299744,36960614917.22992,56413221296.363525,2913951016.9968414,344779807.65727997,127533454.1274929,344831035.9064865
2025-12-15,1324266222.9395866,1665340969.1755676,3798960261.867218,3225925441.591835,867159077.8027725,11325513147.500992,36038139664.55536,56251737180.372925,2869480387.835884,351314401.5363312,123865596.66630745,345954797.52635956
2025-12-16,1358925916.7762184,1716923687.246437,3734043289.864044,3169245370.841713,871060888.9292526,11217852401.06102,35798803516.0788,57373890704.23859,2934332656.2688446,360862486.2057495,119193420.91404915,344466073.97880554
2025-12-17,1374630328.9479065,1777911500.86792,3796461682.9956055,3143365058.412781,856496239.2383957,10956284845.936584,35436758068.89465,57310220818.072815,2901653311.9498825,366639914.44747925,112365120.1420021,342045783.0630493
2025-12-18,1398793501.70578,1848797216.0534668,3826506764.421997,3219800748.5723495,829713573.4358978,10776547955.05333,35645328551.28723,57843079904.83246,2958220861.6617966,365499457.98072815,106767523.19574356,341214437.3537445
2025-12-19,1392422352.9667282,1877035538.7654495,3826999834.3302917,3101852143.486862,814267832.239685,10235502171.884537,34065724653.781128,56001247184.85565,2977611663.6288834,359677415.7635498,93464064.76240158,336360058.26942444
2025-12-22,1345556509.8249435,1829864570.1319504,3869968866.4297485,3006198939.4961166,776848391.9490814,9583440048.810272,32377688143.66577,54319401838.75641,2904575119.8957443,350664497.6809311,79623482.37013817,326794300.2443695
2025-12-23,1325406133.1900978,1824834150.2791595,3951111147.5372314,2950298053.4900665,768102387.4914551,9466697576.447144,31839804987.153015,53870515779.96277,2913595799.600792,347002680.83431244,76663468.44016075,329363785.81378937
2025-12-24,1284623637.8442001,1761157326.2438965,3890651626.501465,2771711079.7850037,743124463.6779022,9057449061.617737,30668571421.97754,52510992377.78534,2865392001.855774,332216074.59072113,73388705.29074669,322616928.64665985
2025-12-26,1256619380.6289291,1743551330.8403778,3933013583.4283447,2707571434.4067,722760518.8277054,8850571006.946945,30272512735.80139,51517018935.469666,2829178452.0357895,335468059.55322266,70160089.62170601,317027180.6800461
2025-12-29,1267668813.407917,1785276742.4132538,4205990336.387329,2679102766.7682266,709551210.3528976,8930891114.240036,30567151289.787292,51989490332.52777,2777576393.470726,333114015.38871765,70743298.13160896,321175119.8220062
2025-12-30,1287414463.3308601,1760854394.978447,4191191673.0926514,2582019320.726013,682209551.5429688,8754093519.02977,30272723553.560486,51536357893.48175,2681857453.609047,325362172.6852417,68069427.83881187,319791351.12609863
2025-12-31,1281868286.6702843,1825840896.6477585,4236297041.8551636,2499055633.8848877,679673997.5606918,8799053631.80252,29831247790.975952,51923417037.45514,2717997039.1316605,310782442.658844,66809331.12393379,322152818.24848175
2026-01-02,1344251425.3333282,1964153319.7166824,4290294736.496582,2473762506.3936234,678333907.2969437,8887739510.367508,30237054539.779663,53019109582.293396,2790341048.937607,316852523.4482956,65220483.322610855,323407829.5120621
2026-01-05,1410649645.2848625,2021620874.9639893,4433639040.595703,2489487847.116661,677225573.4667587,8855791340.706177,30219934573.00537,53376155748.06213,2809197117.3822403,320235935.72345734,65468553.50449562,326191246.4743805
2026-01-06,1441564638.3325768,2018735624.9038696,4491539352.679138,2495122030.315895,694834746.772728,8914553729.679718,29890777875.264893,53065289226.206665,2834804945.760536,323298670.04959106,64085929.17054176,330762621.5500641
2026-01-07,1439894237.9903412,2030551884.5098877,4576747719.065857,2433251496.4949036,663335045.1533508,8972722025.547638,29936091507.67578,53785338244.68506,2868145691.540146,330490138.57128143,64735954.575567245,342487957.54657745
2026-01-08,1470737224.6368027,2024853277.5211716,4632699237.30545,2446148476.443062,656048726.6119385,9084459148.377228,30340112032.323914,54005721621.7038,2878185124.5868683,342754550.076561,65423630.120010376,346999321.30153656
2026-01-09,1465679472.4075508,2003967240.0280762,4745643820.677338,2364458721.364212,641618185.8932877,8908598253.158264,30172687876.96808,53850607490.16022,2923304330.264435,335168886.2443161,63844710.649204254,345025329.2686081
2026-01-12,1542766536.3069153,1988749768.6354446,4965948067.598877,2285085093.1212616,630730472.6942825,8749736857.437744,29526298079.440308,53117513212.97089,2963038311.8961334,326213348.429451,62259215.85006714,337047400.2761078
2026-01-13,1559848165.9762,1979141178.8835526,4985599386.221619,2216320252.0885086,627473465.5773544,8464308367.848892,28618266884.291687,51993887027.13562,2893737643.516617,347248548.672142,59367521.134586334,333916459.74220276
2026-01-14,1612289244.0758324,1969845698.8532639,5150934078.880615,2272573441.4748,633381724.5791245,8412241678.264465,29355146357.906494,52179170367.453,2941383105.956421,389829784.8520279,62402247.62201309,332600397.57270813
2026-01-15,1686306307.0092773,1953070792.4697876,5270483349.171753,2283455242.895851,627345033.9663696,8318174733.900223,29347132013.33313,50751773301.484985,2929847249.4971466,384166402.573967,61316978.11035156,333763269.3225479
2026-01-16,1680946404.9243164,1882824820.2416992,5503051551.8055725,2345968675.4245377,656933348.4762573,8296602794.590378,29125954176.230164,49796163213.064575,3023468996.611061,375113547.9249573,60172318.92375946,339512468.35674286
2026-01-20,1707148827.095642,1872694773.6309814,5732972975.725403,2292128580.8887863,685891792.298851,8439209334.963608,29219331470.614624,49913128130.64392,3135341360.9718323,386502416.08078,68834394.45610046,343734821.121788
2026-01-21,1758178177.7735138,1854058878.7942505,6396815674.210815,2323364230.901909,714716816.0297012,8694034362.682724,29817880580.185547,50764395951.82617,3191935509.4077682,388621387.6893616,73485755.40225983,353296277.50995636
2026-01-22,1798517301.1008453,1860543238.8131714,6541804492.884369,2316947944.2305756,740644738.5172272,8654361281.981659,29776413100.823364,51037656391.66992,3264683549.6804047,390821251.50959015,72609078.12709808,355127306.4506149
2026-01-23,1822920226.0569954,1864847099.5597458,6762021162.621307,2372930001.6815186,754975219.9171066,8903091503.116913,29856109979.492798,50980720916.26709,3275470333.910713,398526491.6447067,73761797.61709213,350622559.23439026
2026-01-26,1908707422.1805573,1912204183.2797623,7417260320.328827,2438201368.4078217,768288665.8095932,9172983641.945343,30403953991.31958,51709824396.33545,3331772886.4775467,409405794.8413086,75487608.09915543,352057584.9691391
2026-01-27,2064517754.8830223,1967243702.2281647,7874701245.70694,2485936324.890442,798171498.075943,9310361948.886642,30730411736.488647,52201106518.97827,3369013966.9908905,418261789.06101227,75850792.55685806,357316738.2995987
2026-01-28,2170695460.5823135,1997152029.4499588,8554419726.806183,2539662872.6909637,854426867.1110535,9483494044.071121,31326335161.20758,52176677260.305786,3408385474.1794586,433597400.5706787,76861310.56865692,365777660.8270645
2026-01-29,2316432007.1388626,2068121545.4070663,10086333097.997437,2610990393.594475,887003972.9879379,9786267062.35176,32871503254.480286,53930330343.81775,3488405482.6284027,477680996.6164398,80193546.60377502,385868558.2719803
2026-01-30,2479133700.920639,2075493161.3453293,11810808965.494385,2778325164.6896744,893688512.1528244,10117874005.30037,33659403663.289795,54920369677.86011,3528106194.7618103,516075460.8654785,82891037.1326828,392103264.68307495
2026-02-02,2503366602.8388214,1978910340.0546265,12493238960.190125,2836094097.414818,904735216.4674377,10182276480.714188,33298578697.191162,54625775401.06079,3516935829.821663,530975534.0771866,84183246.55322075,400073356.8803787
2026-02-03,2520426631.7258835,1975204129.9746704,12871138773.855438,2879104730.58815,898026893.7522888,10425535754.40216,34353233666.489258,55866068309.20776,3504726479.733696,555638170.2373123,89226097.07101822,397337558.07769775
2026-02-04,2584248889.5846176,2032898882.1191406,13185126114.659424,2922971236.386795,871573771.4178848,10540233871.122437,35484975226.882324,57072956506.1676,3499094729.897995,605230788.9017105,95516327.15368271,393485139.29798126
2026-02-05,2656225507.918911,2070733252.5704193,13359912760.318146,3113681030.7717514,890895230.776825,10734786540.083923,36749046010.35553,58309424025.34454,3543527660.226593,610173860.8894348,99954234.92816925,380527677.24544525
2026-02-06,2689964659.17078,2090402663.7135315,13469188214.308472,3143285997.49485,894875478.1885147,10818775078.481445,37560654826.98181,59175393209.55353,3566836719.475479,612685121.927681,101351895.80810547,374368272.6834488
2026-02-09,2706639873.8771057,2115651129.4199371,13466772120.850677,3151153125.1675797,884942233.6746979,10734628933.807526,37747936475.66589,58959536702.86957,3426426421.780014,604203683.9520264,102010389.9365139,369991527.4279022
2026-02-10,2667511416.229973,2127235241.1735153,13207215391.818542,3206209044.1144943,901247695.7197571,10691370878.969574,38223461014.19342,58991505351.03546,3433541416.1263275,609294865.6175995,102659512.04792023,374947679.6175003
2026-02-11,2685908844.228821,2146990000.853424,13117647935.082703,3205141759.5949554,908369658.6811447,10802286064.298859,38625359438.85681,58917146782.27936,3462762702.283325,610684395.6578827,102745668.89127731,381578218.6220169
2026-02-12,2701716983.9297485,2200134130.3308105,13190217685.95459,3226983050.913086,936083380.8136368,10930758983.786163,38819945009.77692,59692706949.618835,3505526676.03981,575145171.4481354,104459499.31163788,399980551.992836
2026-02-13,2648967712.661915,2195860835.58197,13174410303.006592,3251744818.6323547,962802132.8159714,11082258478.688202,39225975715.807495,60276165042.828674,3591548820.3265,581779742.0769501,112217998.31240654,400847157.86563873
2026-02-17,2676255469.831257,2205040565.4367065,12979049723.554382,3185885839.9533844,947688149.6953201,11076232591.921082,39403807794.15588,60311571325.62134,3535159722.575531,601013325.4501724,118740288.51119995,395884179.51553345
2026-02-18,2661913164.492798,2157969859.940567,12747548121.27533,3168101684.4399643,921049880.8194733,10923478148.428802,38858508425.33203,59061059144.30725,3411129514.47567,614486504.4010544,111607540.95714569,394428889.1717911
2026-02-19,2649351594.916458,2112415837.5507355,12079571421.59851,3119226360.210724,888670776.6542053,10532576158.499603,38239246041.77063,56699594577.14783,3318538194.539032,646522505.5233383,108774551.96502686,379171685.402565
2026-02-20,2725818605.004196,2164108208.4189606,11980141652.77832,3130381820.6396484,894212491.9993973,10681836387.845612,39181987468.43109,57487292470.319824,3354371601.5078354,666772885.7299805,112745431.04269028,375006828.923378
2026-02-23,2745170112.772217,2154440744.065323,11906775804.11377,3112104077.9169464,903158306.4900589,10690361955.120392,39741984514.15222,58399115721.49078,3347789663.5145187,670736490.0114441,114756448.93054008,379371676.2641907
2026-02-24,2771810621.0744286,2169882750.492592,11448878869.454956,3222330160.16819,916598682.2095871,10725575550.250397,40287762227.55768,58838456764.93591,3289847166.115608,697256505.1959229,114953229.31638718,383723938.86428833
2026-02-25,2717953777.6478577,2147503883.9817047,11079786613.78952,3248023554.5687866,912168040.681572,10712682020.175323,40773783204.02496,58861762138.8443,3243082981.2220383,700036634.8160934,115242862.99131393,384802438.7212372
2026-02-26,2723078381.738968,2186432382.4046707,10283372427.177277,3323218898.2391357,871333674.6125793,10771526772.201538,42095514103.003845,59203070762.26593,3207579594.5256424,749790053.2291794,117061189.91502762,382591421.85417175
2026-02-27,2618490947.3571014,2172754662.077446,8954675464.2807,3418863905.93338,867384284.4721985,10724398200.831757,41649198299.40643,58680336236.52161,3248245396.1110306,747446828.4254837,118168784.36201096,372283175.27130127
2026-03-02,2544769985.567398,2228290438.8079453,7516143220.178223,3475705552.550125,913488604.9618912,10662192768.749084,41895688899.72687,58161879610.63965,3297748161.2044525,883522194.0203476,120667697.80522346,377489660.22312164
2026-03-03,2703941402.732849,2378832943.472252,7155952526.762085,3770656133.54908,936906368.1034088,10870717426.98944,43275880427.92633,58972578507.86713,3363938427.525711,1078634231.9479752,131831606.2483406,376833565.6769562
2026-03-04,2799571509.997196,2414384886.0588455,6739534238.653717,3807572759.326439,962410384.3959808,10651476373.525085,42939005706.486206,57970237455.33539,3453735172.367897,1166739403.3096695,130551710.75939178,373890104.752655
2026-03-05,2884170903.027687,2454679581.769066,6457156278.063049,3952554956.258354,988254150.7066727,10790486616.520386,43187356207.74475,57992206966.88721,3492988662.7895355,1326363944.4896698,133401758.39832306,377822102.9227829
2026-03-06,2894939317.0745087,2476445435.364876,6314043837.359314,3976570258.424797,991841391.4065933,10977396946.982117,43108167422.87018,57530409624.54895,3530404405.090828,1677141791.4737701,142794382.82188416,382970391.4886093
2026-03-09,2971977503.563671,2571490074.436035,6234266117.230988,4163846268.9572906,1013090745.4745483,11230797399.62349,43557040626.67816,57932428990.11383,3617223974.1312027,2401484477.4480057,157189559.61533546,389367892.1821213
2026-03-10,3030322472.6778793,2687221468.3421707,6176095301.990051,4295593017.77504,1024793350.8662033,11549506912.99736,43759229860.16785,58127448874.78882,3722581098.0542755,3105676601.2174225,163133025.7416916,399085386.2647629
2026-03-11,3037465232.754631,2704731120.1103973,6173470403.51593,4381011272.941475,1036264822.6466751,11857438482.718582,43936268931.57532,58185781458.80524,3795343688.685684,3517371383.2154846,169576773.28155518,400737668.067894
2026-03-12,3070855744.067669,2765453794.5401,6189180747.684631,4540602900.585899,1046977357.2838974,12066964421.816788,44285052702.97272,59164989183.96484,3845120958.193283,4031002216.9725037,175866323.82220268,398227010.44029236
2026-03-13,3060657681.6055107,2745770619.847145,5997308706.128235,4616170978.730736,1040412863.437233,12113669554.12468,43716960128.619385,58340375614.39636,3818123152.9094696,4360546488.772202,177200905.05709648,382434131.848526
2026-03-16,3043907836.784954,2713491368.794594,5917792765.712891,4695854874.955101,1027620913.2014465,12124042661.7984,43107875186.63727,57805495661.397705,3728438014.7257614,4721625309.664078,174518659.74354744,380167904.5353699
2026-03-17,3001318303.0926514,2692167218.592491,5846572885.183258,4742861191.338005,1020599111.6371918,12189132234.031982,42455509980.66742,57949307980.77911,3670029947.925911,4924736969.550552,170783412.55221367,376793689.67891693
2026-03-18,3016637850.4811287,2736294732.491951,6020865655.834961,4804599476.3965225,1045124026.568985,12245514945.196686,42179567398.965454,58137711987.59979,3675405569.003792,5313824795.600433,177506432.5511837,370327762.7544403
2026-03-19,3047178272.7744102,2819987184.5222855,6471595536.192627,5094042891.706123,1108499204.4184875,12568492106.04187,42580764099.609985,59792580090.16266,3809166393.771553,5830303637.498398,185334302.30872154,379237715.304718
2026-03-20,3089573924.78281,2896666945.7001877,6698448399.129639,5366066277.578468,1152193897.6756287,12874880281.406708,42999751477.84393,61654722536.39374,3925137572.785568,6094183510.076599,192201598.5132599,393419340.2317047
2026-03-23,3151862346.761799,3016275767.471504,7022102707.1154785,5540956525.642815,1237987341.738472,13276143685.76355,43725219001.50665,62987257380.546875,4073534705.8756256,6573971606.09787,202888870.7958889,403894198.37638855
2026-03-24,3118102871.5699196,3033283649.178276,7039564275.444336,5603426475.817108,1285093052.5341415,13379787146.774902,43741213142.292786,63606498683.73688,4182906958.407593,6809437428.7862015,214021022.96848297,403287753.3867264
2026-03-25,3089295425.2871895,3053817846.3319016,7059985439.560394,5681601423.810463,1318125137.8478622,13610787198.451157,43802960289.81995,64632711090.6134,4240553712.9408264,7021321247.806244,219003525.9224701,409983621.00315094
2026-03-26,3044910911.716213,2997492124.189186,7080174895.902863,5756594404.413834,1339053449.0314102,13643041020.995407,43215461379.62372,65280008893.53516,4277738535.8348083,7195215995.127983,222034993.67298126,418919170.6497574
2026-03-27,3042465476.176605,2967981575.057411,7017744239.272919,5773767179.987831,1344207208.7274933,13697610780.662613,43475523218.977356,65715368648.99994,4217586099.7233963,7349330510.722618,226751810.65725327,415951739.7861099
2026-03-30,2986968849.0831375,2849247347.3936844,6802831991.329346,5694559924.208107,1331874873.3248138,13607927905.829544,43161169021.33087,65858017193.34015,4128699260.8538055,7429996147.928963,228408145.42054176,413879821.9499588
2026-03-31,2879619907.9649925,2778867225.4455566,6586730937.84256,5626555255.671883,1354081610.512085,13565075445.719986,43013819835.70465,67252266578.7088,4101477333.70636,7577178652.869072,225019357.58042336,412933149.66838837
2026-04-01,2807733122.7495193,2756989491.2036133,6660551260.213165,5668076558.742371,1357991728.550415,13708608666.332016,43170662726.2323,67751346561.15692,4027720758.6837387,7727884320.150566,223843767.93502808,414142650.26786804
2026-04-02,2668557553.337879,2671896765.413971,6621162694.447479,5565608871.803207,1360107595.109024,13316888624.405594,41937457324.842834,66374764669.92798,3970539421.7364883,7941287660.517998,219969405.83473206,407341225.0985718
2026-04-06,2566418852.921295,2594989721.5309525,6488646845.022278,5390435253.872261,1328106516.1835098,12793812221.005325,40387497293.230286,64292750971.7511,3780102747.2260666,7764250857.009239,205794424.58410263,397575486.76116943
2026-04-07,2457368516.0985756,2508246066.58329,6436852171.724548,5227467915.6850815,1301949940.9033585,12408349286.638565,39034340078.01422,63130032260.03143,3646954475.2371597,7365929637.759895,195140564.85463142,389001268.18115234
2026-04-08,2444358424.504261,2401612245.1312256,6417601242.826691,5193925664.097862,1308863998.1828308,12309903536.65947,39001356532.542114,63540735667.44629,3531054571.7184067,6975956717.929649,190582860.3521347,388612452.43045807
2026-04-09,2447114076.922703,2372651072.0553207,6386227734.685669,5137875101.450806,1303365845.1438904,12024784079.628983,38332237374.0036,63175832836.58234,3377478249.2647934,6819413871.706886,184868052.7538967,385002961.5049362
2026-04-10,2358656136.059742,2249680600.0027847,6243783988.342285,5000747720.852394,1270309485.7083893,11554936628.72139,37230888305.946045,61000686832.23816,3224378529.4124603,6366075529.967728,178649975.59817314,379089552.25543976
2026-04-13,2297626261.933613,2216627089.3435287,6094033378.427734,4886660543.164787,1234793511.3484955,11207670992.68303,36377481864.13666,59653033020.49133,3093731598.2346344,6152172944.459,172692734.5014,370143746.75525665
2026-04-14,2265969534.6391487,2217271119.231682,6081985969.611664,4829271313.083763,1216565423.8780975,10928695577.958221,36475001571.51825,59122310873.64563,3004974844.5192337,5858822070.866165,168321556.40616417,363259153.8415909
2026-04-15,2274423124.224167,2182487220.733452,6049409725.383759,4831190595.797157,1208811464.116249,10712964173.111115,36652365537.55707,58248530804.58923,2985572478.733902,5705907564.058914,165789435.09918213,362598973.7763214
2026-04-16,2268314902.036209,2122747040.9954453,5758515113.964233,4784867108.318329,1178427267.303238,10598294224.141998,36340536873.58185,57297620672.420654,2909897161.982956,5360876175.160446,158622121.79439545,359255351.1908722
2026-04-17,2268603962.4679184,2046083005.8869553,5331051689.876709,4623745421.291199,1124031877.0088959,10505961743.564148,35837681369.70001,56148691133.19122,2777517890.0849915,5018930508.1798935,151104093.29223633,350506770.69122314
2026-04-20,2114248178.8083649,1902470919.7092438,4956045032.083435,4285501177.079773,1045193243.3503723,9896760329.143219,34367259631.146545,52395613975.259705,2506783592.439995,4809416339.238319,142845273.21876526,333912052.24731445
2026-04-21,2018926417.842369,1800661098.0116272,4416292246.233826,4209883289.5890045,935136628.599205,9366174110.303345,32999786115.043335,50059256451.12396,2295073916.795616,4455068257.513771,132513813.58161926,321757678.9548111
2026-04-22,1976268102.2255135,1744378400.3177643,4175803924.544983,4041729061.6783524,862019374.4903946,9084738158.317413,32538045697.26837,48425239742.01904,2134339654.7195053,4253557164.058037,121953024.6346283,317379497.05135345
2026-04-23,1975365973.9156914,1725561687.465973,3955992891.357727,4045023316.7930603,819107152.3306656,8963021000.423203,32067218194.246216,47440439055.37109,2062754019.7670364,4144779791.259804,122392142.15650558,311613869.87358093
2026-04-24,1940864873.062458,1705111828.85643,3768693494.4674683,3888257639.794121,784885030.5806732,8682652145.779037,31242578529.303284,45944775480.9375,1990643877.4484634,3990388798.5889816,118873799.73863602,294478054.74529266
2026-04-27,1881390436.3235092,1652322259.5050812,3556120895.718994,3722913579.8078156,750806142.0600891,8422685311.743698,30004189800.18158,43848912574.94202,1904373913.4845352,3833713452.628975,111515629.00118828,287197076.21486664
2026-04-28,1858111547.1597862,1632313750.6432343,3446005429.776764,3653706029.2625427,701227124.7097778,8139474138.831253,29157017335.360107,42250372385.999756,1810661001.5457535,3654281126.217766,105808699.29440498,277094700.77220917
2026-04-29,1740727082.436161,1497759350.4888153,3267976215.6985474,3481997894.9598694,647195475.4705048,7813206819.542465,27441371706.28784,38788647716.54083,1732507926.3879013,3392048307.556267,98215643.91287804,269083071.82704926
2026-04-30,1697524960.7691574,1449642777.7176666,3101209422.055664,3413556120.6921005,632225307.8429413,7579815542.565689,26477947611.377563,38001359954.5874,1720341294.5331192,3189126520.8550644,96467285.67566872,267426371.57772064
2026-05-01,1675106895.118599,1438912644.4719696,2993580685.106201,3376003735.4688644,595329142.4024582,7602260460.701065,26308550466.39679,37312741607.48779,1667816411.0596848,2839277627.0658493,92562908.22346687,268185791.6035843
2026-05-04,1681321362.7339363,1485874141.5080261,3028817898.746643,3368933293.8365555,597528321.5360641,7720290611.353226,26437472189.99298,37887913048.11218,1719793218.5041428,2754536458.8723373,92184124.34483528,273831047.42450714
2026-05-05,1662016749.2927742,1451992038.363266,2961502989.1822815,3287641689.8954773,618727446.5690231,7630671968.12561,26232171196.5979,36920339142.02698,1699623505.7505417,2464511431.326103,86034335.36501884,271587394.4963455
2026-05-06,1629121203.0664253,1415942752.4578476,2902115236.9270325,3208456932.2504425,604123800.4514313,7357937450.796814,25670045066.16272,35714761512.60071,1700270046.856575,2221759906.6614914,84652703.49712372,264117528.63254547
2026-05-07,1637070486.329403,1438407035.926094,2901474312.245178,3206734981.4245987,578235633.6920166,7407447414.290466,26036431519.3161,35664612537.454834,1709228296.1211777,2048400355.9560776,84759590.58930397,259522277.02438354
2026-05-08,1668585843.4542274,1457638112.3752975,2882811927.1273804,3194653392.909584,572625019.0137863,7434498752.269592,26571947485.90393,35970129991.22284,1784129930.795288,1999124498.085785,83799094.25145149,258156340.72620392
2026-05-11,1643821361.5169716,1414460312.2309494,2883043056.042328,3178305035.0434494,571220858.0405045,7406343001.101379,26838425505.6427,35739228139.10309,1804782606.7884064,1898410186.9618225,83062726.76361084,267277218.66218567
2026-05-12,1694011908.5281563,1409939639.4167328,2832908609.4018555,3159599381.352043,573013790.6993484,7467286865.877075,26891508118.974,35535444814.383545,1849918454.5490265,1851242914.5183563,84041691.76237106,269448474.9148178
2026-05-13,1699847594.1980171,1414215208.5276031,2780711283.9601135,3101608500.322151,562755142.8830719,7468552983.370972,26724794575.46295,35138740029.384155,1895659931.543045,1799239957.6887512,85837294.70705986,280543598.5518646
2026-05-14,1670427822.4259377,1392692288.4693146,2748886800.133972,3059910671.160774,555684057.5335312,7300462870.03952,26569151927.67517,35080597501.483765,1916731650.0323486,1747775861.7552185,86125919.31426048,282999631.4612961
2026-05-15,1636825404.3992043,1393456098.453865,2727643265.489807,3029289377.2388077,580904685.480957,7151605717.274628,26669597981.31317,34805007873.74725,2000166487.5816345,1566888173.6574936,86559201.17144585,291764813.25660706
2026-05-18,1695792596.152439,1408063802.4545288,2658104314.9301147,3097532386.147499,601652314.2557526,7208519123.678284,27226803970.540466,35028303170.98114,2045726122.4656677,1555158342.7088165,87505685.45601845,293986212.2292328
2026-05-19,1734967715.8314705,1383772937.9633331,2565992286.458435,3034027208.341522,625202930.2101898,7179423727.273407,27593800419.89807,34944006309.99115,2106601317.7722168,1447863366.2100983,86261306.02007866,288581834.3708801
2026-05-20,1778837846.2375832,1417843335.357895,2578625641.7974854,3155917648.8098145,675052386.2515259,7340431760.786438,27681138195.303345,35127830032.4292,2233227063.611145,1454393563.612442,87409153.18739891,288589966.7604065
2026-05-21,1770000093.17564,1412870463.8743591,2568947839.6362305,3106982013.867798,679130592.1261597,7334870402.1492,27676011634.076538,34748169060.27649,2246918402.3168945,1397908784.0163422,83703060.32799721,284269964.35863495
2026-05-22,1787520977.6264,1403120765.6378174,2555005149.810791,3062427462.927246,682637148.1962204,7376419572.927246,27352141977.41455,34692421678.184204,2268985513.930702,1356852779.4680786,82498201.84466362,291874834.8863983
2026-05-26,1827633749.111042,1419437215.1610947,2529313803.939209,3085414647.9226685,689224743.5520554,7408067999.409485,27516157280.978394,35049958755.5426,2282016780.4849243,1361452023.4396362,83956000.23887634,295416821.59599304
2026-05-27,1871828246.278572,1429704794.4942093,2501688957.290344,3030696459.5706177,694187071.8561935,7433398788.20694,27675245888.755188,35095485116.82861,2319719829.715271,1333261867.2302246,83139976.51877403,293876171.59324646
2026-05-28,1918959109.1706848,1445775545.835762,2515289011.712494,2933599888.0177307,688279515.5604935,7379386858.952332,27833515047.466125,35174130862.63977,2304900420.532379,1270277907.8819275,81544996.27301216,294092051.65000916
2026-05-29,1926158215.8156967,1449555032.3810196,2533378185.398407,2884848361.2851334,684778699.9557114,7364692960.592957,27863099815.941467,34842002597.9361,2325129687.6531982,1245315099.5690918,83736991.07157707,292137587.93598175
2026-06-01,1965030330.8833313,1466463114.9702072,2534942222.7705383,2841271881.8339157,697358419.0599823,7305026109.097595,27801352472.676697,34945484861.423645,2346801997.9026794,1228819201.1161804,85643196.06801033,295105273.5718155
2026-06-02,1960433707.3879623,1405669277.7986908,2462632376.1172485,2803058940.0491333,738895822.9534531,7175534882.931519,27761683608.4494,34281575997.208862,2318718927.9663086,1143148029.371643,85100008.84152412,288136514.2083359
2026-06-03,1976623540.6046295,1404164922.6166916,2475867141.5882874,2810596579.00692,718983177.9944229,7243633499.720917,27995476977.979126,34881963144.39087,2306782812.7593994,1115076493.3999634,85246797.3180294,288357494.4616318
2026-06-04,1930937683.7617493,1380520661.3862228,2420279927.58255,2748665589.8243713,697091991.9683075,7263934780.448456,28156454282.6709,34816691892.25647,2278125735.5461884,1059782028.7140656,85571676.85998917,290809185.8729172
2026-06-05,1996396111.352539,1368246127.9551697,2500479970.476227,2753605358.7620163,716801336.1566162,7367912026.068573,30144508544.033813,36386707107.18262,2300242795.3404236,983418455.8376312,91126759.16342735,295231847.7303314
2026-06-08,1998236054.9754715,1374025454.3404007,2543824666.7559814,2735517970.165291,726581783.4396744,7435913267.827301,30265415439.8407,36467599134.44275,2265324164.4488525,962565054.9118805,91074703.18173409,297889990.3387451
2026-06-09,2086562633.7172318,1430108606.7316437,2609729676.821594,2736941845.771637,745082574.516449,7742847927.336121,32232269262.856445,38067486512.8775,2286026328.9549637,980410040.2893066,94490911.57755852,296036511.0250473
2026-06-10,2083638540.370903,1463719610.8629227,2726930167.8408813,2708976767.2550964,745545446.3115692,7909282893.575745,32875488989.651794,38255745772.21985,2259177859.750824,986820554.5043945,95176899.31027412,303228136.8961334
2026-06-11,2135856081.630249,1520003246.4648056,2880765424.963379,2796561468.6411667,782380269.7588348,8217536224.031677,34018787057.36084,39795825249.298096,2299259367.4217987,1031804320.3546143,95941683.03879738,298091972.9452896
2026-06-12,2199179519.1566467,1547964225.1123047,2940448875.3997803,2807728931.4883423,799781154.382782,8473145324.863129,34664128552.64557,40216787356.4563,2291540880.3388214,1051955253.434639,94707623.82634163,295873668.5484314
2026-06-15,2218101523.1469345,1531393858.2452393,2952883499.4558716,2720982112.6460266,759526758.2218552,8334781024.734955,34565985882.7655,40255143563.80737,2155968155.573921,1045925434.4611359,91896678.97145271,289596702.2411728
2026-06-16,2203502691.0850906,1513659340.923462,2954499550.532837,2666444265.9464264,742444582.8962326,8307443825.120392,34462151258.84064,41003319661.26282,2161138237.177391,1009801929.5141602,88224519.41298485,289304290.3663254
2026-06-17,2209064449.622574,1554884458.1788635,3102249889.6047974,2685102516.035881,749797892.5432587,8473746558.161621,34685939676.2027,42193891194.072266,2163930672.991104,999060834.1867065,88845376.44276619,292974074.2385483
2026-06-18,2280260085.5981445,1551411300.5119324,3124559558.375244,2615875804.5563126,712607837.7895737,8512921389.874878,35231161138.33038,43521629436.16089,2118460710.714798,947507660.5278397,86517868.51532936,292905215.00816345
2026-06-22,2275998763.3846283,1527959081.5594482,3177651039.625702,2572529498.9656067,697863962.8834152,8406380328.609161,35537358462.153625,43652054515.70679,2137090938.4440613,900277913.7054825,84270629.04603004,302399562.69989014
2026-06-23,2306114291.7743683,1555752378.1733322,3202675109.5072937,2602282725.75119,698895597.2463989,8463240555.356445,36254278100.625305,44550958267.666016,2101703094.55719,864687060.632782,84487697.32609749,300766176.35356903
2026-06-24,2296749266.8001556,1553011965.8753967,3330260381.261902,2635922214.7997284,697620073.1217194,8533345345.188293,36869556003.82782,45117422764.055176,2188673093.8967133,839564955.6132889,82780222.82788277,308816287.9426193
2026-06-25,2271084013.622589,1555783497.8085327,3363745886.1927795,2663127734.0727997,696302593.8056564,8590692048.738708,37368060339.48151,45521729387.5531,2212319948.2375336,818194207.3721695,82593868.52584839,316271411.63051605
2026-06-26,2239424058.285904,1594463202.1517944,3320154892.6071167,2645842220.9715652,694863858.0250931,8842451968.401642,37824742799.33014,46546755836.45386,2198404987.8421783,819693573.747406,82365246.63111687,321566336.07112885
2026-06-29,2192485923.312378,1562956634.0254211,3251705914.627228,2638821185.658798,677503871.818924,8823217997.273254,38067368743.17566,46619129711.95679,2142232872.662201,783584834.0442657,80142615.33020973,321102655.86299896
2026-06-30,2151599573.1433487,1561461517.814293,3222719832.1144104,2660655783.6396027,677569695.6837082,8828748592.989502,38361079838.15857,47045432928.01636,2163958374.3624496,728584380.0003815,76717572.57285118,328284427.22465515
2026-07-01,2186778656.5412903,1587509188.2070923,3311807351.294861,2712124262.1365356,642215789.0841293,8869784253.819275,38719377911.416016,47605380159.05426,2197459944.897194,718354135.0097275,76048465.12757301,343406740.33340454
2026-07-02,2222292584.7523117,1593200859.9985123,3352620065.2285767,2704348957.6498413,644950791.1473083,8766372540.559082,39038246150.06958,47811168998.3725,2221132045.9783173,696243864.7341919,75333336.35317802,348594222.28904724
2026-07-06,2230434847.719574,1592415784.75708,3331711308.2347107,2714642399.094658,645892278.4479141,8690006014.945831,38621899386.900635,47829706739.76837,2230204841.6205215,676118467.7080154,73163330.59819221,352404056.7198181
2026-07-07,2136298092.7174377,1562966099.649086,3195278671.9859314,2646546138.3406067,627029070.7529068,8454285423.259735,36621261905.11322,46007069332.854004,2222990808.406868,684960508.8448715,66791315.65141678,348715513.67557526
2026-07-08,2109790337.8232193,1539015175.9310913,3179929343.8290405,2669279811.531296,627844622.899971,8421042097.683868,36192462366.318054,45820081372.05017,2235213982.9195023,733499655.7901001,67641253.13659668,364869163.0334091
2026-07-09,2037267277.8333282,1467625291.158142,3082898599.3717957,2619009999.2708206,605523702.3643112,8072043375.177002,34159504194.842224,44154635583.35205,2217989839.0655136,702401123.4075546,62539605.3170681,360174394.73796844
2026-07-10,1979056023.4986115,1397178814.1500092,2924349959.3055725,2596834931.2257385,608885402.1837997,7754482930.085754,32854154172.3938,43564206299.55719,2189148491.5478516,676302133.0752945,59630311.7708683,354197976.0895157
2026-07-13,1921854867.602806,1348483991.964531,2811997492.481537,2505420199.4763947,582757864.1013336,7438079900.277863,31583349190.065918,42036513232.09381,2117111597.9698944,674504254.455719,56951644.41924095,352337404.2998886
2026-07-14,1848464768.479271,1326606063.5449219,2783705442.639618,2499110387.7493286,566030002.5666809,7205051952.974396,30799559532.948303,41246098842.595825,2118471270.1142883,682417516.4908218,54722816.26538277,353899430.0292969
2026-07-15,1815403692.9203796,1292274301.924057,2719022035.8792114,2479098410.099945,579816731.4935303,7131626561.0824585,30234754195.918884,40635511875.90637,2118308415.658989,685461592.8384781,53415706.300611496,350405547.6863861
2026-07-16,1777253838.657608,1281175849.0779877,2764761408.5476685,2472519350.877838,580481203.8738251,7139848495.207214,29972433207.02942,39866919624.76196,2092298312.4959946,664658207.6760483,53101250.88084221,353954797.9867554
2026-07-17,1764612417.226982,1230347696.6468048,2624440715.957947,2452630128.6120987,562036217.6189041,6983759995.339508,29989093989.39453,39019396728.77869,2037143998.905182,670124382.6796722,53246328.12726021,355464507.0314789
2026-07-20,1648882930.1113892,1225684094.8384857,2548902250.2171326,2367676976.301384,547589192.0236206,6804171042.8263855,29167075303.31787,37870635055.4245,1999218522.7087402,680211323.8313293,53353223.96471977,353672091.02020264
2026-07-21,1626876437.4538422,1226634923.6603546,2512003274.760742,2370645993.861389,539169537.4916077,6734008608.546295,28756965326.399536,37419369863.802795,1936348463.9369965,693887060.5844116,53812348.11102867,346574105.78006744
2026-07-22,1539205853.199463,1213957623.3580399,2507464912.317505,2350954247.9452896,524617823.9203644,6618763866.691132,27688718654.348755,36194601197.49115,1920838608.6561966,720508700.8909225,51871387.5246048,340499599.375
2026-07-23,1503958789.9573898,1214830582.8834534,2456770220.76828,2404790571.763878,523387094.9243927,6599467937.002563,27347339125.932617,36134889561.936035,1859957276.7635727,782547570.8573914,53235710.6930542,327150041.30844116
2026-07-24,1485789094.1569138,1193785231.0851288,2359615953.196411,2454460068.038063,520477791.136055,6474809743.272858,27035157201.984863,35809226245.45532,1799342447.1523666,810491663.1156921,53280001.62443161,323796398.2771301
2026-07-27,1479190259.206028,1133312023.8666534,2324244453.7817383,2459317166.1624146,512904139.10274506,6162449920.076447,26827640717.786255,34752250468.21289,1804850079.5541,818509604.5066833,53168190.93243599,314257945.6204605
2026-07-28,1506844088.656826,1127273379.5204926,2320988595.3163147,2444500652.5835037,500480789.223938,6092377810.048218,26936630871.039124,34355002528.153076,1826931914.764862,850842939.0916824,51897420.49635887,315485446.3787842
